/* SPDX-License-Identifier: (LGPL-2.1 OR BSD-2-Clause) */

/* THIS FILE IS AUTOGENERATED BY BPFTOOL! */
#ifndef __KFSTRACE_BPF_SKEL_H__
#define __KFSTRACE_BPF_SKEL_H__

#include <errno.h>
#include <stdlib.h>
#include <bpf/libbpf.h>

#define BPF_SKEL_SUPPORTS_MAP_AUTO_ATTACH 1

struct kfstrace_bpf {
	struct bpf_object_skeleton *skeleton;
	struct bpf_object *obj;
	struct {
		struct bpf_map *pending_requests;
		struct bpf_map *rb;
		struct bpf_map *pending_mds_requests;
		struct bpf_map *mds_rb;
		struct bpf_map *rodata;
		struct bpf_map *rodata_str1_1;
	} maps;
	struct {
		struct bpf_program *trace_send_request;
		struct bpf_program *trace_osd_dispatch;
		struct bpf_program *trace_prepare_send_request;
		struct bpf_program *trace_mds_dispatch;
	} progs;
	struct {
		struct bpf_link *trace_send_request;
		struct bpf_link *trace_osd_dispatch;
		struct bpf_link *trace_prepare_send_request;
		struct bpf_link *trace_mds_dispatch;
	} links;

#ifdef __cplusplus
	static inline struct kfstrace_bpf *open(const struct bpf_object_open_opts *opts = nullptr);
	static inline struct kfstrace_bpf *open_and_load();
	static inline int load(struct kfstrace_bpf *skel);
	static inline int attach(struct kfstrace_bpf *skel);
	static inline void detach(struct kfstrace_bpf *skel);
	static inline void destroy(struct kfstrace_bpf *skel);
	static inline const void *elf_bytes(size_t *sz);
#endif /* __cplusplus */
};

static void
kfstrace_bpf__destroy(struct kfstrace_bpf *obj)
{
	if (!obj)
		return;
	if (obj->skeleton)
		bpf_object__destroy_skeleton(obj->skeleton);
	free(obj);
}

static inline int
kfstrace_bpf__create_skeleton(struct kfstrace_bpf *obj);

static inline struct kfstrace_bpf *
kfstrace_bpf__open_opts(const struct bpf_object_open_opts *opts)
{
	struct kfstrace_bpf *obj;
	int err;

	obj = (struct kfstrace_bpf *)calloc(1, sizeof(*obj));
	if (!obj) {
		errno = ENOMEM;
		return NULL;
	}

	err = kfstrace_bpf__create_skeleton(obj);
	if (err)
		goto err_out;

	err = bpf_object__open_skeleton(obj->skeleton, opts);
	if (err)
		goto err_out;

	return obj;
err_out:
	kfstrace_bpf__destroy(obj);
	errno = -err;
	return NULL;
}

static inline struct kfstrace_bpf *
kfstrace_bpf__open(void)
{
	return kfstrace_bpf__open_opts(NULL);
}

static inline int
kfstrace_bpf__load(struct kfstrace_bpf *obj)
{
	return bpf_object__load_skeleton(obj->skeleton);
}

static inline struct kfstrace_bpf *
kfstrace_bpf__open_and_load(void)
{
	struct kfstrace_bpf *obj;
	int err;

	obj = kfstrace_bpf__open();
	if (!obj)
		return NULL;
	err = kfstrace_bpf__load(obj);
	if (err) {
		kfstrace_bpf__destroy(obj);
		errno = -err;
		return NULL;
	}
	return obj;
}

static inline int
kfstrace_bpf__attach(struct kfstrace_bpf *obj)
{
	return bpf_object__attach_skeleton(obj->skeleton);
}

static inline void
kfstrace_bpf__detach(struct kfstrace_bpf *obj)
{
	bpf_object__detach_skeleton(obj->skeleton);
}

static inline const void *kfstrace_bpf__elf_bytes(size_t *sz);

static inline int
kfstrace_bpf__create_skeleton(struct kfstrace_bpf *obj)
{
	struct bpf_object_skeleton *s;
	struct bpf_map_skeleton *map __attribute__((unused));
	int err;

	s = (struct bpf_object_skeleton *)calloc(1, sizeof(*s));
	if (!s)	{
		err = -ENOMEM;
		goto err;
	}

	s->sz = sizeof(*s);
	s->name = "kfstrace_bpf";
	s->obj = &obj->obj;

	/* maps */
	s->map_cnt = 6;
	s->map_skel_sz = 24;
	s->maps = (struct bpf_map_skeleton *)calloc(s->map_cnt,
			sizeof(*s->maps) > 24 ? sizeof(*s->maps) : 24);
	if (!s->maps) {
		err = -ENOMEM;
		goto err;
	}

	map = (struct bpf_map_skeleton *)((char *)s->maps + 0 * s->map_skel_sz);
	map->name = "pending_requests";
	map->map = &obj->maps.pending_requests;

	map = (struct bpf_map_skeleton *)((char *)s->maps + 1 * s->map_skel_sz);
	map->name = "rb";
	map->map = &obj->maps.rb;

	map = (struct bpf_map_skeleton *)((char *)s->maps + 2 * s->map_skel_sz);
	map->name = "pending_mds_requests";
	map->map = &obj->maps.pending_mds_requests;

	map = (struct bpf_map_skeleton *)((char *)s->maps + 3 * s->map_skel_sz);
	map->name = "mds_rb";
	map->map = &obj->maps.mds_rb;

	map = (struct bpf_map_skeleton *)((char *)s->maps + 4 * s->map_skel_sz);
	map->name = "kfstrace.rodata";
	map->map = &obj->maps.rodata;

	map = (struct bpf_map_skeleton *)((char *)s->maps + 5 * s->map_skel_sz);
	map->name = ".rodata.str1.1";
	map->map = &obj->maps.rodata_str1_1;

	/* programs */
	s->prog_cnt = 4;
	s->prog_skel_sz = sizeof(*s->progs);
	s->progs = (struct bpf_prog_skeleton *)calloc(s->prog_cnt, s->prog_skel_sz);
	if (!s->progs) {
		err = -ENOMEM;
		goto err;
	}

	s->progs[0].name = "trace_send_request";
	s->progs[0].prog = &obj->progs.trace_send_request;
	s->progs[0].link = &obj->links.trace_send_request;

	s->progs[1].name = "trace_osd_dispatch";
	s->progs[1].prog = &obj->progs.trace_osd_dispatch;
	s->progs[1].link = &obj->links.trace_osd_dispatch;

	s->progs[2].name = "trace_prepare_send_request";
	s->progs[2].prog = &obj->progs.trace_prepare_send_request;
	s->progs[2].link = &obj->links.trace_prepare_send_request;

	s->progs[3].name = "trace_mds_dispatch";
	s->progs[3].prog = &obj->progs.trace_mds_dispatch;
	s->progs[3].link = &obj->links.trace_mds_dispatch;

	s->data = kfstrace_bpf__elf_bytes(&s->data_sz);

	obj->skeleton = s;
	return 0;
err:
	bpf_object__destroy_skeleton(s);
	return err;
}

static inline const void *kfstrace_bpf__elf_bytes(size_t *sz)
{
	static const char data[] __attribute__((__aligned__(8))) = "\
\x7f\x45\x4c\x46\x02\x01\x01\0\0\0\0\0\0\0\0\0\x01\0\xf7\0\x01\0\0\0\0\0\0\0\0\
\0\0\0\0\0\0\0\0\0\0\0\x78\x42\x01\0\0\0\0\0\0\0\0\0\x40\0\0\0\0\0\x40\0\x11\0\
\x01\0\0\x2e\x73\x74\x72\x74\x61\x62\0\x2e\x73\x79\x6d\x74\x61\x62\0\x6b\x70\
\x72\x6f\x62\x65\x2f\x73\x65\x6e\x64\x5f\x72\x65\x71\x75\x65\x73\x74\0\x6b\x70\
\x72\x6f\x62\x65\x2f\x6f\x73\x64\x5f\x64\x69\x73\x70\x61\x74\x63\x68\0\x6b\x70\
\x72\x6f\x62\x65\x2f\x5f\x5f\x70\x72\x65\x70\x61\x72\x65\x5f\x73\x65\x6e\x64\
\x5f\x72\x65\x71\x75\x65\x73\x74\0\x6b\x70\x72\x6f\x62\x65\x2f\x6d\x64\x73\x5f\
\x64\x69\x73\x70\x61\x74\x63\x68\0\x6c\x69\x63\x65\x6e\x73\x65\0\x2e\x72\x6f\
\x64\x61\x74\x61\0\x2e\x6d\x61\x70\x73\0\x2e\x72\x6f\x64\x61\x74\x61\x2e\x73\
\x74\x72\x31\x2e\x31\0\x6b\x66\x73\x74\x72\x61\x63\x65\x2e\x62\x70\x66\x2e\x63\
\0\x74\x72\x61\x63\x65\x5f\x73\x65\x6e\x64\x5f\x72\x65\x71\x75\x65\x73\x74\x2e\
\x5f\x5f\x5f\x5f\x66\x6d\x74\0\x4c\x42\x42\x30\x5f\x32\0\x74\x72\x61\x63\x65\
\x5f\x73\x65\x6e\x64\x5f\x72\x65\x71\x75\x65\x73\x74\x2e\x5f\x5f\x5f\x5f\x66\
\x6d\x74\x2e\x31\0\x4c\x42\x42\x30\x5f\x35\x39\0\x74\x72\x61\x63\x65\x5f\x73\
\x65\x6e\x64\x5f\x72\x65\x71\x75\x65\x73\x74\x2e\x5f\x5f\x5f\x5f\x66\x6d\x74\
\x2e\x32\0\x4c\x42\x42\x30\x5f\x38\0\x74\x72\x61\x63\x65\x5f\x73\x65\x6e\x64\
\x5f\x72\x65\x71\x75\x65\x73\x74\x2e\x5f\x5f\x5f\x5f\x66\x6d\x74\x2e\x33\0\x4c\
\x42\x42\x30\x5f\x31\x30\0\x74\x72\x61\x63\x65\x5f\x73\x65\x6e\x64\x5f\x72\x65\
\x71\x75\x65\x73\x74\x2e\x5f\x5f\x5f\x5f\x66\x6d\x74\x2e\x34\0\x4c\x42\x42\x30\
\x5f\x35\x38\0\x4c\x42\x42\x30\x5f\x31\x35\0\x4c\x42\x42\x30\x5f\x31\x34\0\x4c\
\x42\x42\x30\x5f\x31\x39\0\x4c\x42\x42\x30\x5f\x31\x38\0\x4c\x42\x42\x30\x5f\
\x32\x31\0\x74\x72\x61\x63\x65\x5f\x73\x65\x6e\x64\x5f\x72\x65\x71\x75\x65\x73\
\x74\x2e\x5f\x5f\x5f\x5f\x66\x6d\x74\x2e\x35\0\x4c\x42\x42\x30\x5f\x32\x33\0\
\x74\x72\x61\x63\x65\x5f\x73\x65\x6e\x64\x5f\x72\x65\x71\x75\x65\x73\x74\x2e\
\x5f\x5f\x5f\x5f\x66\x6d\x74\x2e\x36\0\x4c\x42\x42\x30\x5f\x35\x37\0\x4c\x42\
\x42\x30\x5f\x32\x37\0\x4c\x42\x42\x30\x5f\x32\x38\0\x4c\x42\x42\x30\x5f\x35\
\x35\0\x74\x72\x61\x63\x65\x5f\x73\x65\x6e\x64\x5f\x72\x65\x71\x75\x65\x73\x74\
\x2e\x5f\x5f\x5f\x5f\x66\x6d\x74\x2e\x38\0\x4c\x42\x42\x30\x5f\x33\x35\0\x4c\
\x42\x42\x30\x5f\x33\x31\0\x4c\x42\x42\x30\x5f\x33\x32\0\x4c\x42\x42\x30\x5f\
\x33\x33\0\x4c\x42\x42\x30\x5f\x33\x39\0\x4c\x42\x42\x30\x5f\x33\x38\0\x74\x72\
\x61\x63\x65\x5f\x73\x65\x6e\x64\x5f\x72\x65\x71\x75\x65\x73\x74\x2e\x5f\x5f\
\x5f\x5f\x66\x6d\x74\x2e\x37\0\x4c\x42\x42\x30\x5f\x34\x36\0\x4c\x42\x42\x30\
\x5f\x34\x35\0\x4c\x42\x42\x30\x5f\x34\x37\0\x4c\x42\x42\x30\x5f\x35\x34\0\x4c\
\x42\x42\x30\x5f\x35\x33\0\x74\x72\x61\x63\x65\x5f\x6f\x73\x64\x5f\x64\x69\x73\
\x70\x61\x74\x63\x68\x2e\x5f\x5f\x5f\x5f\x66\x6d\x74\0\x4c\x42\x42\x31\x5f\x32\
\0\x74\x72\x61\x63\x65\x5f\x6f\x73\x64\x5f\x64\x69\x73\x70\x61\x74\x63\x68\x2e\
\x5f\x5f\x5f\x5f\x66\x6d\x74\x2e\x39\0\x4c\x42\x42\x31\x5f\x31\x32\0\x74\x72\
\x61\x63\x65\x5f\x6f\x73\x64\x5f\x64\x69\x73\x70\x61\x74\x63\x68\x2e\x5f\x5f\
\x5f\x5f\x66\x6d\x74\x2e\x31\x30\0\x4c\x42\x42\x31\x5f\x37\0\x74\x72\x61\x63\
\x65\x5f\x6f\x73\x64\x5f\x64\x69\x73\x70\x61\x74\x63\x68\x2e\x5f\x5f\x5f\x5f\
\x66\x6d\x74\x2e\x31\x31\0\x4c\x42\x42\x31\x5f\x39\0\x74\x72\x61\x63\x65\x5f\
\x6f\x73\x64\x5f\x64\x69\x73\x70\x61\x74\x63\x68\x2e\x5f\x5f\x5f\x5f\x66\x6d\
\x74\x2e\x31\x32\0\x74\x72\x61\x63\x65\x5f\x6f\x73\x64\x5f\x64\x69\x73\x70\x61\
\x74\x63\x68\x2e\x5f\x5f\x5f\x5f\x66\x6d\x74\x2e\x31\x33\0\x4c\x42\x42\x31\x5f\
\x31\x31\0\x74\x72\x61\x63\x65\x5f\x70\x72\x65\x70\x61\x72\x65\x5f\x73\x65\x6e\
\x64\x5f\x72\x65\x71\x75\x65\x73\x74\x2e\x5f\x5f\x5f\x5f\x66\x6d\x74\0\x4c\x42\
\x42\x32\x5f\x32\0\x74\x72\x61\x63\x65\x5f\x70\x72\x65\x70\x61\x72\x65\x5f\x73\
\x65\x6e\x64\x5f\x72\x65\x71\x75\x65\x73\x74\x2e\x5f\x5f\x5f\x5f\x66\x6d\x74\
\x2e\x31\x34\0\x4c\x42\x42\x32\x5f\x37\x30\0\x4c\x42\x42\x32\x5f\x34\0\x74\x72\
\x61\x63\x65\x5f\x70\x72\x65\x70\x61\x72\x65\x5f\x73\x65\x6e\x64\x5f\x72\x65\
\x71\x75\x65\x73\x74\x2e\x5f\x5f\x5f\x5f\x66\x6d\x74\x2e\x31\x35\0\x4c\x42\x42\
\x32\x5f\x36\0\x74\x72\x61\x63\x65\x5f\x70\x72\x65\x70\x61\x72\x65\x5f\x73\x65\
\x6e\x64\x5f\x72\x65\x71\x75\x65\x73\x74\x2e\x5f\x5f\x5f\x5f\x66\x6d\x74\x2e\
\x31\x36\0\x74\x72\x61\x63\x65\x5f\x70\x72\x65\x70\x61\x72\x65\x5f\x73\x65\x6e\
\x64\x5f\x72\x65\x71\x75\x65\x73\x74\x2e\x5f\x5f\x5f\x5f\x66\x6d\x74\x2e\x31\
\x37\0\x4c\x42\x42\x32\x5f\x31\x33\0\x74\x72\x61\x63\x65\x5f\x70\x72\x65\x70\
\x61\x72\x65\x5f\x73\x65\x6e\x64\x5f\x72\x65\x71\x75\x65\x73\x74\x2e\x5f\x5f\
\x5f\x5f\x66\x6d\x74\x2e\x31\x38\0\x4c\x42\x42\x32\x5f\x31\x36\0\x4c\x42\x42\
\x32\x5f\x31\x34\0\x74\x72\x61\x63\x65\x5f\x70\x72\x65\x70\x61\x72\x65\x5f\x73\
\x65\x6e\x64\x5f\x72\x65\x71\x75\x65\x73\x74\x2e\x5f\x5f\x5f\x5f\x66\x6d\x74\
\x2e\x32\x31\0\x4c\x42\x42\x32\x5f\x31\x37\0\x74\x72\x61\x63\x65\x5f\x70\x72\
\x65\x70\x61\x72\x65\x5f\x73\x65\x6e\x64\x5f\x72\x65\x71\x75\x65\x73\x74\x2e\
\x5f\x5f\x5f\x5f\x66\x6d\x74\x2e\x31\x39\0\x74\x72\x61\x63\x65\x5f\x70\x72\x65\
\x70\x61\x72\x65\x5f\x73\x65\x6e\x64\x5f\x72\x65\x71\x75\x65\x73\x74\x2e\x5f\
\x5f\x5f\x5f\x66\x6d\x74\x2e\x32\x30\0\x4c\x42\x42\x32\x5f\x31\x39\0\x74\x72\
\x61\x63\x65\x5f\x70\x72\x65\x70\x61\x72\x65\x5f\x73\x65\x6e\x64\x5f\x72\x65\
\x71\x75\x65\x73\x74\x2e\x5f\x5f\x5f\x5f\x66\x6d\x74\x2e\x32\x32\0\x4c\x42\x42\
\x32\x5f\x36\x39\0\x4c\x42\x42\x32\x5f\x32\x37\0\x4c\x42\x42\x32\x5f\x32\x34\0\
\x4c\x42\x42\x32\x5f\x33\x33\0\x4c\x42\x42\x32\x5f\x33\x35\0\x4c\x42\x42\x32\
\x5f\x34\x34\0\x4c\x42\x42\x32\x5f\x35\x35\0\x4c\x42\x42\x32\x5f\x33\x30\0\x4c\
\x42\x42\x32\x5f\x33\x38\0\x4c\x42\x42\x32\x5f\x33\x39\0\x4c\x42\x42\x32\x5f\
\x33\x34\0\x4c\x42\x42\x32\x5f\x34\x33\0\x4c\x42\x42\x32\x5f\x33\x36\0\x4c\x42\
\x42\x32\x5f\x34\x32\0\x4c\x42\x42\x32\x5f\x34\x30\0\x4c\x42\x42\x32\x5f\x34\
\x31\0\x4c\x42\x42\x32\x5f\x33\x37\0\x4c\x42\x42\x32\x5f\x36\x36\0\x4c\x42\x42\
\x32\x5f\x36\x33\0\x4c\x42\x42\x32\x5f\x36\x35\0\x74\x72\x61\x63\x65\x5f\x70\
\x72\x65\x70\x61\x72\x65\x5f\x73\x65\x6e\x64\x5f\x72\x65\x71\x75\x65\x73\x74\
\x2e\x5f\x5f\x5f\x5f\x66\x6d\x74\x2e\x32\x33\0\x4c\x42\x42\x32\x5f\x36\x38\0\
\x74\x72\x61\x63\x65\x5f\x70\x72\x65\x70\x61\x72\x65\x5f\x73\x65\x6e\x64\x5f\
\x72\x65\x71\x75\x65\x73\x74\x2e\x5f\x5f\x5f\x5f\x66\x6d\x74\x2e\x32\x34\0\x4c\
\x42\x42\x32\x5f\x34\x36\0\x4c\x42\x42\x32\x5f\x34\x38\0\x4c\x42\x42\x32\x5f\
\x35\x30\0\x4c\x42\x42\x32\x5f\x35\x32\0\x4c\x42\x42\x32\x5f\x35\x34\0\x4c\x42\
\x42\x33\x5f\x32\x33\0\x74\x72\x61\x63\x65\x5f\x6d\x64\x73\x5f\x64\x69\x73\x70\
\x61\x74\x63\x68\x2e\x5f\x5f\x5f\x5f\x66\x6d\x74\0\x4c\x42\x42\x33\x5f\x34\0\
\x74\x72\x61\x63\x65\x5f\x6d\x64\x73\x5f\x64\x69\x73\x70\x61\x74\x63\x68\x2e\
\x5f\x5f\x5f\x5f\x66\x6d\x74\x2e\x32\x35\0\x74\x72\x61\x63\x65\x5f\x6d\x64\x73\
\x5f\x64\x69\x73\x70\x61\x74\x63\x68\x2e\x5f\x5f\x5f\x5f\x66\x6d\x74\x2e\x32\
\x36\0\x4c\x42\x42\x33\x5f\x31\x32\0\x4c\x42\x42\x33\x5f\x31\x34\0\x74\x72\x61\
\x63\x65\x5f\x6d\x64\x73\x5f\x64\x69\x73\x70\x61\x74\x63\x68\x2e\x5f\x5f\x5f\
\x5f\x66\x6d\x74\x2e\x32\x37\0\x4c\x42\x42\x33\x5f\x32\x32\0\x74\x72\x61\x63\
\x65\x5f\x6d\x64\x73\x5f\x64\x69\x73\x70\x61\x74\x63\x68\x2e\x5f\x5f\x5f\x5f\
\x66\x6d\x74\x2e\x32\x38\0\x74\x72\x61\x63\x65\x5f\x6d\x64\x73\x5f\x64\x69\x73\
\x70\x61\x74\x63\x68\x2e\x5f\x5f\x5f\x5f\x66\x6d\x74\x2e\x32\x39\0\x4c\x42\x42\
\x33\x5f\x32\x31\0\x4c\x42\x42\x33\x5f\x32\x30\0\x74\x72\x61\x63\x65\x5f\x6d\
\x64\x73\x5f\x64\x69\x73\x70\x61\x74\x63\x68\x2e\x5f\x5f\x5f\x5f\x66\x6d\x74\
\x2e\x33\x30\0\x74\x72\x61\x63\x65\x5f\x6d\x64\x73\x5f\x64\x69\x73\x70\x61\x74\
\x63\x68\x2e\x5f\x5f\x5f\x5f\x66\x6d\x74\x2e\x33\x31\0\x74\x72\x61\x63\x65\x5f\
\x73\x65\x6e\x64\x5f\x72\x65\x71\x75\x65\x73\x74\0\x70\x65\x6e\x64\x69\x6e\x67\
\x5f\x72\x65\x71\x75\x65\x73\x74\x73\0\x74\x72\x61\x63\x65\x5f\x6f\x73\x64\x5f\
\x64\x69\x73\x70\x61\x74\x63\x68\0\x72\x62\0\x74\x72\x61\x63\x65\x5f\x70\x72\
\x65\x70\x61\x72\x65\x5f\x73\x65\x6e\x64\x5f\x72\x65\x71\x75\x65\x73\x74\0\x70\
\x65\x6e\x64\x69\x6e\x67\x5f\x6d\x64\x73\x5f\x72\x65\x71\x75\x65\x73\x74\x73\0\
\x74\x72\x61\x63\x65\x5f\x6d\x64\x73\x5f\x64\x69\x73\x70\x61\x74\x63\x68\0\x6d\
\x64\x73\x5f\x72\x62\0\x4c\x49\x43\x45\x4e\x53\x45\0\x2e\x72\x65\x6c\x6b\x70\
\x72\x6f\x62\x65\x2f\x73\x65\x6e\x64\x5f\x72\x65\x71\x75\x65\x73\x74\0\x2e\x72\
\x65\x6c\x6b\x70\x72\x6f\x62\x65\x2f\x6f\x73\x64\x5f\x64\x69\x73\x70\x61\x74\
\x63\x68\0\x2e\x72\x65\x6c\x6b\x70\x72\x6f\x62\x65\x2f\x5f\x5f\x70\x72\x65\x70\
\x61\x72\x65\x5f\x73\x65\x6e\x64\x5f\x72\x65\x71\x75\x65\x73\x74\0\x2e\x72\x65\
\x6c\x6b\x70\x72\x6f\x62\x65\x2f\x6d\x64\x73\x5f\x64\x69\x73\x70\x61\x74\x63\
\x68\0\x2e\x42\x54\x46\0\x2e\x42\x54\x46\x2e\x65\x78\x74\0\0\0\0\0\0\0\0\0\0\0\
\0\0\0\0\0\0\0\0\0\0\0\0\0\0\0\x90\0\0\0\x04\0\xf1\xff\0\0\0\0\0\0\0\0\0\0\0\0\
\0\0\0\0\0\0\0\0\x03\0\x03\0\0\0\0\0\0\0\0\0\0\0\0\0\0\0\0\0\x9f\0\0\0\x01\0\
\x08\0\0\0\0\0\0\0\0\0\x1d\0\0\0\0\0\0\0\xba\0\0\0\0\0\x03\0\x98\0\0\0\0\0\0\0\
\0\0\0\0\0\0\0\0\xc1\0\0\0\x01\0\x08\0\x1d\0\0\0\0\0\0\0\x28\0\0\0\0\0\0\0\xde\
\0\0\0\0\0\x03\0\x88\0\0\0\0\0\0\0\0\0\0\0\0\0\0\0\xe6\0\0\0\x01\0\x08\0\x45\0\
\0\0\0\0\0\0\x1e\0\0\0\0\0\0\0\x03\x01\0\0\0\0\x03\0\xe0\x02\0\0\0\0\0\0\0\0\0\
\0\0\0\0\0\x0a\x01\0\0\x01\0\x08\0\x63\0\0\0\0\0\0\0\x24\0\0\0\0\0\0\0\x27\x01\
\0\0\0\0\x03\0\x28\x04\0\0\0\0\0\0\0\0\0\0\0\0\0\0\x2f\x01\0\0\x01\0\x08\0\x87\
\0\0\0\0\0\0\0\x3a\0\0\0\0\0\0\0\x4c\x01\0\0\0\0\x03\0\x18\x04\0\0\0\0\0\0\0\0\
\0\0\0\0\0\0\x54\x01\0\0\0\0\x03\0\xf8\x09\0\0\0\0\0\0\0\0\0\0\0\0\0\0\x5c\x01\
\0\0\0\0\x03\0\xc0\x09\0\0\0\0\0\0\0\0\0\0\0\0\0\0\x64\x01\0\0\0\0\x03\0\xe8\
\x0a\0\0\0\0\0\0\0\0\0\0\0\0\0\0\x6c\x01\0\0\0\0\x03\0\x60\x0a\0\0\0\0\0\0\0\0\
\0\0\0\0\0\0\x74\x01\0\0\0\0\x03\0\x70\x0c\0\0\0\0\0\0\0\0\0\0\0\0\0\0\x7c\x01\
\0\0\x01\0\x08\0\xc1\0\0\0\0\0\0\0\x2c\0\0\0\0\0\0\0\x99\x01\0\0\0\0\x03\0\x18\
\x0d\0\0\0\0\0\0\0\0\0\0\0\0\0\0\xa1\x01\0\0\x01\0\x08\0\xed\0\0\0\0\0\0\0\x39\
\0\0\0\0\0\0\0\xbe\x01\0\0\0\0\x03\0\x90\x0f\0\0\0\0\0\0\0\0\0\0\0\0\0\0\xc6\
\x01\0\0\0\0\x03\0\x80\x0d\0\0\0\0\0\0\0\0\0\0\0\0\0\0\xce\x01\0\0\0\0\x03\0\
\xc0\x0f\0\0\0\0\0\0\0\0\0\0\0\0\0\0\xd6\x01\0\0\0\0\x03\0\x50\x0f\0\0\0\0\0\0\
\0\0\0\0\0\0\0\0\xde\x01\0\0\x01\0\x08\0\x54\x01\0\0\0\0\0\0\x38\0\0\0\0\0\0\0\
\xfb\x01\0\0\0\0\x03\0\xc0\x10\0\0\0\0\0\0\0\0\0\0\0\0\0\0\x03\x02\0\0\0\0\x03\
\0\x50\x10\0\0\0\0\0\0\0\0\0\0\0\0\0\0\x0b\x02\0\0\0\0\x03\0\x98\x10\0\0\0\0\0\
\0\0\0\0\0\0\0\0\0\x13\x02\0\0\0\0\x03\0\x88\x10\0\0\0\0\0\0\0\0\0\0\0\0\0\0\
\x1b\x02\0\0\0\0\x03\0\x40\x14\0\0\0\0\0\0\0\0\0\0\0\0\0\0\x23\x02\0\0\0\0\x03\
\0\x38\x14\0\0\0\0\0\0\0\0\0\0\0\0\0\0\x2b\x02\0\0\x01\0\x08\0\x26\x01\0\0\0\0\
\0\0\x2e\0\0\0\0\0\0\0\x48\x02\0\0\0\0\x03\0\x58\x15\0\0\0\0\0\0\0\0\0\0\0\0\0\
\0\x50\x02\0\0\0\0\x03\0\x28\x15\0\0\0\0\0\0\0\0\0\0\0\0\0\0\x58\x02\0\0\0\0\
\x03\0\x68\x15\0\0\0\0\0\0\0\0\0\0\0\0\0\0\x60\x02\0\0\0\0\x03\0\x50\x16\0\0\0\
\0\0\0\0\0\0\0\0\0\0\0\x68\x02\0\0\0\0\x03\0\x28\x16\0\0\0\0\0\0\0\0\0\0\0\0\0\
\0\0\0\0\0\x03\0\x04\0\0\0\0\0\0\0\0\0\0\0\0\0\0\0\0\0\x70\x02\0\0\x01\0\x08\0\
\x8c\x01\0\0\0\0\0\0\x1d\0\0\0\0\0\0\0\x8b\x02\0\0\0\0\x04\0\xb0\0\0\0\0\0\0\0\
\0\0\0\0\0\0\0\0\x92\x02\0\0\x01\0\x08\0\xa9\x01\0\0\0\0\0\0\x28\0\0\0\0\0\0\0\
\xaf\x02\0\0\0\0\x04\0\x10\x18\0\0\0\0\0\0\0\0\0\0\0\0\0\0\xb7\x02\0\0\x01\0\
\x08\0\xd1\x01\0\0\0\0\0\0\x1e\0\0\0\0\0\0\0\xd5\x02\0\0\0\0\x04\0\xb0\x02\0\0\
\0\0\0\0\0\0\0\0\0\0\0\0\xdc\x02\0\0\x01\0\x08\0\xef\x01\0\0\0\0\0\0\x24\0\0\0\
\0\0\0\0\xfa\x02\0\0\0\0\x04\0\x50\x03\0\0\0\0\0\0\0\0\0\0\0\0\0\0\x01\x03\0\0\
\x01\0\x08\0\x13\x02\0\0\0\0\0\0\x4a\0\0\0\0\0\0\0\x1f\x03\0\0\x01\0\x08\0\x5d\
\x02\0\0\0\0\0\0\x2b\0\0\0\0\0\0\0\x3d\x03\0\0\0\0\x04\0\xe8\x17\0\0\0\0\0\0\0\
\0\0\0\0\0\0\0\0\0\0\0\x03\0\x05\0\0\0\0\0\0\0\0\0\0\0\0\0\0\0\0\0\x45\x03\0\0\
\x01\0\x08\0\x88\x02\0\0\0\0\0\0\x2b\0\0\0\0\0\0\0\x68\x03\0\0\0\0\x05\0\x68\0\
\0\0\0\0\0\0\0\0\0\0\0\0\0\0\x6f\x03\0\0\x01\0\x08\0\xb3\x02\0\0\0\0\0\0\x1f\0\
\0\0\0\0\0\0\x95\x03\0\0\0\0\x05\0\x88\x11\0\0\0\0\0\0\0\0\0\0\0\0\0\0\x9d\x03\
\0\0\0\0\x05\0\xe8\0\0\0\0\0\0\0\0\0\0\0\0\0\0\0\xa4\x03\0\0\x01\0\x08\0\xd2\
\x02\0\0\0\0\0\0\x2f\0\0\0\0\0\0\0\xca\x03\0\0\0\0\x05\0\x50\x01\0\0\0\0\0\0\0\
\0\0\0\0\0\0\0\xd1\x03\0\0\x01\0\x08\0\x01\x03\0\0\0\0\0\0\x35\0\0\0\0\0\0\0\
\xf7\x03\0\0\x01\0\x08\0\x36\x03\0\0\0\0\0\0\x2e\0\0\0\0\0\0\0\x1d\x04\0\0\0\0\
\x05\0\xd8\x03\0\0\0\0\0\0\0\0\0\0\0\0\0\0\x25\x04\0\0\x01\0\x08\0\x64\x03\0\0\
\0\0\0\0\x22\0\0\0\0\0\0\0\x4b\x04\0\0\0\0\x05\0\xa0\x03\0\0\0\0\0\0\0\0\0\0\0\
\0\0\0\x53\x04\0\0\0\0\x05\0\x08\x04\0\0\0\0\0\0\0\0\0\0\0\0\0\0\x5b\x04\0\0\
\x01\0\x08\0\xd0\x03\0\0\0\0\0\0\x2a\0\0\0\0\0\0\0\x81\x04\0\0\0\0\x05\0\x70\
\x04\0\0\0\0\0\0\0\0\0\0\0\0\0\0\x89\x04\0\0\x01\0\x08\0\x86\x03\0\0\0\0\0\0\
\x2b\0\0\0\0\0\0\0\xaf\x04\0\0\x01\0\x08\0\xb1\x03\0\0\0\0\0\0\x1f\0\0\0\0\0\0\
\0\xd5\x04\0\0\0\0\x05\0\x88\x05\0\0\0\0\0\0\0\0\0\0\0\0\0\0\xdd\x04\0\0\x01\0\
\x08\0\xfa\x03\0\0\0\0\0\0\x38\0\0\0\0\0\0\0\x03\x05\0\0\0\0\x05\0\x80\x11\0\0\
\0\0\0\0\0\0\0\0\0\0\0\0\x0b\x05\0\0\0\0\x05\0\x58\x0d\0\0\0\0\0\0\0\0\0\0\0\0\
\0\0\x13\x05\0\0\0\0\x05\0\xd0\x0d\0\0\0\0\0\0\0\0\0\0\0\0\0\0\x1b\x05\0\0\0\0\
\x05\0\xe0\x0e\0\0\0\0\0\0\0\0\0\0\0\0\0\0\x23\x05\0\0\0\0\x05\0\xe0\x0c\0\0\0\
\0\0\0\0\0\0\0\0\0\0\0\x2b\x05\0\0\0\0\x05\0\x30\x13\0\0\0\0\0\0\0\0\0\0\0\0\0\
\0\x33\x05\0\0\0\0\x05\0\xa0\x0f\0\0\0\0\0\0\0\0\0\0\0\0\0\0\x3b\x05\0\0\0\0\
\x05\0\x68\x0e\0\0\0\0\0\0\0\0\0\0\0\0\0\0\x43\x05\0\0\0\0\x05\0\x38\x0f\0\0\0\
\0\0\0\0\0\0\0\0\0\0\0\x4b\x05\0\0\0\0\x05\0\x78\x0d\0\0\0\0\0\0\0\0\0\0\0\0\0\
\0\x53\x05\0\0\0\0\x05\0\x88\x0f\0\0\0\0\0\0\0\0\0\0\0\0\0\0\x5b\x05\0\0\0\0\
\x05\0\x98\x11\0\0\0\0\0\0\0\0\0\0\0\0\0\0\x63\x05\0\0\0\0\x05\0\x58\x12\0\0\0\
\0\0\0\0\0\0\0\0\0\0\0\x6b\x05\0\0\0\0\x05\0\xf0\x0d\0\0\0\0\0\0\0\0\0\0\0\0\0\
\0\x73\x05\0\0\0\0\x05\0\xf0\x11\0\0\0\0\0\0\0\0\0\0\0\0\0\0\x7b\x05\0\0\0\0\
\x05\0\xd0\x12\0\0\0\0\0\0\0\0\0\0\0\0\0\0\x83\x05\0\0\0\0\x05\0\x88\x0e\0\0\0\
\0\0\0\0\0\0\0\0\0\0\0\x8b\x05\0\0\0\0\x05\0\x28\x11\0\0\0\0\0\0\0\0\0\0\0\0\0\
\0\x93\x05\0\0\0\0\x05\0\xc8\x10\0\0\0\0\0\0\0\0\0\0\0\0\0\0\x9b\x05\0\0\0\0\
\x05\0\0\x11\0\0\0\0\0\0\0\0\0\0\0\0\0\0\xa3\x05\0\0\x01\0\x08\0\x32\x04\0\0\0\
\0\0\0\x24\0\0\0\0\0\0\0\xc9\x05\0\0\0\0\x05\0\x58\x11\0\0\0\0\0\0\0\0\0\0\0\0\
\0\0\xd1\x05\0\0\x01\0\x08\0\x56\x04\0\0\0\0\0\0\x32\0\0\0\0\0\0\0\xf7\x05\0\0\
\0\0\x05\0\x78\x13\0\0\0\0\0\0\0\0\0\0\0\0\0\0\xff\x05\0\0\0\0\x05\0\xb8\x13\0\
\0\0\0\0\0\0\0\0\0\0\0\0\0\x07\x06\0\0\0\0\x05\0\xf8\x13\0\0\0\0\0\0\0\0\0\0\0\
\0\0\0\x0f\x06\0\0\0\0\x05\0\x28\x14\0\0\0\0\0\0\0\0\0\0\0\0\0\0\x17\x06\0\0\0\
\0\x05\0\x58\x14\0\0\0\0\0\0\0\0\0\0\0\0\0\0\0\0\0\0\x03\0\x06\0\0\0\0\0\0\0\0\
\0\0\0\0\0\0\0\0\0\x1f\x06\0\0\0\0\x06\0\xf0\0\0\0\0\0\0\0\0\0\0\0\0\0\0\0\x27\
\x06\0\0\x01\0\x08\0\x88\x04\0\0\0\0\0\0\x2c\0\0\0\0\0\0\0\x42\x06\0\0\0\0\x06\
\0\0\x01\0\0\0\0\0\0\0\0\0\0\0\0\0\0\x49\x06\0\0\x01\0\x08\0\xb4\x04\0\0\0\0\0\
\0\x22\0\0\0\0\0\0\0\x67\x06\0\0\x01\0\x08\0\xd6\x04\0\0\0\0\0\0\x18\0\0\0\0\0\
\0\0\x85\x06\0\0\0\0\x06\0\x58\x03\0\0\0\0\0\0\0\0\0\0\0\0\0\0\x8d\x06\0\0\0\0\
\x06\0\xd0\x03\0\0\0\0\0\0\0\0\0\0\0\0\0\0\x95\x06\0\0\x01\0\x08\0\xee\x04\0\0\
\0\0\0\0\x2f\0\0\0\0\0\0\0\xb3\x06\0\0\0\0\x06\0\xc0\x03\0\0\0\0\0\0\0\0\0\0\0\
\0\0\0\xbb\x06\0\0\x01\0\x08\0\x1d\x05\0\0\0\0\0\0\x26\0\0\0\0\0\0\0\xd9\x06\0\
\0\x01\0\x08\0\x43\x05\0\0\0\0\0\0\x34\0\0\0\0\0\0\0\xf7\x06\0\0\0\0\x06\0\x10\
\x14\0\0\0\0\0\0\0\0\0\0\0\0\0\0\xff\x06\0\0\0\0\x06\0\xc0\x13\0\0\0\0\0\0\0\0\
\0\0\0\0\0\0\x07\x07\0\0\x01\0\x08\0\x77\x05\0\0\0\0\0\0\x41\0\0\0\0\0\0\0\x25\
\x07\0\0\x01\0\x08\0\xb8\x05\0\0\0\0\0\0\x4b\0\0\0\0\0\0\0\0\0\0\0\x03\0\x08\0\
\0\0\0\0\0\0\0\0\0\0\0\0\0\0\0\0\0\0\0\0\x03\0\x0a\0\0\0\0\0\0\0\0\0\0\0\0\0\0\
\0\0\0\x43\x07\0\0\x12\0\x03\0\0\0\0\0\0\0\0\0\x68\x16\0\0\0\0\0\0\x56\x07\0\0\
\x11\0\x09\0\0\0\0\0\0\0\0\0\x20\0\0\0\0\0\0\0\x67\x07\0\0\x12\0\x04\0\0\0\0\0\
\0\0\0\0\x20\x18\0\0\0\0\0\0\x7a\x07\0\0\x11\0\x09\0\x20\0\0\0\0\0\0\0\x10\0\0\
\0\0\0\0\0\x7d\x07\0\0\x12\0\x05\0\0\0\0\0\0\0\0\0\xb8\x14\0\0\0\0\0\0\x98\x07\
\0\0\x11\0\x09\0\x30\0\0\0\0\0\0\0\x20\0\0\0\0\0\0\0\xad\x07\0\0\x12\0\x06\0\0\
\0\0\0\0\0\0\0\x88\x16\0\0\0\0\0\0\xc0\x07\0\0\x11\0\x09\0\x50\0\0\0\0\0\0\0\
\x10\0\0\0\0\0\0\0\xc7\x07\0\0\x11\0\x07\0\0\0\0\0\0\0\0\0\x0d\0\0\0\0\0\0\0\
\x79\x17\x70\0\0\0\0\0\x18\x01\0\0\0\0\0\0\0\0\0\0\0\0\0\0\xb7\x02\0\0\x1d\0\0\
\0\x85\0\0\0\x06\0\0\0\xb7\x01\0\0\0\0\0\0\xbf\x73\0\0\0\0\0\0\x0f\x13\0\0\0\0\
\0\0\xbf\xa1\0\0\0\0\0\0\x07\x01\0\0\xc0\xfe\xff\xff\xb7\x02\0\0\x08\0\0\0\x85\
\0\0\0\x71\0\0\0\x15\0\x06\0\0\0\0\0\x18\x01\0\0\x1d\0\0\0\0\0\0\0\0\0\0\0\xb7\
\x02\0\0\x28\0\0\0\x85\0\0\0\x06\0\0\0\xb7\0\0\0\0\0\0\0\x95\0\0\0\0\0\0\0\x79\
\xa3\xc0\xfe\0\0\0\0\x18\x01\0\0\x45\0\0\0\0\0\0\0\0\0\0\0\xb7\x02\0\0\x1e\0\0\
\0\x85\0\0\0\x06\0\0\0\xb7\x01\0\0\x58\0\0\0\xbf\x73\0\0\0\0\0\0\x0f\x13\0\0\0\
\0\0\0\xbf\xa1\0\0\0\0\0\0\x07\x01\0\0\xb0\xfe\xff\xff\xb7\x02\0\0\x08\0\0\0\
\x85\0\0\0\x71\0\0\0\x55\0\xf1\xff\0\0\0\0\xb7\x01\0\0\x10\0\0\0\x79\xa3\xb0\
\xfe\0\0\0\0\x0f\x13\0\0\0\0\0\0\xbf\xa1\0\0\0\0\0\0\x07\x01\0\0\xbc\xfe\xff\
\xff\xb7\x02\0\0\x04\0\0\0\x85\0\0\0\x71\0\0\0\x55\0\xe9\xff\0\0\0\0\xb7\x01\0\
\0\x80\x02\0\0\xbf\x73\0\0\0\0\0\0\x0f\x13\0\0\0\0\0\0\xbf\xa1\0\0\0\0\0\0\x07\
\x01\0\0\xa8\xfe\xff\xff\xb7\x02\0\0\x08\0\0\0\x85\0\0\0\x71\0\0\0\xb7\x09\0\0\
\0\0\0\0\x55\0\x2b\0\0\0\0\0\xb7\x01\0\0\0\0\0\0\x79\xa3\xa8\xfe\0\0\0\0\x0f\
\x13\0\0\0\0\0\0\xbf\xa1\0\0\0\0\0\0\x07\x01\0\0\xa0\xfe\xff\xff\xb7\x02\0\0\
\x08\0\0\0\x85\0\0\0\x71\0\0\0\x55\0\x23\0\0\0\0\0\xb7\x01\0\0\x80\0\0\0\x79\
\xa3\xa0\xfe\0\0\0\0\x0f\x13\0\0\0\0\0\0\xbf\xa1\0\0\0\0\0\0\x07\x01\0\0\x97\
\xfe\xff\xff\xb7\x02\0\0\x09\0\0\0\x85\0\0\0\x71\0\0\0\x55\0\x1b\0\0\0\0\0\xb7\
\x02\0\0\x01\0\0\0\xbf\xa3\0\0\0\0\0\0\x07\x03\0\0\x97\xfe\xff\xff\xbf\x31\0\0\
\0\0\0\0\x0f\x21\0\0\0\0\0\0\x71\x14\x01\0\0\0\0\0\x67\x04\0\0\x08\0\0\0\x71\
\x32\x01\0\0\0\0\0\x4f\x24\0\0\0\0\0\0\x71\x13\x02\0\0\0\0\0\x67\x03\0\0\x10\0\
\0\0\x71\x12\x03\0\0\0\0\0\x67\x02\0\0\x18\0\0\0\x4f\x32\0\0\0\0\0\0\x4f\x42\0\
\0\0\0\0\0\x71\x13\x05\0\0\0\0\0\x67\x03\0\0\x08\0\0\0\x71\x14\x04\0\0\0\0\0\
\x4f\x43\0\0\0\0\0\0\x71\x14\x06\0\0\0\0\0\x67\x04\0\0\x10\0\0\0\x71\x19\x07\0\
\0\0\0\0\x67\x09\0\0\x18\0\0\0\x4f\x49\0\0\0\0\0\0\x4f\x39\0\0\0\0\0\0\x67\x09\
\0\0\x20\0\0\0\x4f\x29\0\0\0\0\0\0\x18\x01\0\0\x63\0\0\0\0\0\0\0\0\0\0\0\xb7\
\x02\0\0\x24\0\0\0\xbf\x93\0\0\0\0\0\0\x85\0\0\0\x06\0\0\0\x7b\x9a\xc8\xfe\0\0\
\0\0\x79\xa1\xc0\xfe\0\0\0\0\x7b\x1a\xd0\xfe\0\0\0\0\xbf\xa2\0\0\0\0\0\0\x07\
\x02\0\0\xc8\xfe\xff\xff\x18\x01\0\0\0\0\0\0\0\0\0\0\0\0\0\0\x85\0\0\0\x01\0\0\
\0\x15\0\x1b\0\0\0\0\0\x71\x01\x55\0\0\0\0\0\x67\x01\0\0\x08\0\0\0\x71\x02\x54\
\0\0\0\0\0\x4f\x21\0\0\0\0\0\0\x71\x02\x56\0\0\0\0\0\x67\x02\0\0\x10\0\0\0\x71\
\x04\x57\0\0\0\0\0\x67\x04\0\0\x18\0\0\0\x4f\x24\0\0\0\0\0\0\x4f\x14\0\0\0\0\0\
\0\x07\x04\0\0\x01\0\0\0\xbf\x41\0\0\0\0\0\0\x77\x01\0\0\x10\0\0\0\x73\x10\x56\
\0\0\0\0\0\xbf\x41\0\0\0\0\0\0\x77\x01\0\0\x18\0\0\0\x73\x10\x57\0\0\0\0\0\xbf\
\x41\0\0\0\0\0\0\x77\x01\0\0\x08\0\0\0\x73\x10\x55\0\0\0\0\0\x73\x40\x54\0\0\0\
\0\0\x79\xa3\xc0\xfe\0\0\0\0\x18\x01\0\0\x87\0\0\0\0\0\0\0\0\0\0\0\xb7\x02\0\0\
\x3a\0\0\0\x85\0\0\0\x06\0\0\0\x05\0\x8c\xff\0\0\0\0\xb7\x08\0\0\0\0\0\0\x73\
\x8a\xf8\xff\0\0\0\0\x7b\x8a\xf0\xff\0\0\0\0\x7b\x8a\xe8\xff\0\0\0\0\x7b\x8a\
\xe0\xff\0\0\0\0\x7b\x8a\xd8\xff\0\0\0\0\x7b\x8a\xd0\xff\0\0\0\0\x7b\x8a\xc8\
\xff\0\0\0\0\x7b\x8a\xc0\xff\0\0\0\0\x7b\x8a\xb8\xff\0\0\0\0\x7b\x8a\xb0\xff\0\
\0\0\0\x7b\x8a\xa8\xff\0\0\0\0\x7b\x8a\xa0\xff\0\0\0\0\x7b\x8a\x98\xff\0\0\0\0\
\x7b\x8a\x90\xff\0\0\0\0\x7b\x8a\x88\xff\0\0\0\0\x7b\x8a\x80\xff\0\0\0\0\x7b\
\x8a\x78\xff\0\0\0\0\x7b\x8a\x70\xff\0\0\0\0\x7b\x8a\x68\xff\0\0\0\0\x7b\x8a\
\x60\xff\0\0\0\0\x7b\x8a\x58\xff\0\0\0\0\x7b\x8a\x50\xff\0\0\0\0\x7b\x8a\x48\
\xff\0\0\0\0\x7b\x8a\x40\xff\0\0\0\0\x7b\x8a\x38\xff\0\0\0\0\x7b\x8a\x30\xff\0\
\0\0\0\x7b\x8a\x28\xff\0\0\0\0\x7b\x8a\x20\xff\0\0\0\0\x7b\x8a\x18\xff\0\0\0\0\
\x7b\x8a\x10\xff\0\0\0\0\x7b\x8a\x08\xff\0\0\0\0\x7b\x8a\0\xff\0\0\0\0\x7b\x8a\
\xf8\xfe\0\0\0\0\x7b\x8a\xf0\xfe\0\0\0\0\x7b\x8a\xe8\xfe\0\0\0\0\x7b\x8a\xe0\
\xfe\0\0\0\0\x7b\x8a\xd8\xfe\0\0\0\0\xbf\xa6\0\0\0\0\0\0\x07\x06\0\0\xc8\xfe\
\xff\xff\xbf\xa3\0\0\0\0\0\0\x07\x03\0\0\xd8\xfe\xff\xff\x18\x01\0\0\0\0\0\0\0\
\0\0\0\0\0\0\0\xbf\x62\0\0\0\0\0\0\xb7\x04\0\0\0\0\0\0\x85\0\0\0\x02\0\0\0\x18\
\x01\0\0\0\0\0\0\0\0\0\0\0\0\0\0\xbf\x62\0\0\0\0\0\0\x85\0\0\0\x01\0\0\0\x15\0\
\x58\xff\0\0\0\0\xbf\x92\0\0\0\0\0\0\x77\x02\0\0\x38\0\0\0\x79\xa1\xc0\xfe\0\0\
\0\0\x73\x20\x0f\0\0\0\0\0\xbf\x92\0\0\0\0\0\0\x77\x02\0\0\x30\0\0\0\x73\x20\
\x0e\0\0\0\0\0\xbf\x92\0\0\0\0\0\0\x77\x02\0\0\x28\0\0\0\x73\x20\x0d\0\0\0\0\0\
\xbf\x92\0\0\0\0\0\0\x77\x02\0\0\x20\0\0\0\x73\x20\x0c\0\0\0\0\0\xbf\x92\0\0\0\
\0\0\0\x77\x02\0\0\x18\0\0\0\x73\x20\x0b\0\0\0\0\0\xbf\x92\0\0\0\0\0\0\x77\x02\
\0\0\x10\0\0\0\x73\x20\x0a\0\0\0\0\0\x73\x90\x08\0\0\0\0\0\x77\x09\0\0\x08\0\0\
\0\x73\x90\x09\0\0\0\0\0\xbf\x12\0\0\0\0\0\0\x77\x02\0\0\x38\0\0\0\x73\x20\x07\
\0\0\0\0\0\xbf\x12\0\0\0\0\0\0\x77\x02\0\0\x30\0\0\0\x73\x20\x06\0\0\0\0\0\xbf\
\x12\0\0\0\0\0\0\x77\x02\0\0\x28\0\0\0\x73\x20\x05\0\0\0\0\0\xbf\x12\0\0\0\0\0\
\0\x77\x02\0\0\x20\0\0\0\x73\x20\x04\0\0\0\0\0\xbf\x12\0\0\0\0\0\0\x77\x02\0\0\
\x18\0\0\0\x73\x20\x03\0\0\0\0\0\xbf\x12\0\0\0\0\0\0\x77\x02\0\0\x10\0\0\0\x73\
\x20\x02\0\0\0\0\0\x73\x10\0\0\0\0\0\0\x77\x01\0\0\x08\0\0\0\x73\x10\x01\0\0\0\
\0\0\xbf\x09\0\0\0\0\0\0\x85\0\0\0\x05\0\0\0\xbf\x01\0\0\0\0\0\0\x77\x01\0\0\
\x38\0\0\0\x73\x19\x17\0\0\0\0\0\xbf\x01\0\0\0\0\0\0\x77\x01\0\0\x30\0\0\0\x73\
\x19\x16\0\0\0\0\0\xbf\x01\0\0\0\0\0\0\x77\x01\0\0\x28\0\0\0\x73\x19\x15\0\0\0\
\0\0\xbf\x01\0\0\0\0\0\0\x77\x01\0\0\x20\0\0\0\x73\x19\x14\0\0\0\0\0\xbf\x01\0\
\0\0\0\0\0\x77\x01\0\0\x18\0\0\0\x73\x19\x13\0\0\0\0\0\xbf\x01\0\0\0\0\0\0\x77\
\x01\0\0\x10\0\0\0\x73\x19\x12\0\0\0\0\0\x73\x09\x10\0\0\0\0\0\x77\0\0\0\x08\0\
\0\0\x73\x09\x11\0\0\0\0\0\x61\xa1\xbc\xfe\0\0\0\0\xbf\x12\0\0\0\0\0\0\x77\x02\
\0\0\x18\0\0\0\x73\x29\x2b\0\0\0\0\0\xbf\x12\0\0\0\0\0\0\x77\x02\0\0\x10\0\0\0\
\x73\x29\x2a\0\0\0\0\0\x73\x19\x28\0\0\0\0\0\x77\x01\0\0\x08\0\0\0\x73\x19\x29\
\0\0\0\0\0\x85\0\0\0\x0e\0\0\0\xbf\x01\0\0\0\0\0\0\x77\x01\0\0\x38\0\0\0\x73\
\x19\x53\0\0\0\0\0\xbf\x01\0\0\0\0\0\0\x77\x01\0\0\x30\0\0\0\x73\x19\x52\0\0\0\
\0\0\xbf\x01\0\0\0\0\0\0\x77\x01\0\0\x28\0\0\0\x73\x19\x51\0\0\0\0\0\x77\0\0\0\
\x20\0\0\0\x73\x09\x50\0\0\0\0\0\xbf\x91\0\0\0\0\0\0\x07\x01\0\0\x58\0\0\0\xb7\
\x02\0\0\x10\0\0\0\x85\0\0\0\x10\0\0\0\x73\x89\x57\0\0\0\0\0\x73\x89\x56\0\0\0\
\0\0\x73\x89\x55\0\0\0\0\0\xb7\x01\0\0\x01\0\0\0\x73\x19\x54\0\0\0\0\0\xb7\x01\
\0\0\x60\0\0\0\xbf\x76\0\0\0\0\0\0\x0f\x16\0\0\0\0\0\0\x7b\x9a\x60\xfe\0\0\0\0\
\x07\x09\0\0\x4c\0\0\0\xb7\x01\0\0\x50\x01\0\0\xbf\x63\0\0\0\0\0\0\x0f\x13\0\0\
\0\0\0\0\xbf\x91\0\0\0\0\0\0\xb7\x02\0\0\x04\0\0\0\x85\0\0\0\x71\0\0\0\x55\0\
\x19\0\0\0\0\0\x71\x91\x01\0\0\0\0\0\x67\x01\0\0\x08\0\0\0\x71\x92\0\0\0\0\0\0\
\x4f\x21\0\0\0\0\0\0\x71\x93\x02\0\0\0\0\0\x67\x03\0\0\x10\0\0\0\x71\x92\x03\0\
\0\0\0\0\x67\x02\0\0\x18\0\0\0\x4f\x32\0\0\0\0\0\0\x4f\x12\0\0\0\0\0\0\xb7\x01\
\0\0\x09\0\0\0\x2d\x21\x06\0\0\0\0\0\xb7\x01\0\0\0\0\0\0\x73\x19\x03\0\0\0\0\0\
\x73\x19\x02\0\0\0\0\0\x73\x19\x01\0\0\0\0\0\xb7\x02\0\0\x08\0\0\0\x73\x29\0\0\
\0\0\0\0\xb7\x01\0\0\xd0\0\0\0\xbf\x63\0\0\0\0\0\0\x0f\x13\0\0\0\0\0\0\x79\xa1\
\x60\xfe\0\0\0\0\x07\x01\0\0\x2c\0\0\0\x67\x02\0\0\x02\0\0\0\x85\0\0\0\x71\0\0\
\0\xb7\x01\0\0\x8c\0\0\0\xbf\x63\0\0\0\0\0\0\x0f\x13\0\0\0\0\0\0\xbf\xa1\0\0\0\
\0\0\0\x07\x01\0\0\x90\xfe\xff\xff\xb7\x02\0\0\x04\0\0\0\x85\0\0\0\x71\0\0\0\
\x55\0\x16\0\0\0\0\0\x61\xa2\x90\xfe\0\0\0\0\xb7\x01\0\0\x17\0\0\0\x79\xa4\x60\
\xfe\0\0\0\0\x2d\x21\x01\0\0\0\0\0\xb7\x02\0\0\x17\0\0\0\xbf\x21\0\0\0\0\0\0\
\x77\x01\0\0\x18\0\0\0\x73\x14\x83\0\0\0\0\0\xbf\x21\0\0\0\0\0\0\x77\x01\0\0\
\x10\0\0\0\x73\x14\x82\0\0\0\0\0\xbf\x21\0\0\0\0\0\0\x77\x01\0\0\x08\0\0\0\x73\
\x14\x81\0\0\0\0\0\x73\x24\x80\0\0\0\0\0\xb7\x01\0\0\x58\0\0\0\xbf\x63\0\0\0\0\
\0\0\x0f\x13\0\0\0\0\0\0\x07\x02\0\0\x01\0\0\0\xbf\x41\0\0\0\0\0\0\x07\x01\0\0\
\x68\0\0\0\x85\0\0\0\x73\0\0\0\xb7\x01\0\0\xb0\0\0\0\xbf\x63\0\0\0\0\0\0\x0f\
\x13\0\0\0\0\0\0\xbf\xa1\0\0\0\0\0\0\x07\x01\0\0\xd8\xfe\xff\xff\xb7\x02\0\0\
\x18\0\0\0\x85\0\0\0\x71\0\0\0\x55\0\x29\0\0\0\0\0\xbf\xa1\0\0\0\0\0\0\x07\x01\
\0\0\xd8\xfe\xff\xff\x79\x13\0\0\0\0\0\0\xbf\x32\0\0\0\0\0\0\x77\x02\0\0\x38\0\
\0\0\x79\xa5\x60\xfe\0\0\0\0\x73\x25\x8d\0\0\0\0\0\xbf\x32\0\0\0\0\0\0\x77\x02\
\0\0\x30\0\0\0\x73\x25\x8c\0\0\0\0\0\xbf\x32\0\0\0\0\0\0\x77\x02\0\0\x28\0\0\0\
\x73\x25\x8b\0\0\0\0\0\xbf\x32\0\0\0\0\0\0\x77\x02\0\0\x20\0\0\0\x73\x25\x8a\0\
\0\0\0\0\xbf\x32\0\0\0\0\0\0\x77\x02\0\0\x18\0\0\0\x73\x25\x89\0\0\0\0\0\xbf\
\x32\0\0\0\0\0\0\x77\x02\0\0\x10\0\0\0\x73\x25\x88\0\0\0\0\0\xbf\x32\0\0\0\0\0\
\0\x77\x02\0\0\x08\0\0\0\x73\x25\x87\0\0\0\0\0\x73\x35\x86\0\0\0\0\0\x61\x14\
\x08\0\0\0\0\0\xbf\x41\0\0\0\0\0\0\x77\x01\0\0\x18\0\0\0\x73\x15\x91\0\0\0\0\0\
\xbf\x41\0\0\0\0\0\0\x77\x01\0\0\x10\0\0\0\x73\x15\x90\0\0\0\0\0\xbf\x41\0\0\0\
\0\0\0\x77\x01\0\0\x08\0\0\0\x73\x15\x8f\0\0\0\0\0\x73\x45\x8e\0\0\0\0\0\x18\
\x01\0\0\xc1\0\0\0\0\0\0\0\0\0\0\0\xb7\x02\0\0\x2c\0\0\0\x85\0\0\0\x06\0\0\0\
\xb7\x01\0\0\xec\x01\0\0\x0f\x16\0\0\0\0\0\0\xbf\xa1\0\0\0\0\0\0\x07\x01\0\0\
\x8c\xfe\xff\xff\xb7\x02\0\0\x04\0\0\0\xbf\x63\0\0\0\0\0\0\x85\0\0\0\x71\0\0\0\
\x55\0\x0d\0\0\0\0\0\x61\xa3\x8c\xfe\0\0\0\0\xbf\x34\0\0\0\0\0\0\x77\x04\0\0\
\x05\0\0\0\x57\x04\0\0\x01\0\0\0\x79\xa1\x60\xfe\0\0\0\0\x73\x41\x85\0\0\0\0\0\
\xbf\x45\0\0\0\0\0\0\xa7\x05\0\0\x01\0\0\0\x73\x51\x84\0\0\0\0\0\x18\x01\0\0\
\xed\0\0\0\0\0\0\0\0\0\0\0\xb7\x02\0\0\x39\0\0\0\x85\0\0\0\x06\0\0\0\xb7\x01\0\
\0\x74\x02\0\0\xbf\x73\0\0\0\0\0\0\x0f\x13\0\0\0\0\0\0\xbf\xa1\0\0\0\0\0\0\x07\
\x01\0\0\x88\xfe\xff\xff\xb7\x02\0\0\x04\0\0\0\x85\0\0\0\x71\0\0\0\x55\0\x47\0\
\0\0\0\0\x61\xa1\x88\xfe\0\0\0\0\x15\x01\x45\0\0\0\0\0\xb7\x02\0\0\x03\0\0\0\
\x2d\x12\x01\0\0\0\0\0\xb7\x01\0\0\x03\0\0\0\x79\xa2\x60\xfe\0\0\0\0\x73\x12\
\x98\0\0\0\0\0\xb7\x01\0\0\0\0\0\0\x73\x12\xa0\0\0\0\0\0\x73\x12\x9f\0\0\0\0\0\
\x73\x12\x9e\0\0\0\0\0\x73\x12\x9d\0\0\0\0\0\x73\x12\x9c\0\0\0\0\0\x73\x12\x9b\
\0\0\0\0\0\x73\x12\x9a\0\0\0\0\0\x73\x12\x99\0\0\0\0\0\x73\x12\xa8\0\0\0\0\0\
\x73\x12\xa7\0\0\0\0\0\x73\x12\xa6\0\0\0\0\0\x73\x12\xa5\0\0\0\0\0\x73\x12\xa4\
\0\0\0\0\0\x73\x12\xa3\0\0\0\0\0\x73\x12\xa2\0\0\0\0\0\x73\x12\xa1\0\0\0\0\0\
\xbf\x26\0\0\0\0\0\0\x07\x06\0\0\xb1\0\0\0\xbf\x28\0\0\0\0\0\0\x07\x08\0\0\x92\
\0\0\0\xbf\x21\0\0\0\0\0\0\x07\x01\0\0\xa1\0\0\0\x7b\x1a\x48\xfe\0\0\0\0\x07\
\x02\0\0\x99\0\0\0\x7b\x2a\x50\xfe\0\0\0\0\xb7\x01\0\0\0\0\0\0\xb7\x02\0\0\x30\
\x03\0\0\xb7\x03\0\0\x30\x03\0\0\x0f\x13\0\0\0\0\0\0\x7b\x3a\x58\xfe\0\0\0\0\
\xb7\x01\0\0\x18\0\0\0\xb7\x03\0\0\x30\x03\0\0\x0f\x13\0\0\0\0\0\0\x7b\x3a\x20\
\xfe\0\0\0\0\xb7\x01\0\0\x20\0\0\0\xb7\x03\0\0\x30\x03\0\0\x0f\x13\0\0\0\0\0\0\
\x7b\x3a\x18\xfe\0\0\0\0\xb7\x01\0\0\x18\0\0\0\xb7\x03\0\0\x30\x03\0\0\x0f\x13\
\0\0\0\0\0\0\x7b\x3a\x40\xfe\0\0\0\0\xb7\x01\0\0\xb8\0\0\0\xb7\x03\0\0\x30\x03\
\0\0\x0f\x13\0\0\0\0\0\0\x7b\x3a\x28\xfe\0\0\0\0\xb7\x01\0\0\x20\0\0\0\xb7\x03\
\0\0\x30\x03\0\0\x0f\x13\0\0\0\0\0\0\x7b\x3a\x38\xfe\0\0\0\0\xb7\x01\0\0\xb9\0\
\0\0\x0f\x12\0\0\0\0\0\0\x7b\x2a\x30\xfe\0\0\0\0\xb7\x09\0\0\0\0\0\0\x05\0\x0e\
\0\0\0\0\0\x25\x09\x07\0\x01\0\0\0\x79\xa1\x60\xfe\0\0\0\0\x71\x11\x98\0\0\0\0\
\0\x07\x06\0\0\x28\0\0\0\x07\x08\0\0\x02\0\0\0\x07\x07\0\0\xc0\0\0\0\x07\x09\0\
\0\x01\0\0\0\x2d\x91\x06\0\0\0\0\0\x79\xa4\xd0\xfe\0\0\0\0\x79\xa3\xc8\xfe\0\0\
\0\0\x18\x01\0\0\x54\x01\0\0\0\0\0\0\0\0\0\0\xb7\x02\0\0\x38\0\0\0\x05\0\x8b\
\xfe\0\0\0\0\xbf\x73\0\0\0\0\0\0\x79\xa1\x58\xfe\0\0\0\0\x0f\x13\0\0\0\0\0\0\
\xbf\xa1\0\0\0\0\0\0\x07\x01\0\0\x86\xfe\xff\xff\xb7\x02\0\0\x02\0\0\0\x85\0\0\
\0\x71\0\0\0\x55\0\xea\xff\0\0\0\0\x69\xa1\x86\xfe\0\0\0\0\xbf\x12\0\0\0\0\0\0\
\x77\x02\0\0\x08\0\0\0\x73\x28\x01\0\0\0\0\0\x73\x18\0\0\0\0\0\0\x15\x01\x12\0\
\x01\x12\0\0\xbf\x12\0\0\0\0\0\0\x07\x02\0\0\xff\xdd\xff\xff\x25\x02\x01\0\x05\
\0\0\0\x05\0\x09\0\0\0\0\0\xbf\x12\0\0\0\0\0\0\x07\x02\0\0\xfd\xed\xff\xff\x25\
\x02\x04\0\x08\0\0\0\xb7\x03\0\0\x01\0\0\0\x6f\x23\0\0\0\0\0\0\x57\x03\0\0\x05\
\x01\0\0\x55\x03\x07\0\0\0\0\0\x15\x01\x76\0\x01\x14\0\0\x05\0\xd7\xff\0\0\0\0\
\xb7\x03\0\0\x01\0\0\0\x6f\x23\0\0\0\0\0\0\x57\x03\0\0\x2b\0\0\0\x55\x03\x01\0\
\0\0\0\0\x05\0\xf2\xff\0\0\0\0\x79\xa5\x50\xfe\0\0\0\0\x71\x53\x01\0\0\0\0\0\
\x67\x03\0\0\x08\0\0\0\x71\x52\0\0\0\0\0\0\x4f\x23\0\0\0\0\0\0\x71\x54\x02\0\0\
\0\0\0\x67\x04\0\0\x10\0\0\0\x71\x52\x03\0\0\0\0\0\x67\x02\0\0\x18\0\0\0\x4f\
\x42\0\0\0\0\0\0\x4f\x32\0\0\0\0\0\0\x71\x53\x05\0\0\0\0\0\x67\x03\0\0\x08\0\0\
\0\x71\x54\x04\0\0\0\0\0\x4f\x43\0\0\0\0\0\0\x71\x54\x06\0\0\0\0\0\x67\x04\0\0\
\x10\0\0\0\x71\x55\x07\0\0\0\0\0\x67\x05\0\0\x18\0\0\0\x4f\x45\0\0\0\0\0\0\x4f\
\x35\0\0\0\0\0\0\x67\x05\0\0\x20\0\0\0\x4f\x25\0\0\0\0\0\0\x55\x05\x57\0\0\0\0\
\0\x79\xa5\x48\xfe\0\0\0\0\x71\x53\x01\0\0\0\0\0\x67\x03\0\0\x08\0\0\0\x71\x52\
\0\0\0\0\0\0\x4f\x23\0\0\0\0\0\0\x71\x54\x02\0\0\0\0\0\x67\x04\0\0\x10\0\0\0\
\x71\x52\x03\0\0\0\0\0\x67\x02\0\0\x18\0\0\0\x4f\x42\0\0\0\0\0\0\x4f\x32\0\0\0\
\0\0\0\x71\x53\x05\0\0\0\0\0\x67\x03\0\0\x08\0\0\0\x71\x54\x04\0\0\0\0\0\x4f\
\x43\0\0\0\0\0\0\x71\x54\x06\0\0\0\0\0\x67\x04\0\0\x10\0\0\0\x71\x55\x07\0\0\0\
\0\0\x67\x05\0\0\x18\0\0\0\x4f\x45\0\0\0\0\0\0\x4f\x35\0\0\0\0\0\0\x67\x05\0\0\
\x20\0\0\0\x4f\x25\0\0\0\0\0\0\x55\x05\x3f\0\0\0\0\0\xbf\x73\0\0\0\0\0\0\x79\
\xa1\x20\xfe\0\0\0\0\x0f\x13\0\0\0\0\0\0\x79\xa1\x50\xfe\0\0\0\0\xb7\x02\0\0\
\x08\0\0\0\x85\0\0\0\x71\0\0\0\xbf\x73\0\0\0\0\0\0\x79\xa1\x18\xfe\0\0\0\0\x0f\
\x13\0\0\0\0\0\0\x79\xa1\x48\xfe\0\0\0\0\xb7\x02\0\0\x08\0\0\0\x85\0\0\0\x71\0\
\0\0\x79\xa0\x50\xfe\0\0\0\0\x71\x01\x05\0\0\0\0\0\x67\x01\0\0\x08\0\0\0\x71\
\x02\x04\0\0\0\0\0\x4f\x21\0\0\0\0\0\0\x71\x02\x06\0\0\0\0\0\x67\x02\0\0\x10\0\
\0\0\x71\x03\x07\0\0\0\0\0\x67\x03\0\0\x18\0\0\0\x4f\x23\0\0\0\0\0\0\x71\x04\
\x01\0\0\0\0\0\x67\x04\0\0\x08\0\0\0\x71\x02\0\0\0\0\0\0\x4f\x24\0\0\0\0\0\0\
\x71\x05\x02\0\0\0\0\0\x67\x05\0\0\x10\0\0\0\x71\x02\x03\0\0\0\0\0\x67\x02\0\0\
\x18\0\0\0\x4f\x52\0\0\0\0\0\0\x4f\x42\0\0\0\0\0\0\x4f\x13\0\0\0\0\0\0\x79\xa0\
\x48\xfe\0\0\0\0\x71\x04\x01\0\0\0\0\0\x67\x04\0\0\x08\0\0\0\x71\x01\0\0\0\0\0\
\0\x4f\x14\0\0\0\0\0\0\x71\x05\x02\0\0\0\0\0\x67\x05\0\0\x10\0\0\0\x71\x01\x03\
\0\0\0\0\0\x67\x01\0\0\x18\0\0\0\x4f\x51\0\0\0\0\0\0\x67\x03\0\0\x20\0\0\0\x4f\
\x23\0\0\0\0\0\0\x4f\x41\0\0\0\0\0\0\x71\x02\x05\0\0\0\0\0\x67\x02\0\0\x08\0\0\
\0\x71\x04\x04\0\0\0\0\0\x4f\x42\0\0\0\0\0\0\x71\x05\x06\0\0\0\0\0\x67\x05\0\0\
\x10\0\0\0\x71\x04\x07\0\0\0\0\0\x67\x04\0\0\x18\0\0\0\x4f\x54\0\0\0\0\0\0\x4f\
\x24\0\0\0\0\0\0\x67\x04\0\0\x20\0\0\0\x4f\x14\0\0\0\0\0\0\x18\x01\0\0\x26\x01\
\0\0\0\0\0\0\0\0\0\0\xb7\x02\0\0\x2e\0\0\0\x85\0\0\0\x06\0\0\0\x05\0\x63\xff\0\
\0\0\0\x55\x01\x62\xff\x01\x14\0\0\xb7\x01\0\0\0\0\0\0\x7b\x1a\x78\xfe\0\0\0\0\
\x7b\x1a\x70\xfe\0\0\0\0\x73\x1a\x6f\xfe\0\0\0\0\x73\x1a\x6e\xfe\0\0\0\0\xbf\
\x73\0\0\0\0\0\0\x79\xa1\x40\xfe\0\0\0\0\x0f\x13\0\0\0\0\0\0\xbf\xa1\0\0\0\0\0\
\0\x07\x01\0\0\x78\xfe\xff\xff\xb7\x02\0\0\x08\0\0\0\x85\0\0\0\x71\0\0\0\x55\0\
\x16\0\0\0\0\0\xbf\x73\0\0\0\0\0\0\x79\xa1\x28\xfe\0\0\0\0\x0f\x13\0\0\0\0\0\0\
\xbf\xa1\0\0\0\0\0\0\x07\x01\0\0\x6f\xfe\xff\xff\xb7\x02\0\0\x01\0\0\0\x85\0\0\
\0\x71\0\0\0\x55\0\x0e\0\0\0\0\0\x79\xa3\x78\xfe\0\0\0\0\x15\x03\x0c\0\0\0\0\0\
\x71\xa2\x6f\xfe\0\0\0\0\x15\x02\x0a\0\0\0\0\0\xb7\x01\0\0\x08\0\0\0\x2d\x21\
\x02\0\0\0\0\0\xb7\x02\0\0\x07\0\0\0\x73\x2a\x6f\xfe\0\0\0\0\xbf\x61\0\0\0\0\0\
\0\x07\x01\0\0\xf8\xff\xff\xff\x07\x02\0\0\x01\0\0\0\x57\x02\0\0\xff\0\0\0\x85\
\0\0\0\x73\0\0\0\x05\0\x02\0\0\0\0\0\xb7\x01\0\0\0\0\0\0\x73\x16\xf8\xff\0\0\0\
\0\xbf\x73\0\0\0\0\0\0\x79\xa1\x38\xfe\0\0\0\0\x0f\x13\0\0\0\0\0\0\xbf\xa1\0\0\
\0\0\0\0\x07\x01\0\0\x70\xfe\xff\xff\xb7\x02\0\0\x08\0\0\0\x85\0\0\0\x71\0\0\0\
\x55\0\x15\0\0\0\0\0\xbf\x73\0\0\0\0\0\0\x79\xa1\x30\xfe\0\0\0\0\x0f\x13\0\0\0\
\0\0\0\xbf\xa1\0\0\0\0\0\0\x07\x01\0\0\x6e\xfe\xff\xff\xb7\x02\0\0\x01\0\0\0\
\x85\0\0\0\x71\0\0\0\x55\0\x0d\0\0\0\0\0\x79\xa3\x70\xfe\0\0\0\0\x15\x03\x0b\0\
\0\0\0\0\x71\xa2\x6e\xfe\0\0\0\0\x15\x02\x09\0\0\0\0\0\xb7\x01\0\0\x20\0\0\0\
\x2d\x21\x02\0\0\0\0\0\xb7\x02\0\0\x1f\0\0\0\x73\x2a\x6e\xfe\0\0\0\0\x07\x02\0\
\0\x01\0\0\0\x57\x02\0\0\xff\0\0\0\xbf\x61\0\0\0\0\0\0\x85\0\0\0\x73\0\0\0\x05\
\0\x20\xff\0\0\0\0\xb7\x01\0\0\0\0\0\0\x73\x16\0\0\0\0\0\0\x05\0\x1d\xff\0\0\0\
\0\x79\x17\x70\0\0\0\0\0\x79\x18\x68\0\0\0\0\0\xb7\x06\0\0\0\0\0\0\x7b\x6a\xf8\
\xff\0\0\0\0\x7b\x6a\xf0\xff\0\0\0\0\x18\x01\0\0\x8c\x01\0\0\0\0\0\0\0\0\0\0\
\xb7\x02\0\0\x1d\0\0\0\x85\0\0\0\x06\0\0\0\xb7\x01\0\0\x08\0\0\0\x0f\x18\0\0\0\
\0\0\0\xbf\xa1\0\0\0\0\0\0\x07\x01\0\0\xf8\xff\xff\xff\xb7\x02\0\0\x08\0\0\0\
\xbf\x83\0\0\0\0\0\0\x85\0\0\0\x71\0\0\0\x15\0\x05\0\0\0\0\0\x18\x01\0\0\xa9\
\x01\0\0\0\0\0\0\0\0\0\0\xb7\x02\0\0\x28\0\0\0\x85\0\0\0\x06\0\0\0\x05\0\xec\
\x02\0\0\0\0\x79\xa3\xf8\xff\0\0\0\0\x18\x01\0\0\xd1\x01\0\0\0\0\0\0\0\0\0\0\
\xb7\x02\0\0\x1e\0\0\0\x85\0\0\0\x06\0\0\0\xb7\x01\0\0\0\0\0\0\x0f\x17\0\0\0\0\
\0\0\xbf\xa1\0\0\0\0\0\0\x07\x01\0\0\xe8\xff\xff\xff\xb7\x02\0\0\x08\0\0\0\xbf\
\x73\0\0\0\0\0\0\x85\0\0\0\x71\0\0\0\x55\0\x33\0\0\0\0\0\xb7\x01\0\0\x08\0\0\0\
\x79\xa3\xe8\xff\0\0\0\0\x0f\x13\0\0\0\0\0\0\xbf\xa1\0\0\0\0\0\0\x07\x01\0\0\
\xe0\xff\xff\xff\xb7\x02\0\0\x08\0\0\0\x85\0\0\0\x71\0\0\0\x55\0\x2b\0\0\0\0\0\
\xb7\x01\0\0\0\0\0\0\x79\xa3\xe0\xff\0\0\0\0\x0f\x13\0\0\0\0\0\0\xbf\xa1\0\0\0\
\0\0\0\x07\x01\0\0\xd8\xff\xff\xff\xb7\x02\0\0\x08\0\0\0\x85\0\0\0\x71\0\0\0\
\x55\0\x23\0\0\0\0\0\xb7\x01\0\0\x80\0\0\0\x79\xa3\xd8\xff\0\0\0\0\x0f\x13\0\0\
\0\0\0\0\xbf\xa1\0\0\0\0\0\0\x07\x01\0\0\xcf\xff\xff\xff\xb7\x02\0\0\x09\0\0\0\
\x85\0\0\0\x71\0\0\0\x55\0\x1b\0\0\0\0\0\xb7\x02\0\0\x01\0\0\0\xbf\xa3\0\0\0\0\
\0\0\x07\x03\0\0\xcf\xff\xff\xff\xbf\x31\0\0\0\0\0\0\x0f\x21\0\0\0\0\0\0\x71\
\x14\x01\0\0\0\0\0\x67\x04\0\0\x08\0\0\0\x71\x32\x01\0\0\0\0\0\x4f\x24\0\0\0\0\
\0\0\x71\x13\x02\0\0\0\0\0\x67\x03\0\0\x10\0\0\0\x71\x12\x03\0\0\0\0\0\x67\x02\
\0\0\x18\0\0\0\x4f\x32\0\0\0\0\0\0\x4f\x42\0\0\0\0\0\0\x71\x13\x05\0\0\0\0\0\
\x67\x03\0\0\x08\0\0\0\x71\x14\x04\0\0\0\0\0\x4f\x43\0\0\0\0\0\0\x71\x14\x06\0\
\0\0\0\0\x67\x04\0\0\x10\0\0\0\x71\x16\x07\0\0\0\0\0\x67\x06\0\0\x18\0\0\0\x4f\
\x46\0\0\0\0\0\0\x4f\x36\0\0\0\0\0\0\x67\x06\0\0\x20\0\0\0\x4f\x26\0\0\0\0\0\0\
\x7b\x6a\xf0\xff\0\0\0\0\x18\x01\0\0\xef\x01\0\0\0\0\0\0\0\0\0\0\xb7\x02\0\0\
\x24\0\0\0\xbf\x63\0\0\0\0\0\0\x85\0\0\0\x06\0\0\0\xbf\xa2\0\0\0\0\0\0\x07\x02\
\0\0\xf0\xff\xff\xff\x18\x01\0\0\0\0\0\0\0\0\0\0\0\0\0\0\x85\0\0\0\x01\0\0\0\
\xbf\x07\0\0\0\0\0\0\x55\x07\x07\0\0\0\0\0\x79\xa4\xf8\xff\0\0\0\0\x79\xa3\xf0\
\xff\0\0\0\0\x18\x01\0\0\x13\x02\0\0\0\0\0\0\0\0\0\0\xb7\x02\0\0\x4a\0\0\0\x85\
\0\0\0\x06\0\0\0\x05\0\x98\x02\0\0\0\0\x18\x01\0\0\x5d\x02\0\0\0\0\0\0\0\0\0\0\
\xb7\x02\0\0\x2b\0\0\0\x85\0\0\0\x06\0\0\0\x85\0\0\0\x05\0\0\0\xbf\x06\0\0\0\0\
\0\0\xb7\x08\0\0\0\0\0\0\x18\x01\0\0\0\0\0\0\0\0\0\0\0\0\0\0\xb7\x02\0\0\x21\
\x01\0\0\xb7\x03\0\0\0\0\0\0\x85\0\0\0\x83\0\0\0\x15\0\x86\x02\0\0\0\0\x71\x71\
\x1f\x01\0\0\0\0\x73\x10\x1f\x01\0\0\0\0\x71\x71\x1e\x01\0\0\0\0\x73\x10\x1e\
\x01\0\0\0\0\x71\x71\x1d\x01\0\0\0\0\x73\x10\x1d\x01\0\0\0\0\x71\x71\x1c\x01\0\
\0\0\0\x73\x10\x1c\x01\0\0\0\0\x71\x71\x1b\x01\0\0\0\0\x73\x10\x1b\x01\0\0\0\0\
\x71\x71\x1a\x01\0\0\0\0\x73\x10\x1a\x01\0\0\0\0\x71\x71\x19\x01\0\0\0\0\x73\
\x10\x19\x01\0\0\0\0\x71\x71\x18\x01\0\0\0\0\x73\x10\x18\x01\0\0\0\0\x71\x71\
\x17\x01\0\0\0\0\x73\x10\x17\x01\0\0\0\0\x71\x71\x16\x01\0\0\0\0\x73\x10\x16\
\x01\0\0\0\0\x71\x71\x15\x01\0\0\0\0\x73\x10\x15\x01\0\0\0\0\x71\x71\x14\x01\0\
\0\0\0\x73\x10\x14\x01\0\0\0\0\x71\x71\x13\x01\0\0\0\0\x73\x10\x13\x01\0\0\0\0\
\x71\x71\x12\x01\0\0\0\0\x73\x10\x12\x01\0\0\0\0\x71\x71\x11\x01\0\0\0\0\x73\
\x10\x11\x01\0\0\0\0\x71\x71\x10\x01\0\0\0\0\x73\x10\x10\x01\0\0\0\0\x71\x71\
\x0f\x01\0\0\0\0\x73\x10\x0f\x01\0\0\0\0\x71\x71\x0e\x01\0\0\0\0\x73\x10\x0e\
\x01\0\0\0\0\x71\x71\x0d\x01\0\0\0\0\x73\x10\x0d\x01\0\0\0\0\x71\x71\x0c\x01\0\
\0\0\0\x73\x10\x0c\x01\0\0\0\0\x71\x71\x0b\x01\0\0\0\0\x73\x10\x0b\x01\0\0\0\0\
\x71\x71\x0a\x01\0\0\0\0\x73\x10\x0a\x01\0\0\0\0\x71\x71\x09\x01\0\0\0\0\x73\
\x10\x09\x01\0\0\0\0\x71\x71\x08\x01\0\0\0\0\x73\x10\x08\x01\0\0\0\0\x71\x71\
\x07\x01\0\0\0\0\x73\x10\x07\x01\0\0\0\0\x71\x71\x06\x01\0\0\0\0\x73\x10\x06\
\x01\0\0\0\0\x71\x71\x05\x01\0\0\0\0\x73\x10\x05\x01\0\0\0\0\x71\x71\x04\x01\0\
\0\0\0\x73\x10\x04\x01\0\0\0\0\x71\x71\x03\x01\0\0\0\0\x73\x10\x03\x01\0\0\0\0\
\x71\x71\x02\x01\0\0\0\0\x73\x10\x02\x01\0\0\0\0\x71\x71\x01\x01\0\0\0\0\x73\
\x10\x01\x01\0\0\0\0\x71\x71\0\x01\0\0\0\0\x73\x10\0\x01\0\0\0\0\x71\x71\xff\0\
\0\0\0\0\x73\x10\xff\0\0\0\0\0\x71\x71\xfe\0\0\0\0\0\x73\x10\xfe\0\0\0\0\0\x71\
\x71\xfd\0\0\0\0\0\x73\x10\xfd\0\0\0\0\0\x71\x71\xfc\0\0\0\0\0\x73\x10\xfc\0\0\
\0\0\0\x71\x71\xfb\0\0\0\0\0\x73\x10\xfb\0\0\0\0\0\x71\x71\xfa\0\0\0\0\0\x73\
\x10\xfa\0\0\0\0\0\x71\x71\xf9\0\0\0\0\0\x73\x10\xf9\0\0\0\0\0\x71\x71\xf8\0\0\
\0\0\0\x73\x10\xf8\0\0\0\0\0\x71\x71\xf7\0\0\0\0\0\x73\x10\xf7\0\0\0\0\0\x71\
\x71\xf6\0\0\0\0\0\x73\x10\xf6\0\0\0\0\0\x71\x71\xf5\0\0\0\0\0\x73\x10\xf5\0\0\
\0\0\0\x71\x71\xf4\0\0\0\0\0\x73\x10\xf4\0\0\0\0\0\x71\x71\xf3\0\0\0\0\0\x73\
\x10\xf3\0\0\0\0\0\x71\x71\xf2\0\0\0\0\0\x73\x10\xf2\0\0\0\0\0\x71\x71\xf1\0\0\
\0\0\0\x73\x10\xf1\0\0\0\0\0\x71\x71\xf0\0\0\0\0\0\x73\x10\xf0\0\0\0\0\0\x71\
\x71\xef\0\0\0\0\0\x73\x10\xef\0\0\0\0\0\x71\x71\xee\0\0\0\0\0\x73\x10\xee\0\0\
\0\0\0\x71\x71\xed\0\0\0\0\0\x73\x10\xed\0\0\0\0\0\x71\x71\xec\0\0\0\0\0\x73\
\x10\xec\0\0\0\0\0\x71\x71\xeb\0\0\0\0\0\x73\x10\xeb\0\0\0\0\0\x71\x71\xea\0\0\
\0\0\0\x73\x10\xea\0\0\0\0\0\x71\x71\xe9\0\0\0\0\0\x73\x10\xe9\0\0\0\0\0\x71\
\x71\xe8\0\0\0\0\0\x73\x10\xe8\0\0\0\0\0\x71\x71\xe7\0\0\0\0\0\x73\x10\xe7\0\0\
\0\0\0\x71\x71\xe6\0\0\0\0\0\x73\x10\xe6\0\0\0\0\0\x71\x71\xe5\0\0\0\0\0\x73\
\x10\xe5\0\0\0\0\0\x71\x71\xe4\0\0\0\0\0\x73\x10\xe4\0\0\0\0\0\x71\x71\xe3\0\0\
\0\0\0\x73\x10\xe3\0\0\0\0\0\x71\x71\xe2\0\0\0\0\0\x73\x10\xe2\0\0\0\0\0\x71\
\x71\xe1\0\0\0\0\0\x73\x10\xe1\0\0\0\0\0\x71\x71\xe0\0\0\0\0\0\x73\x10\xe0\0\0\
\0\0\0\x71\x71\xdf\0\0\0\0\0\x73\x10\xdf\0\0\0\0\0\x71\x71\xde\0\0\0\0\0\x73\
\x10\xde\0\0\0\0\0\x71\x71\xdd\0\0\0\0\0\x73\x10\xdd\0\0\0\0\0\x71\x71\xdc\0\0\
\0\0\0\x73\x10\xdc\0\0\0\0\0\x71\x71\xdb\0\0\0\0\0\x73\x10\xdb\0\0\0\0\0\x71\
\x71\xda\0\0\0\0\0\x73\x10\xda\0\0\0\0\0\x71\x71\xd9\0\0\0\0\0\x73\x10\xd9\0\0\
\0\0\0\x71\x71\xd8\0\0\0\0\0\x73\x10\xd8\0\0\0\0\0\x71\x71\xd7\0\0\0\0\0\x73\
\x10\xd7\0\0\0\0\0\x71\x71\xd6\0\0\0\0\0\x73\x10\xd6\0\0\0\0\0\x71\x71\xd5\0\0\
\0\0\0\x73\x10\xd5\0\0\0\0\0\x71\x71\xd4\0\0\0\0\0\x73\x10\xd4\0\0\0\0\0\x71\
\x71\xd3\0\0\0\0\0\x73\x10\xd3\0\0\0\0\0\x71\x71\xd2\0\0\0\0\0\x73\x10\xd2\0\0\
\0\0\0\x71\x71\xd1\0\0\0\0\0\x73\x10\xd1\0\0\0\0\0\x71\x71\xd0\0\0\0\0\0\x73\
\x10\xd0\0\0\0\0\0\x71\x71\xcf\0\0\0\0\0\x73\x10\xcf\0\0\0\0\0\x71\x71\xce\0\0\
\0\0\0\x73\x10\xce\0\0\0\0\0\x71\x71\xcd\0\0\0\0\0\x73\x10\xcd\0\0\0\0\0\x71\
\x71\xcc\0\0\0\0\0\x73\x10\xcc\0\0\0\0\0\x71\x71\xcb\0\0\0\0\0\x73\x10\xcb\0\0\
\0\0\0\x71\x71\xca\0\0\0\0\0\x73\x10\xca\0\0\0\0\0\x71\x71\xc9\0\0\0\0\0\x73\
\x10\xc9\0\0\0\0\0\x71\x71\xc8\0\0\0\0\0\x73\x10\xc8\0\0\0\0\0\x71\x71\xc7\0\0\
\0\0\0\x73\x10\xc7\0\0\0\0\0\x71\x71\xc6\0\0\0\0\0\x73\x10\xc6\0\0\0\0\0\x71\
\x71\xc5\0\0\0\0\0\x73\x10\xc5\0\0\0\0\0\x71\x71\xc4\0\0\0\0\0\x73\x10\xc4\0\0\
\0\0\0\x71\x71\xc3\0\0\0\0\0\x73\x10\xc3\0\0\0\0\0\x71\x71\xc2\0\0\0\0\0\x73\
\x10\xc2\0\0\0\0\0\x71\x71\xc1\0\0\0\0\0\x73\x10\xc1\0\0\0\0\0\x71\x71\xc0\0\0\
\0\0\0\x73\x10\xc0\0\0\0\0\0\x71\x71\xbf\0\0\0\0\0\x73\x10\xbf\0\0\0\0\0\x71\
\x71\xbe\0\0\0\0\0\x73\x10\xbe\0\0\0\0\0\x71\x71\xbd\0\0\0\0\0\x73\x10\xbd\0\0\
\0\0\0\x71\x71\xbc\0\0\0\0\0\x73\x10\xbc\0\0\0\0\0\x71\x71\xbb\0\0\0\0\0\x73\
\x10\xbb\0\0\0\0\0\x71\x71\xba\0\0\0\0\0\x73\x10\xba\0\0\0\0\0\x71\x71\xb9\0\0\
\0\0\0\x73\x10\xb9\0\0\0\0\0\x71\x71\xb8\0\0\0\0\0\x73\x10\xb8\0\0\0\0\0\x71\
\x71\xb7\0\0\0\0\0\x73\x10\xb7\0\0\0\0\0\x71\x71\xb6\0\0\0\0\0\x73\x10\xb6\0\0\
\0\0\0\x71\x71\xb5\0\0\0\0\0\x73\x10\xb5\0\0\0\0\0\x71\x71\xb4\0\0\0\0\0\x73\
\x10\xb4\0\0\0\0\0\x71\x71\xb3\0\0\0\0\0\x73\x10\xb3\0\0\0\0\0\x71\x71\xb2\0\0\
\0\0\0\x73\x10\xb2\0\0\0\0\0\x71\x71\xb1\0\0\0\0\0\x73\x10\xb1\0\0\0\0\0\x71\
\x71\xb0\0\0\0\0\0\x73\x10\xb0\0\0\0\0\0\x71\x71\xaf\0\0\0\0\0\x73\x10\xaf\0\0\
\0\0\0\x71\x71\xae\0\0\0\0\0\x73\x10\xae\0\0\0\0\0\x71\x71\xad\0\0\0\0\0\x73\
\x10\xad\0\0\0\0\0\x71\x71\xac\0\0\0\0\0\x73\x10\xac\0\0\0\0\0\x71\x71\xab\0\0\
\0\0\0\x73\x10\xab\0\0\0\0\0\x71\x71\xaa\0\0\0\0\0\x73\x10\xaa\0\0\0\0\0\x71\
\x71\xa9\0\0\0\0\0\x73\x10\xa9\0\0\0\0\0\x71\x71\xa8\0\0\0\0\0\x73\x10\xa8\0\0\
\0\0\0\x71\x71\xa7\0\0\0\0\0\x73\x10\xa7\0\0\0\0\0\x71\x71\xa6\0\0\0\0\0\x73\
\x10\xa6\0\0\0\0\0\x71\x71\xa5\0\0\0\0\0\x73\x10\xa5\0\0\0\0\0\x71\x71\xa4\0\0\
\0\0\0\x73\x10\xa4\0\0\0\0\0\x71\x71\xa3\0\0\0\0\0\x73\x10\xa3\0\0\0\0\0\x71\
\x71\xa2\0\0\0\0\0\x73\x10\xa2\0\0\0\0\0\x71\x71\xa1\0\0\0\0\0\x73\x10\xa1\0\0\
\0\0\0\x71\x71\xa0\0\0\0\0\0\x73\x10\xa0\0\0\0\0\0\x71\x71\x9f\0\0\0\0\0\x73\
\x10\x9f\0\0\0\0\0\x71\x71\x9e\0\0\0\0\0\x73\x10\x9e\0\0\0\0\0\x71\x71\x9d\0\0\
\0\0\0\x73\x10\x9d\0\0\0\0\0\x71\x71\x9c\0\0\0\0\0\x73\x10\x9c\0\0\0\0\0\x71\
\x71\x9b\0\0\0\0\0\x73\x10\x9b\0\0\0\0\0\x71\x71\x9a\0\0\0\0\0\x73\x10\x9a\0\0\
\0\0\0\x71\x71\x99\0\0\0\0\0\x73\x10\x99\0\0\0\0\0\x71\x71\x98\0\0\0\0\0\x73\
\x10\x98\0\0\0\0\0\x71\x71\x97\0\0\0\0\0\x73\x10\x97\0\0\0\0\0\x71\x71\x96\0\0\
\0\0\0\x73\x10\x96\0\0\0\0\0\x71\x71\x95\0\0\0\0\0\x73\x10\x95\0\0\0\0\0\x71\
\x71\x94\0\0\0\0\0\x73\x10\x94\0\0\0\0\0\x71\x71\x93\0\0\0\0\0\x73\x10\x93\0\0\
\0\0\0\x71\x71\x92\0\0\0\0\0\x73\x10\x92\0\0\0\0\0\x71\x71\x91\0\0\0\0\0\x73\
\x10\x91\0\0\0\0\0\x71\x71\x90\0\0\0\0\0\x73\x10\x90\0\0\0\0\0\x71\x71\x8f\0\0\
\0\0\0\x73\x10\x8f\0\0\0\0\0\x71\x71\x8e\0\0\0\0\0\x73\x10\x8e\0\0\0\0\0\x71\
\x71\x8d\0\0\0\0\0\x73\x10\x8d\0\0\0\0\0\x71\x71\x8c\0\0\0\0\0\x73\x10\x8c\0\0\
\0\0\0\x71\x71\x8b\0\0\0\0\0\x73\x10\x8b\0\0\0\0\0\x71\x71\x8a\0\0\0\0\0\x73\
\x10\x8a\0\0\0\0\0\x71\x71\x89\0\0\0\0\0\x73\x10\x89\0\0\0\0\0\x71\x71\x88\0\0\
\0\0\0\x73\x10\x88\0\0\0\0\0\x71\x71\x87\0\0\0\0\0\x73\x10\x87\0\0\0\0\0\x71\
\x71\x86\0\0\0\0\0\x73\x10\x86\0\0\0\0\0\x71\x71\x85\0\0\0\0\0\x73\x10\x85\0\0\
\0\0\0\x71\x71\x84\0\0\0\0\0\x73\x10\x84\0\0\0\0\0\x71\x71\x83\0\0\0\0\0\x73\
\x10\x83\0\0\0\0\0\x71\x71\x82\0\0\0\0\0\x73\x10\x82\0\0\0\0\0\x71\x71\x81\0\0\
\0\0\0\x73\x10\x81\0\0\0\0\0\x71\x71\x80\0\0\0\0\0\x73\x10\x80\0\0\0\0\0\x71\
\x71\x7f\0\0\0\0\0\x73\x10\x7f\0\0\0\0\0\x71\x71\x7e\0\0\0\0\0\x73\x10\x7e\0\0\
\0\0\0\x71\x71\x7d\0\0\0\0\0\x73\x10\x7d\0\0\0\0\0\x71\x71\x7c\0\0\0\0\0\x73\
\x10\x7c\0\0\0\0\0\x71\x71\x7b\0\0\0\0\0\x73\x10\x7b\0\0\0\0\0\x71\x71\x7a\0\0\
\0\0\0\x73\x10\x7a\0\0\0\0\0\x71\x71\x79\0\0\0\0\0\x73\x10\x79\0\0\0\0\0\x71\
\x71\x78\0\0\0\0\0\x73\x10\x78\0\0\0\0\0\x71\x71\x77\0\0\0\0\0\x73\x10\x77\0\0\
\0\0\0\x71\x71\x76\0\0\0\0\0\x73\x10\x76\0\0\0\0\0\x71\x71\x75\0\0\0\0\0\x73\
\x10\x75\0\0\0\0\0\x71\x71\x74\0\0\0\0\0\x73\x10\x74\0\0\0\0\0\x71\x71\x73\0\0\
\0\0\0\x73\x10\x73\0\0\0\0\0\x71\x71\x72\0\0\0\0\0\x73\x10\x72\0\0\0\0\0\x71\
\x71\x71\0\0\0\0\0\x73\x10\x71\0\0\0\0\0\x71\x71\x70\0\0\0\0\0\x73\x10\x70\0\0\
\0\0\0\x71\x71\x6f\0\0\0\0\0\x73\x10\x6f\0\0\0\0\0\x71\x71\x6e\0\0\0\0\0\x73\
\x10\x6e\0\0\0\0\0\x71\x71\x6d\0\0\0\0\0\x73\x10\x6d\0\0\0\0\0\x71\x71\x6c\0\0\
\0\0\0\x73\x10\x6c\0\0\0\0\0\x71\x71\x6b\0\0\0\0\0\x73\x10\x6b\0\0\0\0\0\x71\
\x71\x6a\0\0\0\0\0\x73\x10\x6a\0\0\0\0\0\x71\x71\x69\0\0\0\0\0\x73\x10\x69\0\0\
\0\0\0\x71\x71\x68\0\0\0\0\0\x73\x10\x68\0\0\0\0\0\x71\x71\x67\0\0\0\0\0\x73\
\x10\x67\0\0\0\0\0\x71\x71\x66\0\0\0\0\0\x73\x10\x66\0\0\0\0\0\x71\x71\x65\0\0\
\0\0\0\x73\x10\x65\0\0\0\0\0\x71\x71\x64\0\0\0\0\0\x73\x10\x64\0\0\0\0\0\x71\
\x71\x63\0\0\0\0\0\x73\x10\x63\0\0\0\0\0\x71\x71\x62\0\0\0\0\0\x73\x10\x62\0\0\
\0\0\0\x71\x71\x61\0\0\0\0\0\x73\x10\x61\0\0\0\0\0\x71\x71\x60\0\0\0\0\0\x73\
\x10\x60\0\0\0\0\0\x71\x71\x5f\0\0\0\0\0\x73\x10\x5f\0\0\0\0\0\x71\x71\x5e\0\0\
\0\0\0\x73\x10\x5e\0\0\0\0\0\x71\x71\x5d\0\0\0\0\0\x73\x10\x5d\0\0\0\0\0\x71\
\x71\x5c\0\0\0\0\0\x73\x10\x5c\0\0\0\0\0\x71\x71\x5b\0\0\0\0\0\x73\x10\x5b\0\0\
\0\0\0\x71\x71\x5a\0\0\0\0\0\x73\x10\x5a\0\0\0\0\0\x71\x71\x59\0\0\0\0\0\x73\
\x10\x59\0\0\0\0\0\x71\x71\x58\0\0\0\0\0\x73\x10\x58\0\0\0\0\0\x71\x71\x57\0\0\
\0\0\0\x73\x10\x57\0\0\0\0\0\x71\x71\x56\0\0\0\0\0\x73\x10\x56\0\0\0\0\0\x71\
\x71\x55\0\0\0\0\0\x73\x10\x55\0\0\0\0\0\x71\x71\x54\0\0\0\0\0\x73\x10\x54\0\0\
\0\0\0\x71\x71\x53\0\0\0\0\0\x73\x10\x53\0\0\0\0\0\x71\x71\x52\0\0\0\0\0\x73\
\x10\x52\0\0\0\0\0\x71\x71\x51\0\0\0\0\0\x73\x10\x51\0\0\0\0\0\x71\x71\x50\0\0\
\0\0\0\x73\x10\x50\0\0\0\0\0\x71\x71\x4f\0\0\0\0\0\x73\x10\x4f\0\0\0\0\0\x71\
\x71\x4e\0\0\0\0\0\x73\x10\x4e\0\0\0\0\0\x71\x71\x4d\0\0\0\0\0\x73\x10\x4d\0\0\
\0\0\0\x71\x71\x4c\0\0\0\0\0\x73\x10\x4c\0\0\0\0\0\x71\x71\x4b\0\0\0\0\0\x73\
\x10\x4b\0\0\0\0\0\x71\x71\x4a\0\0\0\0\0\x73\x10\x4a\0\0\0\0\0\x71\x71\x49\0\0\
\0\0\0\x73\x10\x49\0\0\0\0\0\x71\x71\x48\0\0\0\0\0\x73\x10\x48\0\0\0\0\0\x71\
\x71\x47\0\0\0\0\0\x73\x10\x47\0\0\0\0\0\x71\x71\x46\0\0\0\0\0\x73\x10\x46\0\0\
\0\0\0\x71\x71\x45\0\0\0\0\0\x73\x10\x45\0\0\0\0\0\x71\x71\x44\0\0\0\0\0\x73\
\x10\x44\0\0\0\0\0\x71\x71\x43\0\0\0\0\0\x73\x10\x43\0\0\0\0\0\x71\x71\x42\0\0\
\0\0\0\x73\x10\x42\0\0\0\0\0\x71\x71\x41\0\0\0\0\0\x73\x10\x41\0\0\0\0\0\x71\
\x71\x40\0\0\0\0\0\x73\x10\x40\0\0\0\0\0\x71\x71\x3f\0\0\0\0\0\x73\x10\x3f\0\0\
\0\0\0\x71\x71\x3e\0\0\0\0\0\x73\x10\x3e\0\0\0\0\0\x71\x71\x3d\0\0\0\0\0\x73\
\x10\x3d\0\0\0\0\0\x71\x71\x3c\0\0\0\0\0\x73\x10\x3c\0\0\0\0\0\x71\x71\x3b\0\0\
\0\0\0\x73\x10\x3b\0\0\0\0\0\x71\x71\x3a\0\0\0\0\0\x73\x10\x3a\0\0\0\0\0\x71\
\x71\x39\0\0\0\0\0\x73\x10\x39\0\0\0\0\0\x71\x71\x38\0\0\0\0\0\x73\x10\x38\0\0\
\0\0\0\x71\x71\x37\0\0\0\0\0\x73\x10\x37\0\0\0\0\0\x71\x71\x36\0\0\0\0\0\x73\
\x10\x36\0\0\0\0\0\x71\x71\x35\0\0\0\0\0\x73\x10\x35\0\0\0\0\0\x71\x71\x34\0\0\
\0\0\0\x73\x10\x34\0\0\0\0\0\x71\x71\x33\0\0\0\0\0\x73\x10\x33\0\0\0\0\0\x71\
\x71\x32\0\0\0\0\0\x73\x10\x32\0\0\0\0\0\x71\x71\x31\0\0\0\0\0\x73\x10\x31\0\0\
\0\0\0\x71\x71\x30\0\0\0\0\0\x73\x10\x30\0\0\0\0\0\x71\x71\x2f\0\0\0\0\0\x73\
\x10\x2f\0\0\0\0\0\x71\x71\x2e\0\0\0\0\0\x73\x10\x2e\0\0\0\0\0\x71\x71\x2d\0\0\
\0\0\0\x73\x10\x2d\0\0\0\0\0\x71\x71\x2c\0\0\0\0\0\x73\x10\x2c\0\0\0\0\0\x71\
\x71\x2b\0\0\0\0\0\x73\x10\x2b\0\0\0\0\0\x71\x71\x2a\0\0\0\0\0\x73\x10\x2a\0\0\
\0\0\0\x71\x71\x29\0\0\0\0\0\x73\x10\x29\0\0\0\0\0\x71\x71\x28\0\0\0\0\0\x73\
\x10\x28\0\0\0\0\0\x71\x71\x27\0\0\0\0\0\x73\x10\x27\0\0\0\0\0\x71\x71\x26\0\0\
\0\0\0\x73\x10\x26\0\0\0\0\0\x71\x71\x25\0\0\0\0\0\x73\x10\x25\0\0\0\0\0\x71\
\x71\x24\0\0\0\0\0\x73\x10\x24\0\0\0\0\0\x71\x71\x23\0\0\0\0\0\x73\x10\x23\0\0\
\0\0\0\x71\x71\x22\0\0\0\0\0\x73\x10\x22\0\0\0\0\0\x71\x71\x21\0\0\0\0\0\x73\
\x10\x21\0\0\0\0\0\x71\x71\x20\0\0\0\0\0\x73\x10\x20\0\0\0\0\0\x71\x71\x1f\0\0\
\0\0\0\x73\x10\x1f\0\0\0\0\0\x71\x71\x1e\0\0\0\0\0\x73\x10\x1e\0\0\0\0\0\x71\
\x71\x1d\0\0\0\0\0\x73\x10\x1d\0\0\0\0\0\x71\x71\x1c\0\0\0\0\0\x73\x10\x1c\0\0\
\0\0\0\x71\x71\x1b\0\0\0\0\0\x73\x10\x1b\0\0\0\0\0\x71\x71\x1a\0\0\0\0\0\x73\
\x10\x1a\0\0\0\0\0\x71\x71\x19\0\0\0\0\0\x73\x10\x19\0\0\0\0\0\x71\x71\x18\0\0\
\0\0\0\x73\x10\x18\0\0\0\0\0\x71\x71\x17\0\0\0\0\0\x73\x10\x17\0\0\0\0\0\x71\
\x71\x16\0\0\0\0\0\x73\x10\x16\0\0\0\0\0\x71\x71\x15\0\0\0\0\0\x73\x10\x15\0\0\
\0\0\0\x71\x71\x14\0\0\0\0\0\x73\x10\x14\0\0\0\0\0\x71\x71\x13\0\0\0\0\0\x73\
\x10\x13\0\0\0\0\0\x71\x71\x12\0\0\0\0\0\x73\x10\x12\0\0\0\0\0\x71\x71\x11\0\0\
\0\0\0\x73\x10\x11\0\0\0\0\0\x71\x71\x10\0\0\0\0\0\x73\x10\x10\0\0\0\0\0\x71\
\x71\x0f\0\0\0\0\0\x73\x10\x0f\0\0\0\0\0\x71\x71\x0e\0\0\0\0\0\x73\x10\x0e\0\0\
\0\0\0\x71\x71\x0d\0\0\0\0\0\x73\x10\x0d\0\0\0\0\0\x71\x71\x0c\0\0\0\0\0\x73\
\x10\x0c\0\0\0\0\0\x71\x71\x0b\0\0\0\0\0\x73\x10\x0b\0\0\0\0\0\x71\x71\x0a\0\0\
\0\0\0\x73\x10\x0a\0\0\0\0\0\x71\x71\x09\0\0\0\0\0\x73\x10\x09\0\0\0\0\0\x71\
\x71\x08\0\0\0\0\0\x73\x10\x08\0\0\0\0\0\x71\x71\x07\0\0\0\0\0\x73\x10\x07\0\0\
\0\0\0\x71\x71\x06\0\0\0\0\0\x73\x10\x06\0\0\0\0\0\x71\x71\x05\0\0\0\0\0\x73\
\x10\x05\0\0\0\0\0\x71\x71\x04\0\0\0\0\0\x73\x10\x04\0\0\0\0\0\x71\x71\x03\0\0\
\0\0\0\x73\x10\x03\0\0\0\0\0\x71\x71\x02\0\0\0\0\0\x73\x10\x02\0\0\0\0\0\x71\
\x71\x01\0\0\0\0\0\x73\x10\x01\0\0\0\0\0\x71\x71\0\0\0\0\0\0\x73\x10\0\0\0\0\0\
\0\x71\x71\x20\x01\0\0\0\0\x73\x10\x20\x01\0\0\0\0\xbf\x61\0\0\0\0\0\0\x77\x01\
\0\0\x38\0\0\0\x73\x10\x1f\0\0\0\0\0\xbf\x61\0\0\0\0\0\0\x77\x01\0\0\x30\0\0\0\
\x73\x10\x1e\0\0\0\0\0\xbf\x61\0\0\0\0\0\0\x77\x01\0\0\x28\0\0\0\x73\x10\x1d\0\
\0\0\0\0\xbf\x61\0\0\0\0\0\0\x77\x01\0\0\x20\0\0\0\x73\x10\x1c\0\0\0\0\0\xbf\
\x61\0\0\0\0\0\0\x77\x01\0\0\x18\0\0\0\x73\x10\x1b\0\0\0\0\0\xbf\x61\0\0\0\0\0\
\0\x77\x01\0\0\x10\0\0\0\x73\x10\x1a\0\0\0\0\0\xbf\x61\0\0\0\0\0\0\x77\x01\0\0\
\x08\0\0\0\x73\x10\x19\0\0\0\0\0\x73\x60\x18\0\0\0\0\0\x71\x72\x11\0\0\0\0\0\
\x67\x02\0\0\x08\0\0\0\x71\x71\x10\0\0\0\0\0\x4f\x12\0\0\0\0\0\0\x71\x73\x12\0\
\0\0\0\0\x67\x03\0\0\x10\0\0\0\x71\x71\x13\0\0\0\0\0\x67\x01\0\0\x18\0\0\0\x4f\
\x31\0\0\0\0\0\0\x4f\x21\0\0\0\0\0\0\x71\x72\x15\0\0\0\0\0\x67\x02\0\0\x08\0\0\
\0\x71\x73\x14\0\0\0\0\0\x4f\x32\0\0\0\0\0\0\x71\x73\x16\0\0\0\0\0\x67\x03\0\0\
\x10\0\0\0\x71\x74\x17\0\0\0\0\0\x67\x04\0\0\x18\0\0\0\x4f\x34\0\0\0\0\0\0\x4f\
\x24\0\0\0\0\0\0\x67\x04\0\0\x20\0\0\0\x4f\x14\0\0\0\0\0\0\x1f\x46\0\0\0\0\0\0\
\x37\x06\0\0\xe8\x03\0\0\xbf\x61\0\0\0\0\0\0\x77\x01\0\0\x28\0\0\0\x73\x10\x25\
\0\0\0\0\0\xbf\x61\0\0\0\0\0\0\x77\x01\0\0\x20\0\0\0\x73\x10\x24\0\0\0\0\0\xbf\
\x61\0\0\0\0\0\0\x77\x01\0\0\x30\0\0\0\x73\x10\x26\0\0\0\0\0\xbf\x61\0\0\0\0\0\
\0\x77\x01\0\0\x18\0\0\0\x73\x10\x23\0\0\0\0\0\xbf\x61\0\0\0\0\0\0\x77\x01\0\0\
\x08\0\0\0\x73\x10\x21\0\0\0\0\0\x73\x60\x20\0\0\0\0\0\x77\x06\0\0\x10\0\0\0\
\x73\x60\x22\0\0\0\0\0\x73\x80\x27\0\0\0\0\0\xbf\x01\0\0\0\0\0\0\xb7\x02\0\0\0\
\0\0\0\x85\0\0\0\x84\0\0\0\xbf\xa2\0\0\0\0\0\0\x07\x02\0\0\xf0\xff\xff\xff\x18\
\x01\0\0\0\0\0\0\0\0\0\0\0\0\0\0\x85\0\0\0\x03\0\0\0\xb7\0\0\0\0\0\0\0\x95\0\0\
\0\0\0\0\0\xbf\x16\0\0\0\0\0\0\x18\x01\0\0\x88\x02\0\0\0\0\0\0\0\0\0\0\xb7\x02\
\0\0\x2b\0\0\0\x85\0\0\0\x06\0\0\0\x79\x68\x70\0\0\0\0\0\x79\x66\x68\0\0\0\0\0\
\x55\x06\x05\0\0\0\0\0\x18\x01\0\0\xb3\x02\0\0\0\0\0\0\0\0\0\0\xb7\x02\0\0\x1f\
\0\0\0\x85\0\0\0\x06\0\0\0\x05\0\x24\x02\0\0\0\0\xb7\x01\0\0\0\0\0\0\x7b\x1a\
\x38\xff\0\0\0\0\x7b\x1a\x30\xff\0\0\0\0\xb7\x01\0\0\0\0\0\0\xbf\x63\0\0\0\0\0\
\0\x0f\x13\0\0\0\0\0\0\xbf\xa1\0\0\0\0\0\0\x07\x01\0\0\x28\xff\xff\xff\xb7\x02\
\0\0\x08\0\0\0\x85\0\0\0\x71\0\0\0\x15\0\x05\0\0\0\0\0\x18\x01\0\0\xd2\x02\0\0\
\0\0\0\0\0\0\0\0\xb7\x02\0\0\x2f\0\0\0\x85\0\0\0\x06\0\0\0\x05\0\x14\x02\0\0\0\
\0\xb7\x01\0\0\x2c\0\0\0\xbf\x63\0\0\0\0\0\0\x0f\x13\0\0\0\0\0\0\xbf\xa1\0\0\0\
\0\0\0\x07\x01\0\0\x24\xff\xff\xff\xb7\x02\0\0\x04\0\0\0\x85\0\0\0\x71\0\0\0\
\x15\0\x05\0\0\0\0\0\x18\x01\0\0\x01\x03\0\0\0\0\0\0\0\0\0\0\xb7\x02\0\0\x35\0\
\0\0\x85\0\0\0\x06\0\0\0\x05\0\x07\x02\0\0\0\0\x61\xa4\x24\xff\0\0\0\0\x79\xa3\
\x28\xff\0\0\0\0\x18\x01\0\0\x36\x03\0\0\0\0\0\0\0\0\0\0\xb7\x02\0\0\x2e\0\0\0\
\x85\0\0\0\x06\0\0\0\xb7\x01\0\0\0\0\0\0\xbf\x83\0\0\0\0\0\0\x0f\x13\0\0\0\0\0\
\0\xbf\xa1\0\0\0\0\0\0\x07\x01\0\0\x18\xff\xff\xff\xb7\x02\0\0\x08\0\0\0\x85\0\
\0\0\x71\0\0\0\x55\0\x43\0\0\0\0\0\x79\xa3\x18\xff\0\0\0\0\x15\x03\x41\0\0\0\0\
\0\xb7\x01\0\0\0\0\0\0\x0f\x13\0\0\0\0\0\0\xbf\xa1\0\0\0\0\0\0\x07\x01\0\0\xf8\
\xfe\xff\xff\xb7\x02\0\0\x08\0\0\0\x85\0\0\0\x71\0\0\0\x55\0\x3a\0\0\0\0\0\x79\
\xa3\xf8\xfe\0\0\0\0\x15\x03\x38\0\0\0\0\0\xb7\x01\0\0\x20\0\0\0\x0f\x13\0\0\0\
\0\0\0\xbf\xa1\0\0\0\0\0\0\x07\x01\0\0\x10\xff\xff\xff\xb7\x02\0\0\x08\0\0\0\
\x85\0\0\0\x71\0\0\0\x55\0\x31\0\0\0\0\0\xb7\x01\0\0\x80\0\0\0\x79\xa3\x10\xff\
\0\0\0\0\x0f\x13\0\0\0\0\0\0\xbf\xa1\0\0\0\0\0\0\x07\x01\0\0\x07\xff\xff\xff\
\xb7\x02\0\0\x09\0\0\0\x85\0\0\0\x71\0\0\0\x55\0\x29\0\0\0\0\0\xb7\x02\0\0\x01\
\0\0\0\xbf\xa3\0\0\0\0\0\0\x07\x03\0\0\x07\xff\xff\xff\xbf\x31\0\0\0\0\0\0\x0f\
\x21\0\0\0\0\0\0\x71\x14\x01\0\0\0\0\0\x67\x04\0\0\x08\0\0\0\x71\x32\x01\0\0\0\
\0\0\x4f\x24\0\0\0\0\0\0\x71\x13\x02\0\0\0\0\0\x67\x03\0\0\x10\0\0\0\x71\x12\
\x03\0\0\0\0\0\x67\x02\0\0\x18\0\0\0\x4f\x32\0\0\0\0\0\0\x4f\x42\0\0\0\0\0\0\
\x71\x13\x05\0\0\0\0\0\x67\x03\0\0\x08\0\0\0\x71\x14\x04\0\0\0\0\0\x4f\x43\0\0\
\0\0\0\0\x71\x14\x06\0\0\0\0\0\x67\x04\0\0\x10\0\0\0\x71\x19\x07\0\0\0\0\0\x67\
\x09\0\0\x18\0\0\0\x4f\x49\0\0\0\0\0\0\x4f\x39\0\0\0\0\0\0\x67\x09\0\0\x20\0\0\
\0\x4f\x29\0\0\0\0\0\0\x18\x01\0\0\x64\x03\0\0\0\0\0\0\0\0\0\0\xb7\x02\0\0\x22\
\0\0\0\xbf\x93\0\0\0\0\0\0\x85\0\0\0\x06\0\0\0\x15\x08\x01\0\0\0\0\0\x05\0\x0d\
\0\0\0\0\0\xb7\x01\0\0\0\0\0\0\x63\x1a\x20\xff\0\0\0\0\x18\x01\0\0\xd0\x03\0\0\
\0\0\0\0\0\0\0\0\xb7\x02\0\0\x2a\0\0\0\x85\0\0\0\x06\0\0\0\x05\0\x13\0\0\0\0\0\
\x18\x01\0\0\x86\x03\0\0\0\0\0\0\0\0\0\0\xb7\x02\0\0\x2b\0\0\0\x85\0\0\0\x06\0\
\0\0\xb7\x09\0\0\0\0\0\0\x15\x08\xf3\xff\0\0\0\0\xb7\x01\0\0\x08\0\0\0\x0f\x18\
\0\0\0\0\0\0\xbf\xa1\0\0\0\0\0\0\x07\x01\0\0\x20\xff\xff\xff\xb7\x02\0\0\x04\0\
\0\0\xbf\x83\0\0\0\0\0\0\x85\0\0\0\x71\0\0\0\x55\0\xeb\xff\0\0\0\0\x61\xa3\x20\
\xff\0\0\0\0\x18\x01\0\0\xb1\x03\0\0\0\0\0\0\0\0\0\0\xb7\x02\0\0\x1f\0\0\0\x85\
\0\0\0\x06\0\0\0\x7b\x9a\x30\xff\0\0\0\0\x79\xa1\x28\xff\0\0\0\0\x7b\x1a\x38\
\xff\0\0\0\0\xbf\xa2\0\0\0\0\0\0\x07\x02\0\0\x30\xff\xff\xff\x18\x01\0\0\0\0\0\
\0\0\0\0\0\0\0\0\0\x85\0\0\0\x01\0\0\0\x15\0\x1a\0\0\0\0\0\x71\x01\x59\0\0\0\0\
\0\x67\x01\0\0\x08\0\0\0\x71\x02\x58\0\0\0\0\0\x4f\x21\0\0\0\0\0\0\x71\x02\x5a\
\0\0\0\0\0\x67\x02\0\0\x10\0\0\0\x71\x04\x5b\0\0\0\0\0\x67\x04\0\0\x18\0\0\0\
\x4f\x24\0\0\0\0\0\0\x4f\x14\0\0\0\0\0\0\x07\x04\0\0\x01\0\0\0\xbf\x41\0\0\0\0\
\0\0\x77\x01\0\0\x10\0\0\0\x73\x10\x5a\0\0\0\0\0\xbf\x41\0\0\0\0\0\0\x77\x01\0\
\0\x18\0\0\0\x73\x10\x5b\0\0\0\0\0\xbf\x41\0\0\0\0\0\0\x77\x01\0\0\x08\0\0\0\
\x73\x10\x59\0\0\0\0\0\x73\x40\x58\0\0\0\0\0\x79\xa3\x28\xff\0\0\0\0\x18\x01\0\
\0\xfa\x03\0\0\0\0\0\0\0\0\0\0\xb7\x02\0\0\x38\0\0\0\x05\0\x7f\x01\0\0\0\0\xb7\
\x07\0\0\0\0\0\0\x73\x7a\xfe\xff\0\0\0\0\x6b\x7a\xfc\xff\0\0\0\0\x63\x7a\xf8\
\xff\0\0\0\0\x7b\x7a\xf0\xff\0\0\0\0\x7b\x7a\xe8\xff\0\0\0\0\x7b\x7a\xe0\xff\0\
\0\0\0\x7b\x7a\xd8\xff\0\0\0\0\x7b\x7a\xd0\xff\0\0\0\0\x7b\x7a\xc8\xff\0\0\0\0\
\x7b\x7a\xc0\xff\0\0\0\0\x7b\x7a\xb8\xff\0\0\0\0\x7b\x7a\xb0\xff\0\0\0\0\x7b\
\x7a\xa8\xff\0\0\0\0\x7b\x7a\xa0\xff\0\0\0\0\x7b\x7a\x98\xff\0\0\0\0\x7b\x7a\
\x90\xff\0\0\0\0\x7b\x7a\x88\xff\0\0\0\0\x7b\x7a\x80\xff\0\0\0\0\x7b\x7a\x78\
\xff\0\0\0\0\x7b\x7a\x70\xff\0\0\0\0\x7b\x7a\x68\xff\0\0\0\0\x7b\x7a\x60\xff\0\
\0\0\0\x7b\x7a\x58\xff\0\0\0\0\x7b\x7a\x50\xff\0\0\0\0\x7b\x7a\x48\xff\0\0\0\0\
\x7b\x7a\x40\xff\0\0\0\0\xbf\xa8\0\0\0\0\0\0\x07\x08\0\0\x30\xff\xff\xff\xbf\
\xa3\0\0\0\0\0\0\x07\x03\0\0\x40\xff\xff\xff\x18\x01\0\0\0\0\0\0\0\0\0\0\0\0\0\
\0\xbf\x82\0\0\0\0\0\0\xb7\x04\0\0\0\0\0\0\x85\0\0\0\x02\0\0\0\x18\x01\0\0\0\0\
\0\0\0\0\0\0\0\0\0\0\xbf\x82\0\0\0\0\0\0\x85\0\0\0\x01\0\0\0\xbf\x08\0\0\0\0\0\
\0\x15\x08\x56\x01\0\0\0\0\xbf\x93\0\0\0\0\0\0\xbf\x89\0\0\0\0\0\0\xbf\x32\0\0\
\0\0\0\0\x77\x02\0\0\x38\0\0\0\x79\xa1\x28\xff\0\0\0\0\x73\x29\x0f\0\0\0\0\0\
\xbf\x32\0\0\0\0\0\0\x77\x02\0\0\x30\0\0\0\x73\x29\x0e\0\0\0\0\0\xbf\x32\0\0\0\
\0\0\0\x77\x02\0\0\x28\0\0\0\x73\x29\x0d\0\0\0\0\0\xbf\x32\0\0\0\0\0\0\x77\x02\
\0\0\x20\0\0\0\x73\x29\x0c\0\0\0\0\0\xbf\x32\0\0\0\0\0\0\x77\x02\0\0\x18\0\0\0\
\x73\x29\x0b\0\0\0\0\0\xbf\x32\0\0\0\0\0\0\x77\x02\0\0\x10\0\0\0\x73\x29\x0a\0\
\0\0\0\0\x73\x39\x08\0\0\0\0\0\x7b\x3a\xe0\xfe\0\0\0\0\xbf\x32\0\0\0\0\0\0\x77\
\x02\0\0\x08\0\0\0\x73\x29\x09\0\0\0\0\0\xbf\x12\0\0\0\0\0\0\x77\x02\0\0\x38\0\
\0\0\x73\x29\x07\0\0\0\0\0\xbf\x12\0\0\0\0\0\0\x77\x02\0\0\x30\0\0\0\x73\x29\
\x06\0\0\0\0\0\xbf\x12\0\0\0\0\0\0\x77\x02\0\0\x28\0\0\0\x73\x29\x05\0\0\0\0\0\
\xbf\x12\0\0\0\0\0\0\x77\x02\0\0\x20\0\0\0\x73\x29\x04\0\0\0\0\0\xbf\x12\0\0\0\
\0\0\0\x77\x02\0\0\x18\0\0\0\x73\x29\x03\0\0\0\0\0\xbf\x12\0\0\0\0\0\0\x77\x02\
\0\0\x10\0\0\0\x73\x29\x02\0\0\0\0\0\x73\x19\0\0\0\0\0\0\x77\x01\0\0\x08\0\0\0\
\x73\x19\x01\0\0\0\0\0\x85\0\0\0\x05\0\0\0\xbf\x01\0\0\0\0\0\0\x77\x01\0\0\x38\
\0\0\0\x73\x19\x17\0\0\0\0\0\xbf\x01\0\0\0\0\0\0\x77\x01\0\0\x30\0\0\0\x73\x19\
\x16\0\0\0\0\0\xbf\x01\0\0\0\0\0\0\x77\x01\0\0\x28\0\0\0\x73\x19\x15\0\0\0\0\0\
\xbf\x01\0\0\0\0\0\0\x77\x01\0\0\x20\0\0\0\x73\x19\x14\0\0\0\0\0\xbf\x01\0\0\0\
\0\0\0\x77\x01\0\0\x18\0\0\0\x73\x19\x13\0\0\0\0\0\xbf\x01\0\0\0\0\0\0\x77\x01\
\0\0\x10\0\0\0\x73\x19\x12\0\0\0\0\0\x73\x09\x10\0\0\0\0\0\x77\0\0\0\x08\0\0\0\
\x73\x09\x11\0\0\0\0\0\x73\x79\x1f\0\0\0\0\0\x73\x79\x1e\0\0\0\0\0\x73\x79\x1d\
\0\0\0\0\0\x73\x79\x1c\0\0\0\0\0\x73\x79\x1b\0\0\0\0\0\x73\x79\x1a\0\0\0\0\0\
\x73\x79\x19\0\0\0\0\0\x73\x79\x18\0\0\0\0\0\x73\x79\x27\0\0\0\0\0\x73\x79\x26\
\0\0\0\0\0\x73\x79\x25\0\0\0\0\0\x73\x79\x24\0\0\0\0\0\x73\x79\x23\0\0\0\0\0\
\x73\x79\x22\0\0\0\0\0\x73\x79\x21\0\0\0\0\0\x73\x79\x20\0\0\0\0\0\x73\x79\x2f\
\0\0\0\0\0\x73\x79\x2e\0\0\0\0\0\x73\x79\x2d\0\0\0\0\0\x73\x79\x2c\0\0\0\0\0\
\x73\x79\x2b\0\0\0\0\0\x73\x79\x2a\0\0\0\0\0\x73\x79\x29\0\0\0\0\0\x73\x79\x28\
\0\0\0\0\0\x73\x79\x37\0\0\0\0\0\x73\x79\x36\0\0\0\0\0\x73\x79\x35\0\0\0\0\0\
\x73\x79\x34\0\0\0\0\0\x73\x79\x33\0\0\0\0\0\x73\x79\x32\0\0\0\0\0\x73\x79\x31\
\0\0\0\0\0\x73\x79\x30\0\0\0\0\0\x61\xa1\x24\xff\0\0\0\0\xbf\x12\0\0\0\0\0\0\
\x77\x02\0\0\x18\0\0\0\x73\x29\x3b\0\0\0\0\0\xbf\x12\0\0\0\0\0\0\x77\x02\0\0\
\x10\0\0\0\x73\x29\x3a\0\0\0\0\0\x73\x19\x38\0\0\0\0\0\x77\x01\0\0\x08\0\0\0\
\x73\x19\x39\0\0\0\0\0\x85\0\0\0\x0e\0\0\0\xbf\x01\0\0\0\0\0\0\x77\x01\0\0\x38\
\0\0\0\x73\x19\x3f\0\0\0\0\0\xbf\x01\0\0\0\0\0\0\x77\x01\0\0\x30\0\0\0\x73\x19\
\x3e\0\0\0\0\0\xbf\x01\0\0\0\0\0\0\x77\x01\0\0\x28\0\0\0\x73\x19\x3d\0\0\0\0\0\
\x77\0\0\0\x20\0\0\0\x73\x09\x3c\0\0\0\0\0\xbf\x81\0\0\0\0\0\0\x07\x01\0\0\x48\
\0\0\0\xb7\x02\0\0\x10\0\0\0\x85\0\0\0\x10\0\0\0\xb7\x01\0\0\x01\0\0\0\x61\xa2\
\x20\xff\0\0\0\0\x73\x19\x58\0\0\0\0\0\xbf\x21\0\0\0\0\0\0\x77\x01\0\0\x18\0\0\
\0\x73\x19\x43\0\0\0\0\0\xbf\x21\0\0\0\0\0\0\x77\x01\0\0\x10\0\0\0\x73\x19\x42\
\0\0\0\0\0\x73\x29\x40\0\0\0\0\0\x77\x02\0\0\x08\0\0\0\x73\x29\x41\0\0\0\0\0\
\x73\x79\x47\0\0\0\0\0\x73\x79\x46\0\0\0\0\0\x73\x79\x45\0\0\0\0\0\x73\x79\x44\
\0\0\0\0\0\x73\x79\x5b\0\0\0\0\0\x73\x79\x5a\0\0\0\0\0\x73\x79\x59\0\0\0\0\0\
\x73\x79\x5c\0\0\0\0\0\x73\x79\x5d\0\0\0\0\0\x61\xa2\x24\xff\0\0\0\0\x73\x79\
\x66\0\0\0\0\0\x73\x79\x65\0\0\0\0\0\x73\x79\x64\0\0\0\0\0\x73\x79\x63\0\0\0\0\
\0\x73\x79\x62\0\0\0\0\0\x73\x79\x61\0\0\0\0\0\x73\x79\x60\0\0\0\0\0\x73\x79\
\x5f\0\0\0\0\0\x73\x79\x6e\0\0\0\0\0\x73\x79\x6d\0\0\0\0\0\x73\x79\x6c\0\0\0\0\
\0\x73\x79\x6b\0\0\0\0\0\x73\x79\x6a\0\0\0\0\0\x73\x79\x69\0\0\0\0\0\x73\x79\
\x68\0\0\0\0\0\x73\x79\x67\0\0\0\0\0\x73\x79\x76\0\0\0\0\0\x73\x79\x75\0\0\0\0\
\0\x73\x79\x74\0\0\0\0\0\x73\x79\x73\0\0\0\0\0\x73\x79\x72\0\0\0\0\0\x73\x79\
\x71\0\0\0\0\0\x73\x79\x70\0\0\0\0\0\x73\x79\x6f\0\0\0\0\0\x73\x79\x7e\0\0\0\0\
\0\x73\x79\x7d\0\0\0\0\0\x73\x79\x7c\0\0\0\0\0\x73\x79\x7b\0\0\0\0\0\x73\x79\
\x7a\0\0\0\0\0\x73\x79\x79\0\0\0\0\0\x73\x79\x78\0\0\0\0\0\x73\x79\x77\0\0\0\0\
\0\xbf\x23\0\0\0\0\0\0\x77\x03\0\0\x0c\0\0\0\xbf\x31\0\0\0\0\0\0\x57\x01\0\0\
\x01\0\0\0\x73\x19\x5e\0\0\0\0\0\xbf\x81\0\0\0\0\0\0\x07\x01\0\0\x5f\0\0\0\x65\
\x02\x13\0\x02\x12\0\0\x65\x02\x21\0\x01\x03\0\0\x15\x02\x42\0\0\x01\0\0\x15\
\x02\x01\0\x01\x01\0\0\x05\0\xca\0\0\0\0\0\xb7\x02\0\0\0\0\0\0\x73\x21\x07\0\0\
\0\0\0\xb7\x02\0\0\x52\0\0\0\x73\x21\x06\0\0\0\0\0\xb7\x02\0\0\x41\0\0\0\x73\
\x21\x03\0\0\0\0\0\xb7\x02\0\0\x54\0\0\0\x73\x21\x05\0\0\0\0\0\x73\x21\x04\0\0\
\0\0\0\x73\x21\x02\0\0\0\0\0\xb7\x02\0\0\x45\0\0\0\x73\x21\x01\0\0\0\0\0\xb7\
\x02\0\0\x47\0\0\0\x73\x21\0\0\0\0\0\0\x05\0\x49\0\0\0\0\0\x65\x02\x21\0\x1f\
\x12\0\0\x15\x02\x3a\0\x03\x12\0\0\x15\x02\x01\0\x04\x12\0\0\x05\0\xb7\0\0\0\0\
\0\xb7\x02\0\0\x4d\0\0\0\x73\x21\x04\0\0\0\0\0\xb7\x02\0\0\x41\0\0\0\x73\x21\
\x03\0\0\0\0\0\xb7\x02\0\0\x4e\0\0\0\x73\x21\x02\0\0\0\0\0\xb7\x02\0\0\x45\0\0\
\0\x73\x21\x05\0\0\0\0\0\x73\x21\x01\0\0\0\0\0\xb7\x02\0\0\x52\0\0\0\x05\0\x37\
\0\0\0\0\0\x15\x02\x78\0\x02\x03\0\0\x15\x02\x8f\0\x05\x03\0\0\x15\x02\x01\0\
\x08\x11\0\0\x05\0\xa8\0\0\0\0\0\xb7\x02\0\0\0\0\0\0\x73\x21\x07\0\0\0\0\0\xb7\
\x02\0\0\x52\0\0\0\x73\x21\x06\0\0\0\0\0\xb7\x02\0\0\x41\0\0\0\x73\x21\x03\0\0\
\0\0\0\xb7\x02\0\0\x54\0\0\0\x73\x21\x05\0\0\0\0\0\x73\x21\x04\0\0\0\0\0\x73\
\x21\x02\0\0\0\0\0\xb7\x02\0\0\x45\0\0\0\x73\x21\x01\0\0\0\0\0\xb7\x02\0\0\x53\
\0\0\0\x73\x21\0\0\0\0\0\0\x05\0\x27\0\0\0\0\0\x15\x02\x70\0\x20\x12\0\0\x15\
\x02\x8b\0\x21\x12\0\0\x15\x02\x01\0\x01\x13\0\0\x05\0\x95\0\0\0\0\0\xb7\x02\0\
\0\x54\0\0\0\x73\x21\x04\0\0\0\0\0\xb7\x02\0\0\x41\0\0\0\x73\x21\x03\0\0\0\0\0\
\xb7\x02\0\0\x45\0\0\0\x73\x21\x05\0\0\0\0\0\x73\x21\x02\0\0\0\0\0\xb7\x02\0\0\
\x52\0\0\0\x73\x21\x01\0\0\0\0\0\xb7\x02\0\0\x43\0\0\0\x05\0\x15\0\0\0\0\0\xb7\
\x02\0\0\x50\0\0\0\x73\x21\x05\0\0\0\0\0\xb7\x02\0\0\x55\0\0\0\x73\x21\x04\0\0\
\0\0\0\xb7\x02\0\0\x4b\0\0\0\x73\x21\x03\0\0\0\0\0\xb7\x02\0\0\x4f\0\0\0\x73\
\x21\x02\0\0\0\0\0\x73\x21\x01\0\0\0\0\0\xb7\x02\0\0\x4c\0\0\0\x05\0\x0a\0\0\0\
\0\0\xb7\x02\0\0\x4b\0\0\0\x73\x21\x05\0\0\0\0\0\xb7\x02\0\0\x49\0\0\0\x73\x21\
\x03\0\0\0\0\0\xb7\x02\0\0\x4c\0\0\0\x73\x21\x02\0\0\0\0\0\xb7\x02\0\0\x4e\0\0\
\0\x73\x21\x04\0\0\0\0\0\x73\x21\x01\0\0\0\0\0\xb7\x02\0\0\x55\0\0\0\x73\x21\0\
\0\0\0\0\0\xb7\x02\0\0\0\0\0\0\x73\x21\x06\0\0\0\0\0\xb7\x01\0\0\0\0\0\0\x73\
\x19\x7f\0\0\0\0\0\x63\x1a\xec\xfe\0\0\0\0\xb7\x01\0\0\x38\0\0\0\x0f\x16\0\0\0\
\0\0\0\xbf\xa1\0\0\0\0\0\0\x07\x01\0\0\x40\xff\xff\xff\xb7\x02\0\0\x08\0\0\0\
\xbf\x63\0\0\0\0\0\0\x85\0\0\0\x71\0\0\0\x07\x08\0\0\x7f\0\0\0\x55\0\x25\0\0\0\
\0\0\x79\xa3\x40\xff\0\0\0\0\x15\x03\x23\0\0\0\0\0\xb7\x01\0\0\x28\0\0\0\x0f\
\x13\0\0\0\0\0\0\xbf\xa1\0\0\0\0\0\0\x07\x01\0\0\xf0\xfe\xff\xff\xb7\x02\0\0\
\x08\0\0\0\x85\0\0\0\x71\0\0\0\x55\0\x1c\0\0\0\0\0\x79\xa1\xf0\xfe\0\0\0\0\x15\
\x01\x1a\0\0\0\0\0\xb7\x01\0\0\x24\0\0\0\x79\xa3\x40\xff\0\0\0\0\x0f\x13\0\0\0\
\0\0\0\xbf\xa1\0\0\0\0\0\0\x07\x01\0\0\xec\xfe\xff\xff\xb7\x02\0\0\x04\0\0\0\
\x85\0\0\0\x71\0\0\0\x55\0\x12\0\0\0\0\0\x61\xa2\xec\xfe\0\0\0\0\x15\x02\x10\0\
\0\0\0\0\xb7\x01\0\0\x40\0\0\0\x2d\x21\x02\0\0\0\0\0\xb7\x02\0\0\x3f\0\0\0\x63\
\x2a\xec\xfe\0\0\0\0\x79\xa3\xf0\xfe\0\0\0\0\x07\x02\0\0\x01\0\0\0\xbf\x81\0\0\
\0\0\0\0\x85\0\0\0\x73\0\0\0\x65\0\x02\0\0\0\0\0\xb7\x01\0\0\0\0\0\0\x73\x18\0\
\0\0\0\0\0\x18\x01\0\0\x32\x04\0\0\0\0\0\0\0\0\0\0\xb7\x02\0\0\x24\0\0\0\xbf\
\x83\0\0\0\0\0\0\x85\0\0\0\x06\0\0\0\x71\x81\0\0\0\0\0\0\x55\x01\x04\0\0\0\0\0\
\xb7\x01\0\0\0\0\0\0\x73\x19\x80\0\0\0\0\0\xb7\x01\0\0\x3f\0\0\0\x73\x19\x7f\0\
\0\0\0\0\x79\xa3\x28\xff\0\0\0\0\x18\x01\0\0\x56\x04\0\0\0\0\0\0\0\0\0\0\xb7\
\x02\0\0\x32\0\0\0\x79\xa4\xe0\xfe\0\0\0\0\x85\0\0\0\x06\0\0\0\xb7\0\0\0\0\0\0\
\0\x95\0\0\0\0\0\0\0\xb7\x02\0\0\x4e\0\0\0\x73\x21\x03\0\0\0\0\0\xb7\x02\0\0\
\x45\0\0\0\x73\x21\x02\0\0\0\0\0\xb7\x02\0\0\x50\0\0\0\x73\x21\x01\0\0\0\0\0\
\xb7\x02\0\0\x4f\0\0\0\x73\x21\0\0\0\0\0\0\xb7\x02\0\0\0\0\0\0\x73\x21\x04\0\0\
\0\0\0\x05\0\xb6\xff\0\0\0\0\xb7\x02\0\0\0\0\0\0\x73\x21\x05\0\0\0\0\0\xb7\x02\
\0\0\x52\0\0\0\x73\x21\x04\0\0\0\0\0\xb7\x02\0\0\x49\0\0\0\x73\x21\x03\0\0\0\0\
\0\xb7\x02\0\0\x44\0\0\0\x73\x21\x02\0\0\0\0\0\xb7\x02\0\0\x4b\0\0\0\x73\x21\
\x01\0\0\0\0\0\xb7\x02\0\0\x4d\0\0\0\x73\x21\0\0\0\0\0\0\x05\0\xa9\xff\0\0\0\0\
\xb7\x02\0\0\0\0\0\0\x73\x21\x07\0\0\0\0\0\xb7\x02\0\0\x49\0\0\0\x73\x21\x05\0\
\0\0\0\0\xb7\x02\0\0\x44\0\0\0\x73\x21\x04\0\0\0\0\0\x73\x21\x03\0\0\0\0\0\xb7\
\x02\0\0\x41\0\0\0\x73\x21\x02\0\0\0\0\0\xb7\x02\0\0\x45\0\0\0\x73\x21\x01\0\0\
\0\0\0\xb7\x02\0\0\x52\0\0\0\x73\x21\x06\0\0\0\0\0\x73\x21\0\0\0\0\0\0\x05\0\
\x9a\xff\0\0\0\0\xb7\x02\0\0\0\0\0\0\x73\x21\x05\0\0\0\0\0\xb7\x02\0\0\x49\0\0\
\0\x73\x21\x03\0\0\0\0\0\xb7\x02\0\0\x44\0\0\0\x73\x21\x02\0\0\0\0\0\xb7\x02\0\
\0\x4d\0\0\0\x73\x21\x01\0\0\0\0\0\xb7\x02\0\0\x52\0\0\0\x73\x21\x04\0\0\0\0\0\
\x73\x21\0\0\0\0\0\0\x05\0\x8e\xff\0\0\0\0\xbf\x25\0\0\0\0\0\0\x77\x05\0\0\x10\
\0\0\0\x57\x05\0\0\x0f\0\0\0\xbf\x51\0\0\0\0\0\0\x47\x01\0\0\x30\0\0\0\xb7\x04\
\0\0\x0a\0\0\0\x2d\x54\x02\0\0\0\0\0\x07\x05\0\0\x37\0\0\0\xbf\x51\0\0\0\0\0\0\
\xbf\x20\0\0\0\0\0\0\x77\0\0\0\x08\0\0\0\x57\0\0\0\x0f\0\0\0\xbf\x05\0\0\0\0\0\
\0\x47\x05\0\0\x30\0\0\0\x2d\x04\x02\0\0\0\0\0\x07\0\0\0\x37\0\0\0\xbf\x05\0\0\
\0\0\0\0\xbf\x27\0\0\0\0\0\0\x77\x07\0\0\x04\0\0\0\x57\x07\0\0\x0f\0\0\0\xbf\
\x70\0\0\0\0\0\0\x47\0\0\0\x30\0\0\0\x2d\x74\x02\0\0\0\0\0\x07\x07\0\0\x37\0\0\
\0\xbf\x70\0\0\0\0\0\0\x57\x02\0\0\x0f\0\0\0\xbf\x27\0\0\0\0\0\0\x47\x07\0\0\
\x30\0\0\0\x2d\x24\x02\0\0\0\0\0\x07\x02\0\0\x37\0\0\0\xbf\x27\0\0\0\0\0\0\x57\
\x03\0\0\x0f\0\0\0\xbf\x32\0\0\0\0\0\0\x47\x02\0\0\x30\0\0\0\x2d\x34\x02\0\0\0\
\0\0\x07\x03\0\0\x37\0\0\0\xbf\x32\0\0\0\0\0\0\xb7\x03\0\0\x5f\0\0\0\x73\x39\
\x61\0\0\0\0\0\xb7\x03\0\0\x50\0\0\0\x73\x39\x60\0\0\0\0\0\xb7\x03\0\0\x4f\0\0\
\0\x73\x39\x5f\0\0\0\0\0\x73\x29\x63\0\0\0\0\0\x73\x79\x66\0\0\0\0\0\x73\x09\
\x65\0\0\0\0\0\x73\x59\x64\0\0\0\0\0\x73\x19\x62\0\0\0\0\0\x05\0\x5d\xff\0\0\0\
\0\x79\x17\x70\0\0\0\0\0\x79\x16\x68\0\0\0\0\0\xb7\x01\0\0\x10\0\0\0\xbf\x63\0\
\0\0\0\0\0\x0f\x13\0\0\0\0\0\0\xbf\xa1\0\0\0\0\0\0\x07\x01\0\0\xfe\xff\xff\xff\
\xb7\x02\0\0\x02\0\0\0\x85\0\0\0\x71\0\0\0\x55\0\x14\0\0\0\0\0\x69\xa1\xfe\xff\
\0\0\0\0\x55\x01\x12\0\x1a\0\0\0\x18\x01\0\0\x88\x04\0\0\0\0\0\0\0\0\0\0\xb7\
\x02\0\0\x2c\0\0\0\x85\0\0\0\x06\0\0\0\xb7\x01\0\0\0\0\0\0\xbf\x63\0\0\0\0\0\0\
\x0f\x13\0\0\0\0\0\0\xb7\x01\0\0\x08\0\0\0\x0f\x13\0\0\0\0\0\0\xbf\xa1\0\0\0\0\
\0\0\x07\x01\0\0\xe0\xff\xff\xff\xb7\x02\0\0\x08\0\0\0\x85\0\0\0\x71\0\0\0\x15\
\0\x06\0\0\0\0\0\x18\x01\0\0\xb4\x04\0\0\0\0\0\0\0\0\0\0\xb7\x02\0\0\x22\0\0\0\
\x85\0\0\0\x06\0\0\0\xb7\0\0\0\0\0\0\0\x95\0\0\0\0\0\0\0\x79\xa3\xe0\xff\0\0\0\
\0\x18\x01\0\0\xd6\x04\0\0\0\0\0\0\0\0\0\0\xb7\x02\0\0\x18\0\0\0\x85\0\0\0\x06\
\0\0\0\xb7\x01\0\0\0\0\0\0\x0f\x17\0\0\0\0\0\0\xbf\xa1\0\0\0\0\0\0\x07\x01\0\0\
\xd0\xff\xff\xff\xb7\x02\0\0\x08\0\0\0\xbf\x73\0\0\0\0\0\0\x85\0\0\0\x71\0\0\0\
\x55\0\xf1\xff\0\0\0\0\x79\xa3\xd0\xff\0\0\0\0\x15\x03\xef\xff\0\0\0\0\xb7\x01\
\0\0\0\0\0\0\x0f\x13\0\0\0\0\0\0\xbf\xa1\0\0\0\0\0\0\x07\x01\0\0\xc8\xff\xff\
\xff\xb7\x02\0\0\x08\0\0\0\x85\0\0\0\x71\0\0\0\xb7\x07\0\0\0\0\0\0\x55\0\x34\0\
\0\0\0\0\xb7\x01\0\0\0\0\0\0\x79\xa3\xc8\xff\0\0\0\0\x0f\x13\0\0\0\0\0\0\xbf\
\xa1\0\0\0\0\0\0\x07\x01\0\0\xa8\xff\xff\xff\xb7\x02\0\0\x08\0\0\0\x85\0\0\0\
\x71\0\0\0\x55\0\x2c\0\0\0\0\0\x79\xa3\xa8\xff\0\0\0\0\x15\x03\x2a\0\0\0\0\0\
\xb7\x01\0\0\x20\0\0\0\x0f\x13\0\0\0\0\0\0\xbf\xa1\0\0\0\0\0\0\x07\x01\0\0\xc0\
\xff\xff\xff\xb7\x02\0\0\x08\0\0\0\x85\0\0\0\x71\0\0\0\x55\0\x23\0\0\0\0\0\xb7\
\x01\0\0\x80\0\0\0\x79\xa3\xc0\xff\0\0\0\0\x0f\x13\0\0\0\0\0\0\xbf\xa1\0\0\0\0\
\0\0\x07\x01\0\0\xb7\xff\xff\xff\xb7\x02\0\0\x09\0\0\0\x85\0\0\0\x71\0\0\0\x55\
\0\x1b\0\0\0\0\0\xb7\x02\0\0\x01\0\0\0\xbf\xa3\0\0\0\0\0\0\x07\x03\0\0\xb7\xff\
\xff\xff\xbf\x31\0\0\0\0\0\0\x0f\x21\0\0\0\0\0\0\x71\x14\x01\0\0\0\0\0\x67\x04\
\0\0\x08\0\0\0\x71\x32\x01\0\0\0\0\0\x4f\x24\0\0\0\0\0\0\x71\x13\x02\0\0\0\0\0\
\x67\x03\0\0\x10\0\0\0\x71\x12\x03\0\0\0\0\0\x67\x02\0\0\x18\0\0\0\x4f\x32\0\0\
\0\0\0\0\x4f\x42\0\0\0\0\0\0\x71\x13\x05\0\0\0\0\0\x67\x03\0\0\x08\0\0\0\x71\
\x14\x04\0\0\0\0\0\x4f\x43\0\0\0\0\0\0\x71\x14\x06\0\0\0\0\0\x67\x04\0\0\x10\0\
\0\0\x71\x17\x07\0\0\0\0\0\x67\x07\0\0\x18\0\0\0\x4f\x47\0\0\0\0\0\0\x4f\x37\0\
\0\0\0\0\0\x67\x07\0\0\x20\0\0\0\x4f\x27\0\0\0\0\0\0\x7b\x7a\xe8\xff\0\0\0\0\
\x79\xa1\xe0\xff\0\0\0\0\x7b\x1a\xf0\xff\0\0\0\0\xbf\xa2\0\0\0\0\0\0\x07\x02\0\
\0\xe8\xff\xff\xff\x18\x01\0\0\0\0\0\0\0\0\0\0\0\0\0\0\x85\0\0\0\x01\0\0\0\x79\
\xa3\xe0\xff\0\0\0\0\x55\0\x05\0\0\0\0\0\x18\x01\0\0\xee\x04\0\0\0\0\0\0\0\0\0\
\0\xb7\x02\0\0\x2f\0\0\0\x85\0\0\0\x06\0\0\0\x05\0\xa4\xff\0\0\0\0\xbf\x07\0\0\
\0\0\0\0\x18\x01\0\0\x1d\x05\0\0\0\0\0\0\0\0\0\0\xb7\x02\0\0\x26\0\0\0\x85\0\0\
\0\x06\0\0\0\xb7\x01\0\0\x50\0\0\0\x0f\x16\0\0\0\0\0\0\xbf\xa1\0\0\0\0\0\0\x07\
\x01\0\0\xa0\xff\xff\xff\xb7\x02\0\0\x08\0\0\0\xbf\x63\0\0\0\0\0\0\x85\0\0\0\
\x71\0\0\0\x55\0\x97\xff\0\0\0\0\xb7\x01\0\0\x0c\0\0\0\x79\xa3\xa0\xff\0\0\0\0\
\x0f\x13\0\0\0\0\0\0\xbf\xa1\0\0\0\0\0\0\x07\x01\0\0\xdf\xff\xff\xff\xb7\x02\0\
\0\x01\0\0\0\x85\0\0\0\x71\0\0\0\x55\0\x8f\xff\0\0\0\0\xb7\x01\0\0\x04\0\0\0\
\x79\xa3\xa0\xff\0\0\0\0\x0f\x13\0\0\0\0\0\0\xbf\xa1\0\0\0\0\0\0\x07\x01\0\0\
\xd8\xff\xff\xff\xb7\x02\0\0\x04\0\0\0\x85\0\0\0\x71\0\0\0\x55\0\x87\xff\0\0\0\
\0\x61\xa5\xd8\xff\0\0\0\0\x71\xa4\xdf\xff\0\0\0\0\x79\xa3\xe0\xff\0\0\0\0\x18\
\x01\0\0\x43\x05\0\0\0\0\0\0\0\0\0\0\xb7\x02\0\0\x34\0\0\0\x85\0\0\0\x06\0\0\0\
\x85\0\0\0\x05\0\0\0\x61\xa1\xd8\xff\0\0\0\0\xbf\x12\0\0\0\0\0\0\x77\x02\0\0\
\x18\0\0\0\xbf\x73\0\0\0\0\0\0\x73\x23\x47\0\0\0\0\0\xbf\x12\0\0\0\0\0\0\x77\
\x02\0\0\x10\0\0\0\x73\x23\x46\0\0\0\0\0\x73\x13\x44\0\0\0\0\0\x77\x01\0\0\x08\
\0\0\0\x73\x13\x45\0\0\0\0\0\x71\xa1\xdf\xff\0\0\0\0\x15\x01\xd6\x01\0\0\0\0\
\x71\x31\x11\0\0\0\0\0\x67\x01\0\0\x08\0\0\0\x71\x32\x10\0\0\0\0\0\x4f\x21\0\0\
\0\0\0\0\x71\x34\x12\0\0\0\0\0\x67\x04\0\0\x10\0\0\0\x71\x32\x13\0\0\0\0\0\x67\
\x02\0\0\x18\0\0\0\x4f\x42\0\0\0\0\0\0\x4f\x12\0\0\0\0\0\0\x71\x34\x15\0\0\0\0\
\0\x67\x04\0\0\x08\0\0\0\x71\x31\x14\0\0\0\0\0\x4f\x14\0\0\0\0\0\0\x71\x35\x16\
\0\0\0\0\0\x67\x05\0\0\x10\0\0\0\x71\x31\x17\0\0\0\0\0\x67\x01\0\0\x18\0\0\0\
\x4f\x51\0\0\0\0\0\0\x4f\x41\0\0\0\0\0\0\x67\x01\0\0\x20\0\0\0\x4f\x21\0\0\0\0\
\0\0\xb7\x02\0\0\x01\0\0\0\x73\x23\x5d\0\0\0\0\0\xbf\x02\0\0\0\0\0\0\x77\x02\0\
\0\x38\0\0\0\x73\x23\x27\0\0\0\0\0\xbf\x02\0\0\0\0\0\0\x77\x02\0\0\x30\0\0\0\
\x73\x23\x26\0\0\0\0\0\xbf\x02\0\0\0\0\0\0\x77\x02\0\0\x28\0\0\0\x73\x23\x25\0\
\0\0\0\0\xbf\x02\0\0\0\0\0\0\x77\x02\0\0\x20\0\0\0\x73\x23\x24\0\0\0\0\0\xbf\
\x02\0\0\0\0\0\0\x77\x02\0\0\x18\0\0\0\x73\x23\x23\0\0\0\0\0\xbf\x02\0\0\0\0\0\
\0\x77\x02\0\0\x10\0\0\0\x73\x23\x22\0\0\0\0\0\xbf\x02\0\0\0\0\0\0\x1f\x12\0\0\
\0\0\0\0\x73\x03\x20\0\0\0\0\0\x77\0\0\0\x08\0\0\0\x73\x03\x21\0\0\0\0\0\x37\
\x02\0\0\xe8\x03\0\0\xbf\x21\0\0\0\0\0\0\x77\x01\0\0\x30\0\0\0\x73\x13\x36\0\0\
\0\0\0\xbf\x21\0\0\0\0\0\0\x77\x01\0\0\x28\0\0\0\x73\x13\x35\0\0\0\0\0\xbf\x21\
\0\0\0\0\0\0\x77\x01\0\0\x20\0\0\0\x73\x13\x34\0\0\0\0\0\xbf\x21\0\0\0\0\0\0\
\x77\x01\0\0\x18\0\0\0\x73\x13\x33\0\0\0\0\0\xbf\x21\0\0\0\0\0\0\x77\x01\0\0\
\x10\0\0\0\x73\x13\x32\0\0\0\0\0\x73\x23\x30\0\0\0\0\0\x77\x02\0\0\x08\0\0\0\
\x73\x23\x31\0\0\0\0\0\xb7\x01\0\0\0\0\0\0\x73\x13\x37\0\0\0\0\0\x18\x01\0\0\0\
\0\0\0\0\0\0\0\0\0\0\0\xb7\x02\0\0\xbf\0\0\0\xb7\x03\0\0\0\0\0\0\x85\0\0\0\x83\
\0\0\0\x15\0\x82\x01\0\0\0\0\xbf\x71\0\0\0\0\0\0\x71\x12\xbd\0\0\0\0\0\x73\x20\
\xbd\0\0\0\0\0\x71\x12\xbc\0\0\0\0\0\x73\x20\xbc\0\0\0\0\0\x71\x12\xbb\0\0\0\0\
\0\x73\x20\xbb\0\0\0\0\0\x71\x12\xba\0\0\0\0\0\x73\x20\xba\0\0\0\0\0\x71\x12\
\xb9\0\0\0\0\0\x73\x20\xb9\0\0\0\0\0\x71\x12\xb8\0\0\0\0\0\x73\x20\xb8\0\0\0\0\
\0\x71\x12\xb7\0\0\0\0\0\x73\x20\xb7\0\0\0\0\0\x71\x12\xb6\0\0\0\0\0\x73\x20\
\xb6\0\0\0\0\0\x71\x12\xb5\0\0\0\0\0\x73\x20\xb5\0\0\0\0\0\x71\x12\xb4\0\0\0\0\
\0\x73\x20\xb4\0\0\0\0\0\x71\x12\xb3\0\0\0\0\0\x73\x20\xb3\0\0\0\0\0\x71\x12\
\xb2\0\0\0\0\0\x73\x20\xb2\0\0\0\0\0\x71\x12\xb1\0\0\0\0\0\x73\x20\xb1\0\0\0\0\
\0\x71\x12\xb0\0\0\0\0\0\x73\x20\xb0\0\0\0\0\0\x71\x12\xaf\0\0\0\0\0\x73\x20\
\xaf\0\0\0\0\0\x71\x12\xae\0\0\0\0\0\x73\x20\xae\0\0\0\0\0\x71\x12\xad\0\0\0\0\
\0\x73\x20\xad\0\0\0\0\0\x71\x12\xac\0\0\0\0\0\x73\x20\xac\0\0\0\0\0\x71\x12\
\xab\0\0\0\0\0\x73\x20\xab\0\0\0\0\0\x71\x12\xaa\0\0\0\0\0\x73\x20\xaa\0\0\0\0\
\0\x71\x12\xa9\0\0\0\0\0\x73\x20\xa9\0\0\0\0\0\x71\x12\xa8\0\0\0\0\0\x73\x20\
\xa8\0\0\0\0\0\x71\x12\xa7\0\0\0\0\0\x73\x20\xa7\0\0\0\0\0\x71\x12\xa6\0\0\0\0\
\0\x73\x20\xa6\0\0\0\0\0\x71\x12\xa5\0\0\0\0\0\x73\x20\xa5\0\0\0\0\0\x71\x12\
\xa4\0\0\0\0\0\x73\x20\xa4\0\0\0\0\0\x71\x12\xa3\0\0\0\0\0\x73\x20\xa3\0\0\0\0\
\0\x71\x12\xa2\0\0\0\0\0\x73\x20\xa2\0\0\0\0\0\x71\x12\xa1\0\0\0\0\0\x73\x20\
\xa1\0\0\0\0\0\x71\x12\xa0\0\0\0\0\0\x73\x20\xa0\0\0\0\0\0\x71\x12\x9f\0\0\0\0\
\0\x73\x20\x9f\0\0\0\0\0\x71\x12\x9e\0\0\0\0\0\x73\x20\x9e\0\0\0\0\0\x71\x12\
\x9d\0\0\0\0\0\x73\x20\x9d\0\0\0\0\0\x71\x12\x9c\0\0\0\0\0\x73\x20\x9c\0\0\0\0\
\0\x71\x12\x9b\0\0\0\0\0\x73\x20\x9b\0\0\0\0\0\x71\x12\x9a\0\0\0\0\0\x73\x20\
\x9a\0\0\0\0\0\x71\x12\x99\0\0\0\0\0\x73\x20\x99\0\0\0\0\0\x71\x12\x98\0\0\0\0\
\0\x73\x20\x98\0\0\0\0\0\x71\x12\x97\0\0\0\0\0\x73\x20\x97\0\0\0\0\0\x71\x12\
\x96\0\0\0\0\0\x73\x20\x96\0\0\0\0\0\x71\x12\x95\0\0\0\0\0\x73\x20\x95\0\0\0\0\
\0\x71\x12\x94\0\0\0\0\0\x73\x20\x94\0\0\0\0\0\x71\x12\x93\0\0\0\0\0\x73\x20\
\x93\0\0\0\0\0\x71\x12\x92\0\0\0\0\0\x73\x20\x92\0\0\0\0\0\x71\x12\x91\0\0\0\0\
\0\x73\x20\x91\0\0\0\0\0\x71\x12\x90\0\0\0\0\0\x73\x20\x90\0\0\0\0\0\x71\x12\
\x8f\0\0\0\0\0\x73\x20\x8f\0\0\0\0\0\x71\x12\x8e\0\0\0\0\0\x73\x20\x8e\0\0\0\0\
\0\x71\x12\x8d\0\0\0\0\0\x73\x20\x8d\0\0\0\0\0\x71\x12\x8c\0\0\0\0\0\x73\x20\
\x8c\0\0\0\0\0\x71\x12\x8b\0\0\0\0\0\x73\x20\x8b\0\0\0\0\0\x71\x12\x8a\0\0\0\0\
\0\x73\x20\x8a\0\0\0\0\0\x71\x12\x89\0\0\0\0\0\x73\x20\x89\0\0\0\0\0\x71\x12\
\x88\0\0\0\0\0\x73\x20\x88\0\0\0\0\0\x71\x12\x87\0\0\0\0\0\x73\x20\x87\0\0\0\0\
\0\x71\x12\x86\0\0\0\0\0\x73\x20\x86\0\0\0\0\0\x71\x12\x85\0\0\0\0\0\x73\x20\
\x85\0\0\0\0\0\x71\x12\x84\0\0\0\0\0\x73\x20\x84\0\0\0\0\0\x71\x12\x83\0\0\0\0\
\0\x73\x20\x83\0\0\0\0\0\x71\x12\x82\0\0\0\0\0\x73\x20\x82\0\0\0\0\0\x71\x12\
\x81\0\0\0\0\0\x73\x20\x81\0\0\0\0\0\x71\x12\x80\0\0\0\0\0\x73\x20\x80\0\0\0\0\
\0\x71\x12\x7f\0\0\0\0\0\x73\x20\x7f\0\0\0\0\0\x71\x12\x7e\0\0\0\0\0\x73\x20\
\x7e\0\0\0\0\0\x71\x12\x7d\0\0\0\0\0\x73\x20\x7d\0\0\0\0\0\x71\x12\x7c\0\0\0\0\
\0\x73\x20\x7c\0\0\0\0\0\x71\x12\x7b\0\0\0\0\0\x73\x20\x7b\0\0\0\0\0\x71\x12\
\x7a\0\0\0\0\0\x73\x20\x7a\0\0\0\0\0\x71\x12\x79\0\0\0\0\0\x73\x20\x79\0\0\0\0\
\0\x71\x12\x78\0\0\0\0\0\x73\x20\x78\0\0\0\0\0\x71\x12\x77\0\0\0\0\0\x73\x20\
\x77\0\0\0\0\0\x71\x12\x76\0\0\0\0\0\x73\x20\x76\0\0\0\0\0\x71\x12\x75\0\0\0\0\
\0\x73\x20\x75\0\0\0\0\0\x71\x12\x74\0\0\0\0\0\x73\x20\x74\0\0\0\0\0\x71\x12\
\x73\0\0\0\0\0\x73\x20\x73\0\0\0\0\0\x71\x12\x72\0\0\0\0\0\x73\x20\x72\0\0\0\0\
\0\x71\x12\x71\0\0\0\0\0\x73\x20\x71\0\0\0\0\0\x71\x12\x70\0\0\0\0\0\x73\x20\
\x70\0\0\0\0\0\x71\x12\x6f\0\0\0\0\0\x73\x20\x6f\0\0\0\0\0\x71\x12\x6e\0\0\0\0\
\0\x73\x20\x6e\0\0\0\0\0\x71\x12\x6d\0\0\0\0\0\x73\x20\x6d\0\0\0\0\0\x71\x12\
\x6c\0\0\0\0\0\x73\x20\x6c\0\0\0\0\0\x71\x12\x6b\0\0\0\0\0\x73\x20\x6b\0\0\0\0\
\0\x71\x12\x6a\0\0\0\0\0\x73\x20\x6a\0\0\0\0\0\x71\x12\x69\0\0\0\0\0\x73\x20\
\x69\0\0\0\0\0\x71\x12\x68\0\0\0\0\0\x73\x20\x68\0\0\0\0\0\x71\x12\x67\0\0\0\0\
\0\x73\x20\x67\0\0\0\0\0\x71\x12\x66\0\0\0\0\0\x73\x20\x66\0\0\0\0\0\x71\x12\
\x65\0\0\0\0\0\x73\x20\x65\0\0\0\0\0\x71\x12\x64\0\0\0\0\0\x73\x20\x64\0\0\0\0\
\0\x71\x12\x63\0\0\0\0\0\x73\x20\x63\0\0\0\0\0\x71\x12\x62\0\0\0\0\0\x73\x20\
\x62\0\0\0\0\0\x71\x12\x61\0\0\0\0\0\x73\x20\x61\0\0\0\0\0\x71\x12\x60\0\0\0\0\
\0\x73\x20\x60\0\0\0\0\0\x71\x12\x5f\0\0\0\0\0\x73\x20\x5f\0\0\0\0\0\x71\x12\
\x5e\0\0\0\0\0\x73\x20\x5e\0\0\0\0\0\x71\x12\x5d\0\0\0\0\0\x73\x20\x5d\0\0\0\0\
\0\x71\x12\x5c\0\0\0\0\0\x73\x20\x5c\0\0\0\0\0\x71\x12\x5b\0\0\0\0\0\x73\x20\
\x5b\0\0\0\0\0\x71\x12\x5a\0\0\0\0\0\x73\x20\x5a\0\0\0\0\0\x71\x12\x59\0\0\0\0\
\0\x73\x20\x59\0\0\0\0\0\x71\x12\x58\0\0\0\0\0\x73\x20\x58\0\0\0\0\0\x71\x12\
\x57\0\0\0\0\0\x73\x20\x57\0\0\0\0\0\x71\x12\x56\0\0\0\0\0\x73\x20\x56\0\0\0\0\
\0\x71\x12\x55\0\0\0\0\0\x73\x20\x55\0\0\0\0\0\x71\x12\x54\0\0\0\0\0\x73\x20\
\x54\0\0\0\0\0\x71\x12\x53\0\0\0\0\0\x73\x20\x53\0\0\0\0\0\x71\x12\x52\0\0\0\0\
\0\x73\x20\x52\0\0\0\0\0\x71\x12\x51\0\0\0\0\0\x73\x20\x51\0\0\0\0\0\x71\x12\
\x50\0\0\0\0\0\x73\x20\x50\0\0\0\0\0\x71\x12\x4f\0\0\0\0\0\x73\x20\x4f\0\0\0\0\
\0\x71\x12\x4e\0\0\0\0\0\x73\x20\x4e\0\0\0\0\0\x71\x12\x4d\0\0\0\0\0\x73\x20\
\x4d\0\0\0\0\0\x71\x12\x4c\0\0\0\0\0\x73\x20\x4c\0\0\0\0\0\x71\x12\x4b\0\0\0\0\
\0\x73\x20\x4b\0\0\0\0\0\x71\x12\x4a\0\0\0\0\0\x73\x20\x4a\0\0\0\0\0\x71\x12\
\x49\0\0\0\0\0\x73\x20\x49\0\0\0\0\0\x71\x12\x48\0\0\0\0\0\x73\x20\x48\0\0\0\0\
\0\x71\x12\x47\0\0\0\0\0\x73\x20\x47\0\0\0\0\0\x71\x12\x46\0\0\0\0\0\x73\x20\
\x46\0\0\0\0\0\x71\x12\x45\0\0\0\0\0\x73\x20\x45\0\0\0\0\0\x71\x12\x44\0\0\0\0\
\0\x73\x20\x44\0\0\0\0\0\x71\x12\x43\0\0\0\0\0\x73\x20\x43\0\0\0\0\0\x71\x12\
\x42\0\0\0\0\0\x73\x20\x42\0\0\0\0\0\x71\x12\x41\0\0\0\0\0\x73\x20\x41\0\0\0\0\
\0\x71\x12\x40\0\0\0\0\0\x73\x20\x40\0\0\0\0\0\x71\x12\x3f\0\0\0\0\0\x73\x20\
\x3f\0\0\0\0\0\x71\x12\x3e\0\0\0\0\0\x73\x20\x3e\0\0\0\0\0\x71\x12\x3d\0\0\0\0\
\0\x73\x20\x3d\0\0\0\0\0\x71\x12\x3c\0\0\0\0\0\x73\x20\x3c\0\0\0\0\0\x71\x12\
\x3b\0\0\0\0\0\x73\x20\x3b\0\0\0\0\0\x71\x12\x3a\0\0\0\0\0\x73\x20\x3a\0\0\0\0\
\0\x71\x12\x39\0\0\0\0\0\x73\x20\x39\0\0\0\0\0\x71\x12\x38\0\0\0\0\0\x73\x20\
\x38\0\0\0\0\0\x71\x12\x37\0\0\0\0\0\x73\x20\x37\0\0\0\0\0\x71\x12\x36\0\0\0\0\
\0\x73\x20\x36\0\0\0\0\0\x71\x12\x35\0\0\0\0\0\x73\x20\x35\0\0\0\0\0\x71\x12\
\x34\0\0\0\0\0\x73\x20\x34\0\0\0\0\0\x71\x12\x33\0\0\0\0\0\x73\x20\x33\0\0\0\0\
\0\x71\x12\x32\0\0\0\0\0\x73\x20\x32\0\0\0\0\0\x71\x12\x31\0\0\0\0\0\x73\x20\
\x31\0\0\0\0\0\x71\x12\x30\0\0\0\0\0\x73\x20\x30\0\0\0\0\0\x71\x12\x2f\0\0\0\0\
\0\x73\x20\x2f\0\0\0\0\0\x71\x12\x2e\0\0\0\0\0\x73\x20\x2e\0\0\0\0\0\x71\x12\
\x2d\0\0\0\0\0\x73\x20\x2d\0\0\0\0\0\x71\x12\x2c\0\0\0\0\0\x73\x20\x2c\0\0\0\0\
\0\x71\x12\x2b\0\0\0\0\0\x73\x20\x2b\0\0\0\0\0\x71\x12\x2a\0\0\0\0\0\x73\x20\
\x2a\0\0\0\0\0\x71\x12\x29\0\0\0\0\0\x73\x20\x29\0\0\0\0\0\x71\x12\x28\0\0\0\0\
\0\x73\x20\x28\0\0\0\0\0\x71\x12\x27\0\0\0\0\0\x73\x20\x27\0\0\0\0\0\x71\x12\
\x26\0\0\0\0\0\x73\x20\x26\0\0\0\0\0\x71\x12\x25\0\0\0\0\0\x73\x20\x25\0\0\0\0\
\0\x71\x12\x24\0\0\0\0\0\x73\x20\x24\0\0\0\0\0\x71\x12\x23\0\0\0\0\0\x73\x20\
\x23\0\0\0\0\0\x71\x12\x22\0\0\0\0\0\x73\x20\x22\0\0\0\0\0\x71\x12\x21\0\0\0\0\
\0\x73\x20\x21\0\0\0\0\0\x71\x12\x20\0\0\0\0\0\x73\x20\x20\0\0\0\0\0\x71\x12\
\x1f\0\0\0\0\0\x73\x20\x1f\0\0\0\0\0\x71\x12\x1e\0\0\0\0\0\x73\x20\x1e\0\0\0\0\
\0\x71\x12\x1d\0\0\0\0\0\x73\x20\x1d\0\0\0\0\0\x71\x12\x1c\0\0\0\0\0\x73\x20\
\x1c\0\0\0\0\0\x71\x12\x1b\0\0\0\0\0\x73\x20\x1b\0\0\0\0\0\x71\x12\x1a\0\0\0\0\
\0\x73\x20\x1a\0\0\0\0\0\x71\x12\x19\0\0\0\0\0\x73\x20\x19\0\0\0\0\0\x71\x12\
\x18\0\0\0\0\0\x73\x20\x18\0\0\0\0\0\x71\x12\x17\0\0\0\0\0\x73\x20\x17\0\0\0\0\
\0\x71\x12\x16\0\0\0\0\0\x73\x20\x16\0\0\0\0\0\x71\x12\x15\0\0\0\0\0\x73\x20\
\x15\0\0\0\0\0\x71\x12\x14\0\0\0\0\0\x73\x20\x14\0\0\0\0\0\x71\x12\x13\0\0\0\0\
\0\x73\x20\x13\0\0\0\0\0\x71\x12\x12\0\0\0\0\0\x73\x20\x12\0\0\0\0\0\x71\x12\
\x11\0\0\0\0\0\x73\x20\x11\0\0\0\0\0\x71\x12\x10\0\0\0\0\0\x73\x20\x10\0\0\0\0\
\0\x71\x12\x0f\0\0\0\0\0\x73\x20\x0f\0\0\0\0\0\x71\x12\x0e\0\0\0\0\0\x73\x20\
\x0e\0\0\0\0\0\x71\x12\x0d\0\0\0\0\0\x73\x20\x0d\0\0\0\0\0\x71\x12\x0c\0\0\0\0\
\0\x73\x20\x0c\0\0\0\0\0\x71\x12\x0b\0\0\0\0\0\x73\x20\x0b\0\0\0\0\0\x71\x12\
\x0a\0\0\0\0\0\x73\x20\x0a\0\0\0\0\0\x71\x12\x09\0\0\0\0\0\x73\x20\x09\0\0\0\0\
\0\x71\x12\x08\0\0\0\0\0\x73\x20\x08\0\0\0\0\0\x71\x12\x07\0\0\0\0\0\x73\x20\
\x07\0\0\0\0\0\x71\x12\x06\0\0\0\0\0\x73\x20\x06\0\0\0\0\0\x71\x12\x05\0\0\0\0\
\0\x73\x20\x05\0\0\0\0\0\x71\x12\x04\0\0\0\0\0\x73\x20\x04\0\0\0\0\0\x71\x12\
\x03\0\0\0\0\0\x73\x20\x03\0\0\0\0\0\x71\x12\x02\0\0\0\0\0\x73\x20\x02\0\0\0\0\
\0\x71\x12\x01\0\0\0\0\0\x73\x20\x01\0\0\0\0\0\x71\x12\0\0\0\0\0\0\x73\x20\0\0\
\0\0\0\0\x71\x11\xbe\0\0\0\0\0\x73\x10\xbe\0\0\0\0\0\xbf\x01\0\0\0\0\0\0\xb7\
\x02\0\0\0\0\0\0\x85\0\0\0\x84\0\0\0\xbf\xa2\0\0\0\0\0\0\x07\x02\0\0\xe8\xff\
\xff\xff\x18\x01\0\0\0\0\0\0\0\0\0\0\0\0\0\0\x85\0\0\0\x03\0\0\0\x79\xa3\xe0\
\xff\0\0\0\0\x18\x01\0\0\x77\x05\0\0\0\0\0\0\0\0\0\0\xb7\x02\0\0\x41\0\0\0\x05\
\0\xf6\xfd\0\0\0\0\x71\x31\x11\0\0\0\0\0\x67\x01\0\0\x08\0\0\0\x71\x32\x10\0\0\
\0\0\0\x4f\x21\0\0\0\0\0\0\x71\x34\x12\0\0\0\0\0\x67\x04\0\0\x10\0\0\0\x71\x32\
\x13\0\0\0\0\0\x67\x02\0\0\x18\0\0\0\x4f\x42\0\0\0\0\0\0\x4f\x12\0\0\0\0\0\0\
\x71\x34\x15\0\0\0\0\0\x67\x04\0\0\x08\0\0\0\x71\x31\x14\0\0\0\0\0\x4f\x14\0\0\
\0\0\0\0\x71\x35\x16\0\0\0\0\0\x67\x05\0\0\x10\0\0\0\x71\x31\x17\0\0\0\0\0\x67\
\x01\0\0\x18\0\0\0\x4f\x51\0\0\0\0\0\0\x4f\x41\0\0\0\0\0\0\x67\x01\0\0\x20\0\0\
\0\x4f\x21\0\0\0\0\0\0\xb7\x02\0\0\0\0\0\0\x73\x23\x2f\0\0\0\0\0\xb7\x02\0\0\
\x01\0\0\0\x73\x23\x5c\0\0\0\0\0\xbf\x02\0\0\0\0\0\0\x77\x02\0\0\x38\0\0\0\x73\
\x23\x1f\0\0\0\0\0\xbf\x02\0\0\0\0\0\0\x77\x02\0\0\x30\0\0\0\x73\x23\x1e\0\0\0\
\0\0\xbf\x02\0\0\0\0\0\0\x77\x02\0\0\x28\0\0\0\x73\x23\x1d\0\0\0\0\0\xbf\x02\0\
\0\0\0\0\0\x77\x02\0\0\x20\0\0\0\x73\x23\x1c\0\0\0\0\0\xbf\x02\0\0\0\0\0\0\x77\
\x02\0\0\x18\0\0\0\x73\x23\x1b\0\0\0\0\0\xbf\x02\0\0\0\0\0\0\x77\x02\0\0\x10\0\
\0\0\x73\x23\x1a\0\0\0\0\0\xbf\x02\0\0\0\0\0\0\x1f\x12\0\0\0\0\0\0\x73\x03\x18\
\0\0\0\0\0\x77\0\0\0\x08\0\0\0\x73\x03\x19\0\0\0\0\0\x37\x02\0\0\xe8\x03\0\0\
\xbf\x21\0\0\0\0\0\0\x77\x01\0\0\x30\0\0\0\x73\x13\x2e\0\0\0\0\0\xbf\x21\0\0\0\
\0\0\0\x77\x01\0\0\x28\0\0\0\x73\x13\x2d\0\0\0\0\0\xbf\x21\0\0\0\0\0\0\x77\x01\
\0\0\x20\0\0\0\x73\x13\x2c\0\0\0\0\0\xbf\x21\0\0\0\0\0\0\x77\x01\0\0\x18\0\0\0\
\x73\x13\x2b\0\0\0\0\0\xbf\x21\0\0\0\0\0\0\x77\x01\0\0\x10\0\0\0\x73\x13\x2a\0\
\0\0\0\0\x73\x23\x28\0\0\0\0\0\x77\x02\0\0\x08\0\0\0\x73\x23\x29\0\0\0\0\0\xbf\
\xa2\0\0\0\0\0\0\x07\x02\0\0\xe8\xff\xff\xff\x18\x01\0\0\0\0\0\0\0\0\0\0\0\0\0\
\0\xb7\x04\0\0\x02\0\0\0\x85\0\0\0\x02\0\0\0\x79\xa3\xe0\xff\0\0\0\0\x18\x01\0\
\0\xb8\x05\0\0\0\0\0\0\0\0\0\0\xb7\x02\0\0\x4b\0\0\0\x05\0\xa7\xfd\0\0\0\0\x44\
\x75\x61\x6c\x20\x42\x53\x44\x2f\x47\x50\x4c\0\x74\x72\x61\x63\x65\x5f\x73\x65\
\x6e\x64\x5f\x72\x65\x71\x75\x65\x73\x74\x3a\x20\x65\x6e\x74\x65\x72\x65\x64\
\x0a\0\x74\x72\x61\x63\x65\x5f\x73\x65\x6e\x64\x5f\x72\x65\x71\x75\x65\x73\x74\
\x3a\x20\x66\x61\x69\x6c\x65\x64\x20\x74\x6f\x20\x72\x65\x61\x64\x20\x74\x69\
\x64\x0a\0\x74\x72\x61\x63\x65\x5f\x73\x65\x6e\x64\x5f\x72\x65\x71\x75\x65\x73\
\x74\x3a\x20\x74\x69\x64\x3d\x25\x6c\x6c\x75\x0a\0\x74\x72\x61\x63\x65\x5f\x73\
\x65\x6e\x64\x5f\x72\x65\x71\x75\x65\x73\x74\x3a\x20\x63\x6c\x69\x65\x6e\x74\
\x5f\x69\x64\x3d\x25\x6c\x6c\x75\x0a\0\x74\x72\x61\x63\x65\x5f\x73\x65\x6e\x64\
\x5f\x72\x65\x71\x75\x65\x73\x74\x3a\x20\x52\x65\x74\x72\x79\x20\x64\x65\x74\
\x65\x63\x74\x65\x64\x20\x54\x49\x44\x3d\x25\x6c\x6c\x75\x2c\x20\x61\x74\x74\
\x65\x6d\x70\x74\x73\x3d\x25\x75\x0a\0\x74\x72\x61\x63\x65\x5f\x73\x65\x6e\x64\
\x5f\x72\x65\x71\x75\x65\x73\x74\x3a\x20\x70\x6f\x6f\x6c\x5f\x69\x64\x3d\x25\
\x6c\x6c\x75\x2c\x20\x70\x67\x5f\x69\x64\x3d\x25\x75\x0a\0\x74\x72\x61\x63\x65\
\x5f\x73\x65\x6e\x64\x5f\x72\x65\x71\x75\x65\x73\x74\x3a\x20\x66\x6c\x61\x67\
\x73\x3d\x30\x78\x25\x78\x2c\x20\x69\x73\x5f\x77\x72\x69\x74\x65\x3d\x25\x75\
\x2c\x20\x69\x73\x5f\x72\x65\x61\x64\x3d\x25\x75\x0a\0\x74\x72\x61\x63\x65\x5f\
\x73\x65\x6e\x64\x5f\x72\x65\x71\x75\x65\x73\x74\x3a\x20\x6f\x66\x66\x73\x65\
\x74\x3d\x25\x6c\x6c\x75\x2c\x20\x6c\x65\x6e\x67\x74\x68\x3d\x25\x6c\x6c\x75\
\x0a\0\x74\x72\x61\x63\x65\x5f\x73\x65\x6e\x64\x5f\x72\x65\x71\x75\x65\x73\x74\
\x3a\x20\x73\x74\x6f\x72\x65\x64\x20\x6b\x65\x79\x20\x63\x6c\x69\x65\x6e\x74\
\x5f\x69\x64\x3d\x25\x6c\x6c\x75\x20\x74\x69\x64\x3d\x25\x6c\x6c\x75\x0a\0\x74\
\x72\x61\x63\x65\x5f\x6f\x73\x64\x5f\x64\x69\x73\x70\x61\x74\x63\x68\x3a\x20\
\x65\x6e\x74\x65\x72\x65\x64\x0a\0\x74\x72\x61\x63\x65\x5f\x6f\x73\x64\x5f\x64\
\x69\x73\x70\x61\x74\x63\x68\x3a\x20\x66\x61\x69\x6c\x65\x64\x20\x74\x6f\x20\
\x72\x65\x61\x64\x20\x74\x69\x64\x0a\0\x74\x72\x61\x63\x65\x5f\x6f\x73\x64\x5f\
\x64\x69\x73\x70\x61\x74\x63\x68\x3a\x20\x74\x69\x64\x3d\x25\x6c\x6c\x75\x0a\0\
\x74\x72\x61\x63\x65\x5f\x6f\x73\x64\x5f\x64\x69\x73\x70\x61\x74\x63\x68\x3a\
\x20\x63\x6c\x69\x65\x6e\x74\x5f\x69\x64\x3d\x25\x6c\x6c\x75\x0a\0\x74\x72\x61\
\x63\x65\x5f\x6f\x73\x64\x5f\x64\x69\x73\x70\x61\x74\x63\x68\x3a\x20\x6e\x6f\
\x20\x70\x65\x6e\x64\x69\x6e\x67\x20\x72\x65\x71\x75\x65\x73\x74\x20\x66\x6f\
\x75\x6e\x64\x20\x66\x6f\x72\x20\x63\x6c\x69\x65\x6e\x74\x5f\x69\x64\x3d\x25\
\x6c\x6c\x75\x20\x74\x69\x64\x3d\x25\x6c\x6c\x75\x0a\0\x74\x72\x61\x63\x65\x5f\
\x6f\x73\x64\x5f\x64\x69\x73\x70\x61\x74\x63\x68\x3a\x20\x66\x6f\x75\x6e\x64\
\x20\x70\x65\x6e\x64\x69\x6e\x67\x20\x72\x65\x71\x75\x65\x73\x74\x0a\0\x3d\x3d\
\x3d\x20\x4d\x44\x53\x20\x50\x52\x45\x50\x41\x52\x45\x5f\x53\x45\x4e\x44\x3a\
\x20\x46\x75\x6e\x63\x74\x69\x6f\x6e\x20\x63\x61\x6c\x6c\x65\x64\x20\x3d\x3d\
\x3d\x0a\0\x4d\x44\x53\x20\x50\x52\x45\x50\x41\x52\x45\x5f\x53\x45\x4e\x44\x3a\
\x20\x72\x65\x71\x20\x69\x73\x20\x4e\x55\x4c\x4c\x0a\0\x4d\x44\x53\x20\x50\x52\
\x45\x50\x41\x52\x45\x5f\x53\x45\x4e\x44\x3a\x20\x46\x41\x49\x4c\x45\x44\x20\
\x74\x6f\x20\x72\x65\x61\x64\x20\x54\x49\x44\x20\x66\x72\x6f\x6d\x20\x72\x65\
\x71\x0a\0\x4d\x44\x53\x20\x50\x52\x45\x50\x41\x52\x45\x5f\x53\x45\x4e\x44\x3a\
\x20\x46\x41\x49\x4c\x45\x44\x20\x74\x6f\x20\x72\x65\x61\x64\x20\x6f\x70\x65\
\x72\x61\x74\x69\x6f\x6e\x20\x66\x72\x6f\x6d\x20\x72\x65\x71\x0a\0\x4d\x44\x53\
\x20\x50\x52\x45\x50\x41\x52\x45\x5f\x53\x45\x4e\x44\x3a\x20\x53\x55\x43\x43\
\x45\x53\x53\x20\x2d\x20\x54\x49\x44\x3d\x25\x6c\x6c\x75\x20\x4f\x50\x3d\x30\
\x78\x25\x78\x0a\0\x4d\x44\x53\x20\x50\x52\x45\x50\x41\x52\x45\x5f\x53\x45\x4e\
\x44\x3a\x20\x43\x4c\x49\x45\x4e\x54\x5f\x49\x44\x3d\x25\x6c\x6c\x75\x0a\0\x4d\
\x44\x53\x20\x50\x52\x45\x50\x41\x52\x45\x5f\x53\x45\x4e\x44\x3a\x20\x46\x61\
\x69\x6c\x65\x64\x20\x74\x6f\x20\x67\x65\x74\x20\x43\x4c\x49\x45\x4e\x54\x5f\
\x49\x44\x0a\0\x4d\x44\x53\x20\x50\x52\x45\x50\x41\x52\x45\x5f\x53\x45\x4e\x44\
\x3a\x20\x4d\x44\x53\x5f\x52\x41\x4e\x4b\x3d\x25\x75\x0a\0\x4d\x44\x53\x20\x50\
\x52\x45\x50\x41\x52\x45\x5f\x53\x45\x4e\x44\x3a\x20\x46\x61\x69\x6c\x65\x64\
\x20\x74\x6f\x20\x67\x65\x74\x20\x4d\x44\x53\x20\x72\x61\x6e\x6b\x0a\0\x4d\x44\
\x53\x20\x50\x52\x45\x50\x41\x52\x45\x5f\x53\x45\x4e\x44\x3a\x20\x52\x65\x74\
\x72\x79\x20\x64\x65\x74\x65\x63\x74\x65\x64\x20\x54\x49\x44\x3d\x25\x6c\x6c\
\x75\x2c\x20\x61\x74\x74\x65\x6d\x70\x74\x73\x3d\x25\x75\x0a\0\x4d\x44\x53\x20\
\x50\x52\x45\x50\x41\x52\x45\x5f\x53\x45\x4e\x44\x3a\x20\x64\x65\x6e\x74\x72\
\x79\x20\x6e\x61\x6d\x65\x3d\x27\x25\x73\x27\x0a\0\x4d\x44\x53\x20\x50\x52\x45\
\x50\x41\x52\x45\x5f\x53\x45\x4e\x44\x3a\x20\x53\x74\x6f\x72\x65\x64\x20\x54\
\x49\x44\x3d\x25\x6c\x6c\x75\x20\x43\x4c\x49\x45\x4e\x54\x5f\x49\x44\x3d\x25\
\x6c\x6c\x75\x0a\0\x3d\x3d\x3d\x20\x4d\x44\x53\x20\x44\x49\x53\x50\x41\x54\x43\
\x48\x3a\x20\x43\x4c\x49\x45\x4e\x54\x5f\x52\x45\x50\x4c\x59\x20\x6d\x65\x73\
\x73\x61\x67\x65\x20\x3d\x3d\x3d\x0a\0\x4d\x44\x53\x20\x44\x49\x53\x50\x41\x54\
\x43\x48\x3a\x20\x46\x61\x69\x6c\x65\x64\x20\x74\x6f\x20\x72\x65\x61\x64\x20\
\x54\x49\x44\x0a\0\x4d\x44\x53\x20\x44\x49\x53\x50\x41\x54\x43\x48\x3a\x20\x54\
\x49\x44\x3d\x25\x6c\x6c\x75\x0a\0\x4d\x44\x53\x20\x44\x49\x53\x50\x41\x54\x43\
\x48\x3a\x20\x4e\x6f\x20\x70\x65\x6e\x64\x69\x6e\x67\x20\x72\x65\x71\x75\x65\
\x73\x74\x20\x66\x6f\x72\x20\x54\x49\x44\x3d\x25\x6c\x6c\x75\x0a\0\x4d\x44\x53\
\x20\x44\x49\x53\x50\x41\x54\x43\x48\x3a\x20\x46\x6f\x75\x6e\x64\x20\x70\x65\
\x6e\x64\x69\x6e\x67\x20\x54\x49\x44\x3d\x25\x6c\x6c\x75\x0a\0\x74\x72\x61\x63\
\x65\x5f\x6d\x64\x73\x5f\x68\x61\x6e\x64\x6c\x65\x5f\x72\x65\x70\x6c\x79\x3a\
\x20\x74\x69\x64\x3d\x25\x6c\x6c\x75\x20\x73\x61\x66\x65\x3d\x25\x75\x20\x72\
\x65\x73\x75\x6c\x74\x3d\x25\x64\x0a\0\x74\x72\x61\x63\x65\x5f\x6d\x64\x73\x5f\
\x68\x61\x6e\x64\x6c\x65\x5f\x72\x65\x70\x6c\x79\x3a\x20\x63\x6f\x6d\x70\x6c\
\x65\x74\x65\x64\x20\x72\x65\x71\x75\x65\x73\x74\x20\x28\x73\x61\x66\x65\x20\
\x72\x65\x70\x6c\x79\x29\x20\x74\x69\x64\x3d\x25\x6c\x6c\x75\x0a\0\x74\x72\x61\
\x63\x65\x5f\x6d\x64\x73\x5f\x68\x61\x6e\x64\x6c\x65\x5f\x72\x65\x70\x6c\x79\
\x3a\x20\x67\x6f\x74\x20\x75\x6e\x73\x61\x66\x65\x20\x72\x65\x70\x6c\x79\x2c\
\x20\x77\x61\x69\x74\x69\x6e\x67\x20\x66\x6f\x72\x20\x73\x61\x66\x65\x20\x72\
\x65\x70\x6c\x79\x20\x74\x69\x64\x3d\x25\x6c\x6c\x75\x0a\0\0\0\0\0\0\0\0\0\0\0\
\0\0\0\0\0\0\0\0\0\0\0\0\0\0\0\0\0\0\0\0\0\0\0\0\0\0\0\0\0\0\0\0\0\0\0\0\0\0\0\
\0\0\0\0\0\0\0\0\0\0\0\0\0\0\0\0\0\0\0\0\0\0\0\0\0\0\0\0\0\0\0\0\0\0\0\0\0\0\0\
\0\0\0\0\0\0\0\0\x4c\x4f\x4f\x4b\x55\x50\0\x43\x52\x45\x41\x54\x45\0\x55\x4e\
\x4c\x49\x4e\x4b\0\x52\x45\x4e\x41\x4d\x45\0\x4d\x4b\x44\x49\x52\0\x52\x4d\x44\
\x49\x52\0\x4f\x50\x45\x4e\0\0\0\0\x08\0\0\0\0\0\0\0\x01\0\0\0\x72\0\0\0\x68\0\
\0\0\0\0\0\0\x01\0\0\0\x72\0\0\0\xa0\0\0\0\0\0\0\0\x01\0\0\0\x72\0\0\0\xe0\x02\
\0\0\0\0\0\0\x01\0\0\0\x72\0\0\0\x30\x03\0\0\0\0\0\0\x01\0\0\0\x75\0\0\0\0\x04\
\0\0\0\0\0\0\x01\0\0\0\x72\0\0\0\x78\x05\0\0\0\0\0\0\x01\0\0\0\x75\0\0\0\xa0\
\x05\0\0\0\0\0\0\x01\0\0\0\x75\0\0\0\x50\x0c\0\0\0\0\0\0\x01\0\0\0\x72\0\0\0\
\xf8\x0c\0\0\0\0\0\0\x01\0\0\0\x72\0\0\0\xa0\x0f\0\0\0\0\0\0\x01\0\0\0\x72\0\0\
\0\x10\x14\0\0\0\0\0\0\x01\0\0\0\x72\0\0\0\x28\0\0\0\0\0\0\0\x01\0\0\0\x72\0\0\
\0\x88\0\0\0\0\0\0\0\x01\0\0\0\x72\0\0\0\xb8\0\0\0\0\0\0\0\x01\0\0\0\x72\0\0\0\
\xb8\x02\0\0\0\0\0\0\x01\0\0\0\x72\0\0\0\xf0\x02\0\0\0\0\0\0\x01\0\0\0\x75\0\0\
\0\x28\x03\0\0\0\0\0\0\x01\0\0\0\x72\0\0\0\x50\x03\0\0\0\0\0\0\x01\0\0\0\x72\0\
\0\0\x88\x03\0\0\0\0\0\0\x01\0\0\0\x77\0\0\0\xf8\x17\0\0\0\0\0\0\x01\0\0\0\x75\
\0\0\0\x08\0\0\0\0\0\0\0\x01\0\0\0\x72\0\0\0\x40\0\0\0\0\0\0\0\x01\0\0\0\x72\0\
\0\0\xc0\0\0\0\0\0\0\0\x01\0\0\0\x72\0\0\0\x28\x01\0\0\0\0\0\0\x01\0\0\0\x72\0\
\0\0\x60\x01\0\0\0\0\0\0\x01\0\0\0\x72\0\0\0\x68\x03\0\0\0\0\0\0\x01\0\0\0\x72\
\0\0\0\xb0\x03\0\0\0\0\0\0\x01\0\0\0\x72\0\0\0\xd8\x03\0\0\0\0\0\0\x01\0\0\0\
\x72\0\0\0\x50\x04\0\0\0\0\0\0\x01\0\0\0\x72\0\0\0\x98\x04\0\0\0\0\0\0\x01\0\0\
\0\x79\0\0\0\x68\x05\0\0\0\0\0\0\x01\0\0\0\x72\0\0\0\x80\x06\0\0\0\0\0\0\x01\0\
\0\0\x79\0\0\0\xa8\x06\0\0\0\0\0\0\x01\0\0\0\x79\0\0\0\0\x11\0\0\0\0\0\0\x01\0\
\0\0\x72\0\0\0\x60\x11\0\0\0\0\0\0\x01\0\0\0\x72\0\0\0\x60\0\0\0\0\0\0\0\x01\0\
\0\0\x72\0\0\0\xd0\0\0\0\0\0\0\0\x01\0\0\0\x72\0\0\0\x08\x01\0\0\0\0\0\0\x01\0\
\0\0\x72\0\0\0\x80\x03\0\0\0\0\0\0\x01\0\0\0\x79\0\0\0\xa8\x03\0\0\0\0\0\0\x01\
\0\0\0\x72\0\0\0\xd8\x03\0\0\0\0\0\0\x01\0\0\0\x72\0\0\0\xd0\x04\0\0\0\0\0\0\
\x01\0\0\0\x72\0\0\0\x80\x07\0\0\0\0\0\0\x01\0\0\0\x7b\0\0\0\xd0\x13\0\0\0\0\0\
\0\x01\0\0\0\x79\0\0\0\xf0\x13\0\0\0\0\0\0\x01\0\0\0\x72\0\0\0\x40\x16\0\0\0\0\
\0\0\x01\0\0\0\x79\0\0\0\x68\x16\0\0\0\0\0\0\x01\0\0\0\x72\0\0\0\x9f\xeb\x01\0\
\x18\0\0\0\0\0\0\0\xc4\x4c\0\0\xc4\x4c\0\0\x2d\x62\0\0\0\0\0\0\0\0\0\x02\x03\0\
\0\0\x01\0\0\0\0\0\0\x01\x04\0\0\0\x20\0\0\x01\0\0\0\0\0\0\0\x03\0\0\0\0\x02\0\
\0\0\x04\0\0\0\x01\0\0\0\x05\0\0\0\0\0\0\x01\x04\0\0\0\x20\0\0\0\0\0\0\0\0\0\0\
\x02\x06\0\0\0\0\0\0\0\0\0\0\x03\0\0\0\0\x02\0\0\0\x04\0\0\0\0\x04\0\0\0\0\0\0\
\0\0\0\x02\x08\0\0\0\x19\0\0\0\x02\0\0\x04\x10\0\0\0\x25\0\0\0\x09\0\0\0\0\0\0\
\0\x2f\0\0\0\x09\0\0\0\x40\0\0\0\x33\0\0\0\0\0\0\x08\x0a\0\0\0\x39\0\0\0\0\0\0\
\x01\x08\0\0\0\x40\0\0\0\0\0\0\0\0\0\0\x02\x0c\0\0\0\x4c\0\0\0\x16\0\0\x04\x21\
\x01\0\0\x2f\0\0\0\x09\0\0\0\0\0\0\0\x25\0\0\0\x09\0\0\0\x40\0\0\0\x5f\0\0\0\
\x09\0\0\0\x80\0\0\0\x6a\0\0\0\x09\0\0\0\xc0\0\0\0\x73\0\0\0\x09\0\0\0\0\x01\0\
\0\x7e\0\0\0\x0d\0\0\0\x40\x01\0\0\x8a\0\0\0\x0f\0\0\0\x60\x01\0\0\x96\0\0\0\
\x0d\0\0\0\x60\x02\0\0\xa2\0\0\0\x0d\0\0\0\x80\x02\0\0\xa6\0\0\0\x0d\0\0\0\xa0\
\x02\0\0\xaf\0\0\0\x11\0\0\0\xc0\x02\0\0\xb4\0\0\0\x12\0\0\0\x40\x03\0\0\xc0\0\
\0\0\x0d\0\0\0\0\x04\0\0\xd0\0\0\0\x13\0\0\0\x20\x04\0\0\xd8\0\0\0\x13\0\0\0\
\x28\x04\0\0\xe1\0\0\0\x09\0\0\0\x30\x04\0\0\xe9\0\0\0\x0d\0\0\0\x70\x04\0\0\
\xef\0\0\0\x17\0\0\0\x90\x04\0\0\xf3\0\0\0\x13\0\0\0\xc0\x04\0\0\xfc\0\0\0\x09\
\0\0\0\xc8\x04\0\0\x03\x01\0\0\x09\0\0\0\x08\x05\0\0\x0a\x01\0\0\x1b\0\0\0\x48\
\x05\0\0\x12\x01\0\0\0\0\0\x08\x0e\0\0\0\x18\x01\0\0\0\0\0\x01\x04\0\0\0\x20\0\
\0\0\0\0\0\0\0\0\0\x03\0\0\0\0\x0d\0\0\0\x04\0\0\0\x08\0\0\0\x25\x01\0\0\0\0\0\
\x01\x01\0\0\0\x08\0\0\x01\0\0\0\0\0\0\0\x03\0\0\0\0\x10\0\0\0\x04\0\0\0\x10\0\
\0\0\0\0\0\0\0\0\0\x03\0\0\0\0\x10\0\0\0\x04\0\0\0\x18\0\0\0\x2a\x01\0\0\0\0\0\
\x08\x14\0\0\0\x2f\x01\0\0\0\0\0\x01\x01\0\0\0\x08\0\0\0\x3d\x01\0\0\0\0\0\x08\
\x16\0\0\0\x43\x01\0\0\0\0\0\x01\x02\0\0\0\x10\0\0\0\0\0\0\0\0\0\0\x03\0\0\0\0\
\x15\0\0\0\x04\0\0\0\x03\0\0\0\x52\x01\0\0\x02\0\0\x04\x28\0\0\0\x59\x01\0\0\
\x19\0\0\0\0\0\0\0\x62\x01\0\0\x1a\0\0\0\x40\0\0\0\0\0\0\0\0\0\0\x03\0\0\0\0\
\x10\0\0\0\x04\0\0\0\x08\0\0\0\0\0\0\0\0\0\0\x03\0\0\0\0\x10\0\0\0\x04\0\0\0\
\x20\0\0\0\0\0\0\0\0\0\0\x03\0\0\0\0\x18\0\0\0\x04\0\0\0\x03\0\0\0\0\0\0\0\x04\
\0\0\x04\x20\0\0\0\x6e\x01\0\0\x01\0\0\0\0\0\0\0\x73\x01\0\0\x05\0\0\0\x40\0\0\
\0\x7f\x01\0\0\x07\0\0\0\x80\0\0\0\x83\x01\0\0\x0b\0\0\0\xc0\0\0\0\x89\x01\0\0\
\0\0\0\x0e\x1c\0\0\0\x01\0\0\0\0\0\0\0\0\0\0\x02\x1f\0\0\0\0\0\0\0\0\0\0\x03\0\
\0\0\0\x02\0\0\0\x04\0\0\0\x1b\0\0\0\0\0\0\0\0\0\0\x02\x21\0\0\0\0\0\0\0\0\0\0\
\x03\0\0\0\0\x02\0\0\0\x04\0\0\0\0\0\x04\0\0\0\0\0\x02\0\0\x04\x10\0\0\0\x6e\
\x01\0\0\x1e\0\0\0\0\0\0\0\x73\x01\0\0\x20\0\0\0\x40\0\0\0\x9a\x01\0\0\0\0\0\
\x0e\x22\0\0\0\x01\0\0\0\0\0\0\0\0\0\0\x02\x25\0\0\0\x9d\x01\0\0\x02\0\0\x04\
\x10\0\0\0\x25\0\0\0\x09\0\0\0\0\0\0\0\x2f\0\0\0\x09\0\0\0\x40\0\0\0\0\0\0\0\0\
\0\0\x02\x27\0\0\0\xad\x01\0\0\x12\0\0\x04\xbf\0\0\0\x2f\0\0\0\x09\0\0\0\0\0\0\
\0\x25\0\0\0\x09\0\0\0\x40\0\0\0\xbd\x01\0\0\x09\0\0\0\x80\0\0\0\xc9\x01\0\0\
\x09\0\0\0\xc0\0\0\0\xdb\x01\0\0\x09\0\0\0\0\x01\0\0\xeb\x01\0\0\x09\0\0\0\x40\
\x01\0\0\xfd\x01\0\0\x09\0\0\0\x80\x01\0\0\x0d\x02\0\0\x0d\0\0\0\xc0\x01\0\0\
\xa2\0\0\0\x0d\0\0\0\xe0\x01\0\0\x10\x02\0\0\x0d\0\0\0\0\x02\0\0\x19\x02\0\0\
\x0d\0\0\0\x20\x02\0\0\xaf\0\0\0\x11\0\0\0\x40\x02\0\0\xa6\0\0\0\x0d\0\0\0\xc0\
\x02\0\0\x20\x02\0\0\x13\0\0\0\xe0\x02\0\0\x31\x02\0\0\x13\0\0\0\xe8\x02\0\0\
\x40\x02\0\0\x13\0\0\0\xf0\x02\0\0\x4c\x02\0\0\x1a\0\0\0\xf8\x02\0\0\x54\x02\0\
\0\x28\0\0\0\xf8\x03\0\0\0\0\0\0\0\0\0\x03\0\0\0\0\x10\0\0\0\x04\0\0\0\x40\0\0\
\0\0\0\0\0\x04\0\0\x04\x20\0\0\0\x6e\x01\0\0\x01\0\0\0\0\0\0\0\x73\x01\0\0\x05\
\0\0\0\x40\0\0\0\x7f\x01\0\0\x24\0\0\0\x80\0\0\0\x83\x01\0\0\x26\0\0\0\xc0\0\0\
\0\x59\x02\0\0\0\0\0\x0e\x29\0\0\0\x01\0\0\0\x6e\x02\0\0\0\0\0\x0e\x22\0\0\0\
\x01\0\0\0\0\0\0\0\0\0\0\x02\x2d\0\0\0\x75\x02\0\0\x15\0\0\x04\xa8\0\0\0\x7d\
\x02\0\0\x2e\0\0\0\0\0\0\0\x81\x02\0\0\x2e\0\0\0\x40\0\0\0\x85\x02\0\0\x2e\0\0\
\0\x80\0\0\0\x89\x02\0\0\x2e\0\0\0\xc0\0\0\0\x8d\x02\0\0\x2e\0\0\0\0\x01\0\0\
\x90\x02\0\0\x2e\0\0\0\x40\x01\0\0\x93\x02\0\0\x2e\0\0\0\x80\x01\0\0\x97\x02\0\
\0\x2e\0\0\0\xc0\x01\0\0\x9b\x02\0\0\x2e\0\0\0\0\x02\0\0\x9e\x02\0\0\x2e\0\0\0\
\x40\x02\0\0\xa1\x02\0\0\x2e\0\0\0\x80\x02\0\0\xa4\x02\0\0\x2e\0\0\0\xc0\x02\0\
\0\xa7\x02\0\0\x2e\0\0\0\0\x03\0\0\xaa\x02\0\0\x2e\0\0\0\x40\x03\0\0\xad\x02\0\
\0\x2e\0\0\0\x80\x03\0\0\xb0\x02\0\0\x2e\0\0\0\xc0\x03\0\0\xb8\x02\0\0\x2e\0\0\
\0\0\x04\0\0\0\0\0\0\x2f\0\0\0\x40\x04\0\0\xbb\x02\0\0\x2e\0\0\0\x80\x04\0\0\
\xc1\x02\0\0\x2e\0\0\0\xc0\x04\0\0\0\0\0\0\x33\0\0\0\0\x05\0\0\xc4\x02\0\0\0\0\
\0\x01\x08\0\0\0\x40\0\0\0\0\0\0\0\x03\0\0\x05\x08\0\0\0\xd2\x02\0\0\x30\0\0\0\
\0\0\0\0\xd5\x02\0\0\x31\0\0\0\0\0\0\0\xd9\x02\0\0\x32\0\0\0\0\0\0\0\xe1\x02\0\
\0\0\0\0\x08\x15\0\0\0\xe5\x02\0\0\0\0\0\x08\x09\0\0\0\xd9\x02\0\0\x03\0\0\x84\
\x08\0\0\0\xd2\x02\0\0\x31\0\0\0\0\0\0\x10\xe9\x02\0\0\x31\0\0\0\x10\0\0\x02\
\xec\x02\0\0\x31\0\0\0\x12\0\0\x01\0\0\0\0\x03\0\0\x05\x08\0\0\0\xf0\x02\0\0\
\x30\0\0\0\0\0\0\0\xf3\x02\0\0\x31\0\0\0\0\0\0\0\xf7\x02\0\0\x34\0\0\0\0\0\0\0\
\xf7\x02\0\0\x0a\0\0\x84\x08\0\0\0\xf0\x02\0\0\x31\0\0\0\0\0\0\x10\xff\x02\0\0\
\x31\0\0\0\x10\0\0\x01\x03\x03\0\0\x31\0\0\0\x11\0\0\x01\x0b\x03\0\0\x31\0\0\0\
\x12\0\0\x01\x0f\x03\0\0\x31\0\0\0\x20\0\0\x08\x6e\x01\0\0\x31\0\0\0\x30\0\0\
\x04\x16\x03\0\0\x31\0\0\0\x38\0\0\x01\x1e\x03\0\0\x31\0\0\0\x39\0\0\x01\x21\
\x03\0\0\x31\0\0\0\x3a\0\0\x01\x28\x03\0\0\x31\0\0\0\x3c\0\0\x04\0\0\0\0\x01\0\
\0\x0d\x02\0\0\0\x30\x03\0\0\x2c\0\0\0\x34\x03\0\0\x01\0\0\x0c\x35\0\0\0\x47\
\x03\0\0\x20\0\0\x04\x30\x03\0\0\x58\x03\0\0\x31\0\0\0\0\0\0\0\x5e\x03\0\0\x38\
\0\0\0\x40\0\0\0\x65\x03\0\0\x38\0\0\0\0\x01\0\0\x6f\x03\0\0\x3a\0\0\0\xc0\x01\
\0\0\x7f\x03\0\0\x47\0\0\0\xc0\x02\0\0\x85\x03\0\0\x48\0\0\0\0\x03\0\0\x89\x03\
\0\0\x5a\0\0\0\0\x13\0\0\x93\x03\0\0\x5a\0\0\0\x40\x13\0\0\x9b\x03\0\0\x51\0\0\
\0\x80\x13\0\0\xa2\x03\0\0\x0e\0\0\0\xa0\x13\0\0\xac\x03\0\0\x02\0\0\0\xc0\x13\
\0\0\xb5\x03\0\0\x5b\0\0\0\0\x14\0\0\xbc\x03\0\0\x5c\0\0\0\x40\x14\0\0\xc3\x03\
\0\0\x58\0\0\0\x60\x14\0\0\xcd\x03\0\0\x58\0\0\0\x68\x14\0\0\xd6\x03\0\0\x61\0\
\0\0\x80\x14\0\0\xe3\x03\0\0\x6b\0\0\0\x80\x15\0\0\xee\x03\0\0\x6f\0\0\0\xc0\
\x15\0\0\xf6\x03\0\0\x41\0\0\0\0\x16\0\0\x05\x04\0\0\x70\0\0\0\x80\x16\0\0\x0c\
\x04\0\0\x31\0\0\0\xc0\x16\0\0\x15\x04\0\0\x71\0\0\0\0\x17\0\0\x1d\x04\0\0\x72\
\0\0\0\x40\x17\0\0\x25\x04\0\0\x31\0\0\0\xc0\x17\0\0\x33\x04\0\0\x31\0\0\0\0\
\x18\0\0\x3d\x04\0\0\x2e\0\0\0\x40\x18\0\0\x45\x04\0\0\x2e\0\0\0\x80\x18\0\0\
\x53\x04\0\0\x75\0\0\0\xc0\x18\0\0\x63\x04\0\0\x75\0\0\0\0\x19\0\0\x71\x04\0\0\
\x02\0\0\0\x40\x19\0\0\x7c\x04\0\0\x51\0\0\0\x60\x19\0\0\x8c\x04\0\0\xaa\0\0\0\
\x80\x19\0\0\x92\x04\0\0\x03\0\0\x04\x18\0\0\0\x9a\x04\0\0\x2e\0\0\0\0\0\0\0\
\xac\x04\0\0\x39\0\0\0\x40\0\0\0\xb5\x04\0\0\x39\0\0\0\x80\0\0\0\0\0\0\0\0\0\0\
\x02\x38\0\0\0\xbd\x04\0\0\x03\0\0\x04\x20\0\0\0\xc9\x04\0\0\x3b\0\0\0\0\0\0\0\
\xce\x04\0\0\x41\0\0\0\x40\0\0\0\xd4\x04\0\0\x43\0\0\0\xc0\0\0\0\xd9\x04\0\0\0\
\0\0\x08\x3c\0\0\0\xe7\x04\0\0\0\0\0\x08\x3d\0\0\0\0\0\0\0\x01\0\0\x04\x08\0\0\
\0\xf2\x04\0\0\x3e\0\0\0\0\0\0\0\xfa\x04\0\0\0\0\0\x08\x3f\0\0\0\xfe\x04\0\0\0\
\0\0\x08\x40\0\0\0\x04\x05\0\0\0\0\0\x01\x08\0\0\0\x40\0\0\x01\x0e\x05\0\0\x02\
\0\0\x04\x10\0\0\0\x18\x05\0\0\x42\0\0\0\0\0\0\0\x1d\x05\0\0\x42\0\0\0\x40\0\0\
\0\0\0\0\0\0\0\0\x02\x41\0\0\0\x22\x05\0\0\0\0\0\x08\x44\0\0\0\0\0\0\0\0\0\0\
\x02\x45\0\0\0\0\0\0\0\x01\0\0\x0d\0\0\0\0\0\0\0\0\x46\0\0\0\0\0\0\0\0\0\0\x02\
\x3a\0\0\0\0\0\0\0\0\0\0\x02\xab\0\0\0\x2e\x05\0\0\x14\0\0\x04\0\x02\0\0\x46\
\x05\0\0\x49\0\0\0\0\0\0\0\x4f\x05\0\0\x4c\0\0\0\0\x02\0\0\x59\x05\0\0\x49\0\0\
\0\x80\x02\0\0\x64\x05\0\0\x4c\0\0\0\x80\x04\0\0\x70\x05\0\0\x4e\0\0\0\0\x05\0\
\0\x75\x05\0\0\x52\0\0\0\x80\x05\0\0\x7b\x05\0\0\x51\0\0\0\x40\x06\0\0\x82\x05\
\0\0\x51\0\0\0\x60\x06\0\0\x8e\x05\0\0\x56\0\0\0\x80\x06\0\0\x95\x05\0\0\x56\0\
\0\0\xc0\x0a\0\0\x98\x05\0\0\x02\0\0\0\0\x0f\0\0\x9d\x05\0\0\x02\0\0\0\x20\x0f\
\0\0\xa6\x05\0\0\x58\0\0\0\x40\x0f\0\0\xb3\x05\0\0\x58\0\0\0\x48\x0f\0\0\xbb\
\x02\0\0\x0e\0\0\0\x60\x0f\0\0\xc4\x05\0\0\x58\0\0\0\x80\x0f\0\0\xd1\x05\0\0\
\x58\0\0\0\x88\x0f\0\0\xd8\x05\0\0\x51\0\0\0\xa0\x0f\0\0\xde\x05\0\0\x51\0\0\0\
\xc0\x0f\0\0\xf0\x05\0\0\x02\0\0\0\xe0\x0f\0\0\xf4\x05\0\0\x03\0\0\x04\x40\0\0\
\0\x03\x06\0\0\x4a\0\0\0\0\0\0\0\x08\x06\0\0\x4b\0\0\0\x40\0\0\0\x14\x06\0\0\
\x02\0\0\0\xe0\x01\0\0\0\0\0\0\0\0\0\x02\x10\0\0\0\0\0\0\0\0\0\0\x03\0\0\0\0\
\x10\0\0\0\x04\0\0\0\x34\0\0\0\x1d\x06\0\0\x02\0\0\x04\x10\0\0\0\x31\x06\0\0\
\x3e\0\0\0\0\0\0\0\x36\x06\0\0\x4d\0\0\0\x40\0\0\0\0\0\0\0\0\0\0\x02\xda\x01\0\
\0\x3e\x06\0\0\x02\0\0\x04\x10\0\0\0\x31\x06\0\0\x4f\0\0\0\0\0\0\0\x46\x06\0\0\
\x50\0\0\0\x40\0\0\0\x4b\x06\0\0\0\0\0\x08\x31\0\0\0\x54\x06\0\0\0\0\0\x08\x51\
\0\0\0\x5d\x06\0\0\0\0\0\x08\x0d\0\0\0\x61\x06\0\0\x02\0\0\x04\x18\0\0\0\x70\
\x05\0\0\x4e\0\0\0\0\0\0\0\x6a\x06\0\0\x53\0\0\0\x80\0\0\0\x70\x06\0\0\0\0\0\
\x08\x54\0\0\0\x73\x06\0\0\0\0\0\x08\x55\0\0\0\x78\x06\0\0\0\0\0\x01\x01\0\0\0\
\x08\0\0\x01\x84\x06\0\0\x03\0\0\x04\x88\0\0\0\x8e\x06\0\0\x57\0\0\0\0\0\0\0\
\x98\x05\0\0\x02\0\0\0\0\x04\0\0\x93\x06\0\0\x02\0\0\0\x20\x04\0\0\0\0\0\0\0\0\
\0\x03\0\0\0\0\x02\0\0\0\x04\0\0\0\x20\0\0\0\x9b\x06\0\0\0\0\0\x08\x59\0\0\0\
\xa0\x06\0\0\0\0\0\x01\x01\0\0\0\x08\0\0\x04\0\0\0\0\0\0\0\x02\xef\0\0\0\0\0\0\
\0\0\0\0\x02\xf8\0\0\0\xa6\x06\0\0\x01\0\0\x04\x04\0\0\0\xab\x06\0\0\x5d\0\0\0\
\0\0\0\0\xb4\x06\0\0\0\0\0\x08\x5e\0\0\0\xbf\x06\0\0\x01\0\0\x04\x04\0\0\0\xcf\
\x06\0\0\x5f\0\0\0\0\0\0\0\xd4\x06\0\0\0\0\0\x08\x60\0\0\0\0\0\0\0\x01\0\0\x04\
\x04\0\0\0\xf2\x04\0\0\x02\0\0\0\0\0\0\0\xdd\x06\0\0\x02\0\0\x04\x20\0\0\0\xe8\
\x06\0\0\x0e\0\0\0\0\0\0\0\xed\x06\0\0\x62\0\0\0\x40\0\0\0\xf2\x06\0\0\x02\0\0\
\x04\x18\0\0\0\x03\x07\0\0\x63\0\0\0\0\0\0\0\x08\x07\0\0\x41\0\0\0\x40\0\0\0\
\x12\x07\0\0\0\0\0\x08\x64\0\0\0\x21\x07\0\0\x01\0\0\x04\x04\0\0\0\x2e\x07\0\0\
\x65\0\0\0\0\0\0\0\x37\x07\0\0\0\0\0\x08\x66\0\0\0\x47\x07\0\0\x01\0\0\x04\x04\
\0\0\0\0\0\0\0\x67\0\0\0\0\0\0\0\0\0\0\0\x03\0\0\x05\x04\0\0\0\x51\x07\0\0\x5f\
\0\0\0\0\0\0\0\0\0\0\0\x68\0\0\0\0\0\0\0\0\0\0\0\x6a\0\0\0\0\0\0\0\0\0\0\0\x02\
\0\0\x04\x02\0\0\0\x55\x07\0\0\x69\0\0\0\0\0\0\0\x5c\x07\0\0\x69\0\0\0\x08\0\0\
\0\x64\x07\0\0\0\0\0\x08\x13\0\0\0\0\0\0\0\x02\0\0\x04\x04\0\0\0\x67\x07\0\0\
\x30\0\0\0\0\0\0\0\x76\x07\0\0\x30\0\0\0\x10\0\0\0\x7b\x07\0\0\0\0\0\x08\x6c\0\
\0\0\0\0\0\0\0\0\0\x02\x6d\0\0\0\0\0\0\0\x01\0\0\x0d\0\0\0\0\0\0\0\0\x6e\0\0\0\
\0\0\0\0\0\0\0\x02\x37\0\0\0\0\0\0\0\0\0\0\x02\xbe\x01\0\0\0\0\0\0\0\0\0\x02\0\
\0\0\0\0\0\0\0\0\0\0\x02\xdb\x01\0\0\x90\x07\0\0\x02\0\0\x04\x10\0\0\0\x9b\x07\
\0\0\x73\0\0\0\0\0\0\0\xa2\x07\0\0\x74\0\0\0\x40\0\0\0\xaa\x07\0\0\0\0\0\x08\
\x3f\0\0\0\xb3\x07\0\0\0\0\0\x01\x08\0\0\0\x40\0\0\x01\xb8\x07\0\0\0\0\0\x08\
\x3e\0\0\0\xc0\x07\0\0\x06\0\0\x04\xc0\0\0\0\x0d\x02\0\0\x30\0\0\0\0\0\0\0\xbb\
\x02\0\0\x51\0\0\0\x20\0\0\0\xd0\x07\0\0\x51\0\0\0\x40\0\0\0\xdb\x07\0\0\x51\0\
\0\0\x60\0\0\0\xe7\x07\0\0\x77\0\0\0\x80\0\0\0\0\0\0\0\x79\0\0\0\xc0\0\0\0\xec\
\x07\0\0\0\0\0\x08\x78\0\0\0\xf0\x07\0\0\0\0\0\x08\x02\0\0\0\0\0\0\0\x0b\0\0\
\x05\xa8\0\0\0\xf6\x07\0\0\x7a\0\0\0\0\0\0\0\x02\x08\0\0\x9d\0\0\0\0\0\0\0\x09\
\x08\0\0\x9f\0\0\0\0\0\0\0\x0f\x08\0\0\xa0\0\0\0\0\0\0\0\x13\x08\0\0\xa3\0\0\0\
\0\0\0\0\x19\x08\0\0\xa4\0\0\0\0\0\0\0\x24\x08\0\0\xa5\0\0\0\0\0\0\0\x2b\x08\0\
\0\xa6\0\0\0\0\0\0\0\x39\x08\0\0\xa7\0\0\0\0\0\0\0\x44\x08\0\0\xa8\0\0\0\0\0\0\
\0\x4e\x08\0\0\xa9\0\0\0\0\0\0\0\x59\x08\0\0\x02\0\0\x04\x30\0\0\0\x6e\x01\0\0\
\x7b\0\0\0\0\0\0\0\0\0\0\0\x7c\0\0\0\x40\0\0\0\x67\x08\0\0\x06\0\0\x06\x04\0\0\
\0\x7a\x08\0\0\0\0\0\0\x92\x08\0\0\x01\0\0\0\xab\x08\0\0\x02\0\0\0\xc7\x08\0\0\
\x03\0\0\0\xde\x08\0\0\x04\0\0\0\xf7\x08\0\0\x05\0\0\0\0\0\0\0\x05\0\0\x05\x28\
\0\0\0\0\0\0\0\x7d\0\0\0\0\0\0\0\x0f\x09\0\0\x80\0\0\0\0\0\0\0\0\0\0\0\x81\0\0\
\0\0\0\0\0\0\0\0\0\x86\0\0\0\0\0\0\0\x18\x09\0\0\x89\0\0\0\0\0\0\0\0\0\0\0\x05\
\0\0\x04\x18\0\0\0\x1d\x09\0\0\x7e\0\0\0\0\0\0\0\x03\x01\0\0\x31\0\0\0\x40\0\0\
\0\x23\x09\0\0\x51\0\0\0\x80\0\0\0\x2d\x09\0\0\x58\0\0\0\xa0\0\0\0\x3d\x09\0\0\
\x58\0\0\0\xa8\0\0\0\0\0\0\0\0\0\0\x02\x7f\0\0\0\0\0\0\0\0\0\0\x02\xc3\x01\0\0\
\0\0\0\0\0\0\0\x02\xd2\x01\0\0\0\0\0\0\x02\0\0\x04\x28\0\0\0\x47\x09\0\0\x82\0\
\0\0\0\0\0\0\x4f\x09\0\0\x51\0\0\0\0\x01\0\0\x5a\x09\0\0\x02\0\0\x04\x20\0\0\0\
\x68\x09\0\0\x83\0\0\0\0\0\0\0\x18\x09\0\0\x84\0\0\0\x40\0\0\0\0\0\0\0\0\0\0\
\x02\xbc\x01\0\0\x6c\x09\0\0\x04\0\0\x04\x14\0\0\0\x76\x09\0\0\x85\0\0\0\0\0\0\
\0\x80\x09\0\0\x0e\0\0\0\x40\0\0\0\x88\x09\0\0\x0e\0\0\0\x60\0\0\0\x8f\x09\0\0\
\x0e\0\0\0\x80\0\0\0\x9c\x09\0\0\0\0\0\x08\x31\0\0\0\0\0\0\0\x02\0\0\x04\x28\0\
\0\0\xa5\x09\0\0\x87\0\0\0\0\0\0\0\xae\x09\0\0\x51\0\0\0\0\x01\0\0\xb8\x09\0\0\
\x02\0\0\x04\x20\0\0\0\xc7\x09\0\0\x88\0\0\0\0\0\0\0\x18\x09\0\0\x84\0\0\0\x40\
\0\0\0\0\0\0\0\0\0\0\x02\xd3\0\0\0\xcd\x09\0\0\x06\0\0\x04\x28\0\0\0\xd6\x09\0\
\0\x69\0\0\0\0\0\0\0\xe0\x09\0\0\x58\0\0\0\x08\0\0\0\xe8\x09\0\0\x58\0\0\0\x10\
\0\0\0\xf4\x09\0\0\x8a\0\0\0\x40\0\0\0\0\0\0\0\x8d\0\0\0\x80\0\0\0\0\0\0\0\x9a\
\0\0\0\0\x01\0\0\xff\x09\0\0\0\0\0\x08\x8b\0\0\0\x06\x0a\0\0\0\0\0\x08\x8c\0\0\
\0\x16\x0a\0\0\0\0\0\x08\x2e\0\0\0\0\0\0\0\x02\0\0\x05\x10\0\0\0\x27\x0a\0\0\
\x8e\0\0\0\0\0\0\0\0\0\0\0\x8f\0\0\0\0\0\0\0\x34\x0a\0\0\x02\0\0\x04\x10\0\0\0\
\x3a\x0a\0\0\x70\0\0\0\0\0\0\0\x43\x0a\0\0\x8b\0\0\0\x40\0\0\0\0\0\0\0\x02\0\0\
\x04\x10\0\0\0\0\0\0\0\x90\0\0\0\0\0\0\0\x4b\x0a\0\0\x8a\0\0\0\x40\0\0\0\0\0\0\
\0\x06\0\0\x05\x08\0\0\0\x51\x0a\0\0\x91\0\0\0\0\0\0\0\x57\x0a\0\0\x93\0\0\0\0\
\0\0\0\x5c\x0a\0\0\x95\0\0\0\0\0\0\0\x61\x0a\0\0\x97\0\0\0\0\0\0\0\x68\x0a\0\0\
\x99\0\0\0\0\0\0\0\x6f\x0a\0\0\x70\0\0\0\0\0\0\0\0\0\0\0\0\0\0\x02\x92\0\0\0\0\
\0\0\0\0\0\0\x0a\x8e\0\0\0\0\0\0\0\0\0\0\x02\x94\0\0\0\0\0\0\0\0\0\0\x0a\xc7\0\
\0\0\0\0\0\0\0\0\0\x02\x96\0\0\0\0\0\0\0\0\0\0\x0a\xd3\0\0\0\0\0\0\0\0\0\0\x02\
\x98\0\0\0\0\0\0\0\0\0\0\x0a\xc4\x01\0\0\0\0\0\0\0\0\0\x02\x54\x01\0\0\0\0\0\0\
\x03\0\0\x05\x08\0\0\0\x74\x0a\0\0\x2e\0\0\0\0\0\0\0\x7c\x0a\0\0\x69\0\0\0\0\0\
\0\0\x88\x0a\0\0\x9b\0\0\0\0\0\0\0\x95\x0a\0\0\0\0\0\x08\x9c\0\0\0\x9c\x0a\0\0\
\0\0\0\x08\x40\0\0\0\0\0\0\0\x07\0\0\x04\x58\0\0\0\xfc\0\0\0\x31\0\0\0\0\0\0\0\
\x03\x01\0\0\x31\0\0\0\x40\0\0\0\xac\x0a\0\0\x31\0\0\0\x80\0\0\0\xba\x0a\0\0\
\x51\0\0\0\xc0\0\0\0\xc7\x0a\0\0\x02\0\0\0\xe0\0\0\0\xd6\x0a\0\0\x9e\0\0\0\0\
\x01\0\0\xe1\x0a\0\0\x7a\0\0\0\x40\x01\0\0\0\0\0\0\0\0\0\x02\xd9\x01\0\0\0\0\0\
\0\x05\0\0\x04\x40\0\0\0\x14\x06\0\0\x51\0\0\0\0\0\0\0\xea\x0a\0\0\x51\0\0\0\
\x20\0\0\0\xf4\x0a\0\0\x13\0\0\0\x40\0\0\0\xfb\x0a\0\0\x13\0\0\0\x48\0\0\0\xe1\
\x0a\0\0\x7a\0\0\0\x80\0\0\0\0\0\0\0\x08\0\0\x04\xa8\0\0\0\x04\x0b\0\0\xa1\0\0\
\0\0\0\0\0\x62\x01\0\0\xa1\0\0\0\x40\0\0\0\x0f\x0b\0\0\x7a\0\0\0\x80\0\0\0\x1c\
\x0b\0\0\x7a\0\0\0\0\x02\0\0\x29\x0b\0\0\x7a\0\0\0\x80\x03\0\0\x37\x0b\0\0\x13\
\0\0\0\0\x05\0\0\x41\x0b\0\0\x13\0\0\0\x08\x05\0\0\xd0\x07\0\0\x51\0\0\0\x20\
\x05\0\0\0\0\0\0\0\0\0\x02\xa2\0\0\0\0\0\0\0\0\0\0\x0a\x10\0\0\0\0\0\0\0\x03\0\
\0\x04\x10\0\0\0\x4c\x0b\0\0\x31\0\0\0\0\0\0\0\x0d\x02\0\0\x13\0\0\0\x40\0\0\0\
\x53\x0b\0\0\x51\0\0\0\x60\0\0\0\0\0\0\0\x01\0\0\x04\x30\0\0\0\x1c\x0b\0\0\x7a\
\0\0\0\0\0\0\0\0\0\0\0\x03\0\0\x04\x68\0\0\0\x4c\x0b\0\0\x31\0\0\0\0\0\0\0\x1c\
\x0b\0\0\x7a\0\0\0\x40\0\0\0\x29\x0b\0\0\x7a\0\0\0\xc0\x01\0\0\0\0\0\0\x01\0\0\
\x04\x30\0\0\0\x29\x0b\0\0\x7a\0\0\0\0\0\0\0\0\0\0\0\x03\0\0\x04\x18\0\0\0\x57\
\x0b\0\0\x31\0\0\0\0\0\0\0\x6c\x0b\0\0\x31\0\0\0\x40\0\0\0\xbb\x02\0\0\x51\0\0\
\0\x80\0\0\0\0\0\0\0\x05\0\0\x04\x48\0\0\0\x80\x0b\0\0\x31\0\0\0\0\0\0\0\x87\
\x0b\0\0\x31\0\0\0\x40\0\0\0\xbb\x02\0\0\x69\0\0\0\x80\0\0\0\x93\x0b\0\0\x51\0\
\0\0\xa0\0\0\0\xe1\x0a\0\0\x7a\0\0\0\xc0\0\0\0\0\0\0\0\x01\0\0\x04\x08\0\0\0\
\xa5\x0b\0\0\x31\0\0\0\0\0\0\0\0\0\0\0\0\0\0\x03\0\0\0\0\x76\0\0\0\x04\0\0\0\0\
\0\0\0\xa9\x0b\0\0\x12\0\0\x04\x10\x08\0\0\xb2\x0b\0\0\x5d\0\0\0\0\0\0\0\xb8\
\x0b\0\0\x02\0\0\0\x20\0\0\0\xc8\x0b\0\0\x5b\0\0\0\x40\0\0\0\xcf\x0b\0\0\x02\0\
\0\0\x80\0\0\0\xd5\x0b\0\0\x02\0\0\0\xa0\0\0\0\xe3\x0b\0\0\x38\0\0\0\xc0\0\0\0\
\xea\x0b\0\0\xac\0\0\0\x80\x01\0\0\xf0\x0b\0\0\xe7\0\0\0\x80\x39\0\0\0\x0c\0\0\
\xea\0\0\0\xc0\x39\0\0\x0b\x0c\0\0\xea\0\0\0\0\x3a\0\0\x1d\x0c\0\0\xea\0\0\0\
\x40\x3a\0\0\x30\x0c\0\0\xea\0\0\0\x80\x3a\0\0\x41\x0c\0\0\x41\0\0\0\xc0\x3a\0\
\0\x4b\x0c\0\0\xeb\0\0\0\x40\x3b\0\0\x52\x0c\0\0\x2e\0\0\0\0\x3d\0\0\x5a\x0c\0\
\0\x41\0\0\0\x40\x3d\0\0\x03\x07\0\0\xba\0\0\0\xc0\x3d\0\0\x6b\x0c\0\0\xf6\0\0\
\0\xc0\x3e\0\0\x79\x0c\0\0\x1b\0\0\x04\0\x07\0\0\x89\x0c\0\0\x70\0\0\0\0\0\0\0\
\xef\0\0\0\xad\0\0\0\x40\0\0\0\x91\x0c\0\0\xaf\0\0\0\x80\0\0\0\x96\x0c\0\0\x02\
\0\0\0\xc0\0\0\0\x9c\x0c\0\0\x5f\0\0\0\xe0\0\0\0\xa7\x0c\0\0\xb0\0\0\0\0\x01\0\
\0\xbb\x02\0\0\x2e\0\0\0\x40\x01\0\0\xac\x0c\0\0\xa1\0\0\0\x80\x01\0\0\xb6\x0c\
\0\0\xb1\0\0\0\xc0\x01\0\0\xc0\x0c\0\0\xb3\0\0\0\x08\x02\0\0\xca\x0c\0\0\x31\0\
\0\0\x80\x06\0\0\xd8\x0c\0\0\xba\0\0\0\xc0\x06\0\0\xde\x0c\0\0\x41\0\0\0\xc0\
\x07\0\0\xe8\x0c\0\0\x41\0\0\0\x40\x08\0\0\xf1\x0c\0\0\x31\0\0\0\xc0\x08\0\0\
\xf9\x0c\0\0\x31\0\0\0\0\x09\0\0\0\x0d\0\0\x31\0\0\0\x40\x09\0\0\x0d\x0d\0\0\
\x5a\0\0\0\x80\x09\0\0\x14\x0d\0\0\x5a\0\0\0\xc0\x09\0\0\x1c\x0d\0\0\x7f\0\0\0\
\0\x0a\0\0\x28\x0d\0\0\x51\0\0\0\x40\x0a\0\0\x35\x0d\0\0\x51\0\0\0\x60\x0a\0\0\
\x43\x0d\0\0\x51\0\0\0\x80\x0a\0\0\x4f\x0d\0\0\x72\0\0\0\xc0\x0a\0\0\x62\x0d\0\
\0\xbc\0\0\0\x40\x0b\0\0\x67\x0d\0\0\x2e\0\0\0\0\x0e\0\0\0\0\0\0\xc5\0\0\0\x40\
\x0e\0\0\0\0\0\0\0\0\0\x02\xae\0\0\0\0\0\0\0\0\0\0\x0a\xd3\x01\0\0\0\0\0\0\0\0\
\0\x02\x11\x01\0\0\0\0\0\0\0\0\0\x02\xcd\x01\0\0\x6d\x0d\0\0\x02\0\0\x04\x09\0\
\0\0\x6e\x01\0\0\x13\0\0\0\0\0\0\0\x7e\x0d\0\0\xb2\0\0\0\x08\0\0\0\x82\x0d\0\0\
\0\0\0\x08\x09\0\0\0\x89\x0d\0\0\x03\0\0\x04\x88\0\0\0\x6e\x01\0\0\xb4\0\0\0\0\
\0\0\0\x9a\x0d\0\0\xb4\0\0\0\x20\0\0\0\xa0\x0d\0\0\xb5\0\0\0\x40\0\0\0\xa8\x0d\
\0\0\0\0\0\x08\x0d\0\0\0\xaf\x0d\0\0\x01\0\0\x04\x80\0\0\0\0\0\0\0\xb6\0\0\0\0\
\0\0\0\0\0\0\0\x02\0\0\x05\x80\0\0\0\0\0\0\0\xb7\0\0\0\0\0\0\0\xc9\x0d\0\0\x70\
\0\0\0\0\0\0\0\0\0\0\0\x02\0\0\x04\x80\0\0\0\xd1\x0d\0\0\xb8\0\0\0\0\0\0\0\xdb\
\x0d\0\0\xb9\0\0\0\x10\0\0\0\xe2\x0d\0\0\0\0\0\x08\x16\0\0\0\0\0\0\0\0\0\0\x03\
\0\0\0\0\x10\0\0\0\x04\0\0\0\x7e\0\0\0\xd8\x0c\0\0\x04\0\0\x04\x20\0\0\0\xf7\
\x0d\0\0\x3b\0\0\0\0\0\0\0\xfd\x0d\0\0\x63\0\0\0\x40\0\0\0\x07\x0e\0\0\xbb\0\0\
\0\x60\0\0\0\x0b\x0e\0\0\x41\0\0\0\x80\0\0\0\x15\x0e\0\0\x01\0\0\x04\x04\0\0\0\
\x76\x07\0\0\x5f\0\0\0\0\0\0\0\x2b\x0e\0\0\x04\0\0\x04\x58\0\0\0\x62\x0d\0\0\
\x3a\0\0\0\0\0\0\0\x38\x0e\0\0\xbd\0\0\0\0\x01\0\0\x3e\x0e\0\0\xc4\0\0\0\x40\
\x02\0\0\x41\x0e\0\0\x02\0\0\0\x80\x02\0\0\x45\x0e\0\0\x04\0\0\x04\x28\0\0\0\
\xce\x04\0\0\xbe\0\0\0\0\0\0\0\x50\x0e\0\0\x2e\0\0\0\x80\0\0\0\x58\x0e\0\0\xc1\
\0\0\0\xc0\0\0\0\xbb\x02\0\0\x51\0\0\0\0\x01\0\0\x61\x0e\0\0\x02\0\0\x04\x10\0\
\0\0\x18\x05\0\0\xbf\0\0\0\0\0\0\0\x6c\x0e\0\0\xc0\0\0\0\x40\0\0\0\0\0\0\0\0\0\
\0\x02\xbe\0\0\0\0\0\0\0\0\0\0\x02\xbf\0\0\0\0\0\0\0\0\0\0\x02\xc2\0\0\0\0\0\0\
\0\x01\0\0\x0d\0\0\0\0\0\0\0\0\xc3\0\0\0\0\0\0\0\0\0\0\x02\xbd\0\0\0\0\0\0\0\0\
\0\0\x02\xc1\x01\0\0\0\0\0\0\x02\0\0\x05\x38\x05\0\0\x72\x0e\0\0\xc6\0\0\0\0\0\
\0\0\x75\x0e\0\0\xd1\0\0\0\0\0\0\0\x78\x0e\0\0\x19\0\0\x04\xc0\x02\0\0\x90\x0e\
\0\0\xc8\0\0\0\0\0\0\0\x99\x0e\0\0\xc9\0\0\0\0\x04\0\0\xa6\x0e\0\0\x02\0\0\0\
\x40\x04\0\0\xb4\x0e\0\0\x02\0\0\0\x60\x04\0\0\xbd\x0e\0\0\x02\0\0\0\x80\x04\0\
\0\xcc\x0e\0\0\x58\0\0\0\xa0\x04\0\0\xd5\x0e\0\0\x58\0\0\0\xa8\x04\0\0\xe2\x0e\
\0\0\xca\0\0\0\xc0\x04\0\0\xe7\x0e\0\0\x02\0\0\0\0\x05\0\0\xf2\x0e\0\0\xcb\0\0\
\0\x20\x05\0\0\xfc\x0e\0\0\xb3\0\0\0\x10\x06\0\0\x0d\x0f\0\0\xb3\0\0\0\x50\x0a\
\0\0\x1e\x0f\0\0\xcc\0\0\0\x90\x0e\0\0\x2a\x0f\0\0\xcd\0\0\0\x98\x0f\0\0\x33\
\x0f\0\0\x02\0\0\0\x80\x10\0\0\x3f\x0f\0\0\xc7\0\0\0\xc0\x10\0\0\x4a\x0f\0\0\
\x31\0\0\0\x40\x11\0\0\x54\x0f\0\0\x69\0\0\0\x80\x11\0\0\x5b\x0f\0\0\xce\0\0\0\
\x88\x11\0\0\x62\x0f\0\0\xb2\0\0\0\x40\x13\0\0\x6e\x0f\0\0\xce\0\0\0\x80\x13\0\
\0\x76\x0f\0\0\xb2\0\0\0\x40\x15\0\0\x83\x0f\0\0\xd0\0\0\0\x80\x15\0\0\x97\x0f\
\0\0\x51\0\0\0\xc0\x15\0\0\xa3\x0f\0\0\x51\0\0\0\xe0\x15\0\0\x57\x0a\0\0\x02\0\
\0\x04\x10\0\0\0\x3a\x0a\0\0\x70\0\0\0\0\0\0\0\x43\x0a\0\0\x8a\0\0\0\x40\0\0\0\
\0\0\0\0\0\0\0\x03\0\0\0\0\xc7\0\0\0\x04\0\0\0\x08\0\0\0\0\0\0\0\0\0\0\x02\xc7\
\0\0\0\0\0\0\0\0\0\0\x02\xeb\0\0\0\0\0\0\0\0\0\0\x03\0\0\0\0\x69\0\0\0\x04\0\0\
\0\x1e\0\0\0\xb3\x0f\0\0\x08\0\0\x04\x21\0\0\0\xc4\x0f\0\0\xb2\0\0\0\0\0\0\0\
\xcd\x0f\0\0\xb4\0\0\0\x40\0\0\0\xd7\x0f\0\0\xb4\0\0\0\x60\0\0\0\x97\x0f\0\0\
\xb4\0\0\0\x80\0\0\0\xe2\x0f\0\0\xb4\0\0\0\xa0\0\0\0\xf3\x0f\0\0\xb4\0\0\0\xc0\
\0\0\0\x07\x10\0\0\xb4\0\0\0\xe0\0\0\0\xbb\x02\0\0\x13\0\0\0\0\x01\0\0\x16\x10\
\0\0\x07\0\0\x04\x1a\0\0\0\x2d\x10\0\0\x13\0\0\0\0\0\0\0\xc4\x0f\0\0\xb2\0\0\0\
\x08\0\0\0\xd7\x0f\0\0\xb4\0\0\0\x48\0\0\0\x97\x0f\0\0\xb4\0\0\0\x68\0\0\0\xe2\
\x0f\0\0\xb4\0\0\0\x88\0\0\0\x07\x10\0\0\xb4\0\0\0\xa8\0\0\0\xbb\x02\0\0\x13\0\
\0\0\xc8\0\0\0\x31\x10\0\0\x0d\0\0\x04\x35\0\0\0\x41\x10\0\0\xb2\0\0\0\0\0\0\0\
\x2f\0\0\0\xb2\0\0\0\x40\0\0\0\x6e\x01\0\0\xcf\0\0\0\x80\0\0\0\x45\x10\0\0\xcf\
\0\0\0\x90\0\0\0\x4e\x10\0\0\xcf\0\0\0\xa0\0\0\0\x56\x10\0\0\xb4\0\0\0\xb0\0\0\
\0\x60\x10\0\0\xb4\0\0\0\xd0\0\0\0\x6b\x10\0\0\xb4\0\0\0\xf0\0\0\0\x74\x10\0\0\
\xcf\0\0\0\x10\x01\0\0\x7d\x10\0\0\xb1\0\0\0\x20\x01\0\0\x81\x10\0\0\xcf\0\0\0\
\x68\x01\0\0\x90\x10\0\0\xcf\0\0\0\x78\x01\0\0\x99\x10\0\0\xb4\0\0\0\x88\x01\0\
\0\x9d\x10\0\0\0\0\0\x08\x15\0\0\0\xa4\x10\0\0\x02\0\0\x04\x08\0\0\0\x9b\x07\0\
\0\xb4\0\0\0\0\0\0\0\xa2\x07\0\0\xb4\0\0\0\x20\0\0\0\xb2\x10\0\0\x2d\0\0\x04\
\x38\x05\0\0\xca\x10\0\0\x89\0\0\0\0\0\0\0\xd2\x10\0\0\xd2\0\0\0\x40\x01\0\0\
\xdb\x10\0\0\xd3\0\0\0\xc0\x03\0\0\xe3\x10\0\0\x02\0\0\0\x40\x04\0\0\xef\x10\0\
\0\x02\0\0\0\x60\x04\0\0\xf8\x10\0\0\x89\0\0\0\x80\x04\0\0\x01\x11\0\0\xc8\0\0\
\0\xc0\x05\0\0\x0b\x11\0\0\xd3\0\0\0\xc0\x09\0\0\x14\x11\0\0\x02\0\0\0\x40\x0a\
\0\0\x21\x11\0\0\x02\0\0\0\x60\x0a\0\0\x2b\x11\0\0\x02\0\0\0\x80\x0a\0\0\x34\
\x11\0\0\x58\0\0\0\xa0\x0a\0\0\x46\x11\0\0\xd4\0\0\0\xc0\x0a\0\0\x4e\x11\0\0\
\xd6\0\0\0\0\x0c\0\0\x58\x11\0\0\xd6\0\0\0\x80\x0e\0\0\x63\x11\0\0\xdc\0\0\0\0\
\x11\0\0\x6c\x11\0\0\xdd\0\0\0\x40\x11\0\0\x74\x11\0\0\xde\0\0\0\x80\x11\0\0\
\x7c\x11\0\0\xdf\0\0\0\xc0\x11\0\0\x85\x11\0\0\xe0\0\0\0\0\x13\0\0\x92\x11\0\0\
\xe0\0\0\0\x60\x13\0\0\xa0\x11\0\0\x7e\0\0\0\xc0\x13\0\0\xad\x11\0\0\x02\0\0\0\
\0\x14\0\0\xbd\x11\0\0\x02\0\0\0\x20\x14\0\0\xca\x11\0\0\x02\0\0\0\x40\x14\0\0\
\xd3\x11\0\0\x7e\0\0\0\x80\x14\0\0\xe1\x11\0\0\x02\0\0\0\xc0\x14\0\0\xf2\x11\0\
\0\x02\0\0\0\xe0\x14\0\0\0\x12\0\0\x02\0\0\0\0\x15\0\0\x0a\x12\0\0\x02\0\0\0\
\x20\x15\0\0\x13\x12\0\0\xe1\0\0\0\x40\x15\0\0\x1d\x12\0\0\x02\0\0\0\x40\x19\0\
\0\x2a\x12\0\0\x02\0\0\0\x60\x19\0\0\x3a\x12\0\0\xc8\0\0\0\x80\x19\0\0\x48\x12\
\0\0\xc8\0\0\0\x80\x1d\0\0\x57\x12\0\0\x02\0\0\0\x80\x21\0\0\x68\x12\0\0\x02\0\
\0\0\xa0\x21\0\0\x7a\x12\0\0\x31\0\0\0\xc0\x21\0\0\x88\x12\0\0\x31\0\0\0\0\x22\
\0\0\xd7\x0f\0\0\x31\0\0\0\x40\x22\0\0\x97\x0f\0\0\x31\0\0\0\x80\x22\0\0\xa3\
\x0f\0\0\x31\0\0\0\xc0\x22\0\0\x96\x12\0\0\xe2\0\0\0\0\x23\0\0\x9d\x12\0\0\xe2\
\0\0\0\0\x26\0\0\xa5\x12\0\0\xe3\0\0\0\0\x29\0\0\0\0\0\0\0\0\0\x03\0\0\0\0\xc7\
\0\0\0\x04\0\0\0\x05\0\0\0\xae\x12\0\0\x03\0\0\x04\x10\0\0\0\xb6\x12\0\0\x7f\0\
\0\0\0\0\0\0\xbe\x12\0\0\x0e\0\0\0\x40\0\0\0\xc5\x12\0\0\x0e\0\0\0\x60\0\0\0\
\xcf\x12\0\0\x04\0\0\x04\x28\0\0\0\xdf\x12\0\0\x02\0\0\0\0\0\0\0\xe6\x12\0\0\
\x02\0\0\0\x20\0\0\0\xf1\x12\0\0\xd5\0\0\0\x40\0\0\0\xf9\x12\0\0\xd5\0\0\0\xc0\
\0\0\0\0\0\0\0\0\0\0\x03\0\0\0\0\x02\0\0\0\x04\0\0\0\x04\0\0\0\x03\x13\0\0\x06\
\0\0\x04\x50\0\0\0\x18\x13\0\0\x8a\0\0\0\0\0\0\0\xc9\x04\0\0\xd7\0\0\0\x40\0\0\
\0\x24\x13\0\0\x8a\0\0\0\x80\0\0\0\x2a\x13\0\0\x02\0\0\0\xc0\0\0\0\x33\x13\0\0\
\x58\0\0\0\xe0\0\0\0\0\0\0\0\xd8\0\0\0\0\x01\0\0\0\0\0\0\0\0\0\x02\xbf\x01\0\0\
\0\0\0\0\x05\0\0\x05\x30\0\0\0\x3c\x13\0\0\x82\0\0\0\0\0\0\0\x6c\x09\0\0\x84\0\
\0\0\0\0\0\0\0\0\0\0\xd9\0\0\0\0\0\0\0\0\0\0\0\xda\0\0\0\0\0\0\0\0\0\0\0\xdb\0\
\0\0\0\0\0\0\0\0\0\0\x03\0\0\x04\x08\0\0\0\x45\x13\0\0\x0e\0\0\0\0\0\0\0\x51\
\x13\0\0\x16\0\0\0\x20\0\0\0\x5c\x13\0\0\x16\0\0\0\x30\0\0\0\0\0\0\0\x02\0\0\
\x04\x10\0\0\0\x67\x13\0\0\x7f\0\0\0\0\0\0\0\xfc\0\0\0\x8a\0\0\0\x40\0\0\0\0\0\
\0\0\x02\0\0\x04\x30\0\0\0\xcd\x09\0\0\x89\0\0\0\0\0\0\0\x6c\x13\0\0\x0e\0\0\0\
\x40\x01\0\0\0\0\0\0\0\0\0\x02\xd1\x01\0\0\0\0\0\0\0\0\0\x02\xc6\x01\0\0\0\0\0\
\0\0\0\0\x02\xd5\x01\0\0\x74\x13\0\0\x02\0\0\x04\x28\0\0\0\xdd\x06\0\0\x61\0\0\
\0\0\0\0\0\x80\x13\0\0\x02\0\0\0\0\x01\0\0\x84\x13\0\0\x02\0\0\x04\x0c\0\0\0\
\x93\x13\0\0\xb4\0\0\0\0\0\0\0\xf2\x04\0\0\xb2\0\0\0\x20\0\0\0\0\0\0\0\0\0\0\
\x03\0\0\0\0\x70\0\0\0\x04\0\0\0\x10\0\0\0\0\0\0\0\0\0\0\x03\0\0\0\0\x69\0\0\0\
\x04\0\0\0\x60\0\0\0\0\0\0\0\x02\0\0\x04\x14\0\0\0\x99\x13\0\0\x69\0\0\0\0\0\0\
\0\0\0\0\0\xe4\0\0\0\x20\0\0\0\0\0\0\0\x02\0\0\x05\x10\0\0\0\0\0\0\0\xe5\0\0\0\
\0\0\0\0\xa5\x13\0\0\xe6\0\0\0\0\0\0\0\0\0\0\0\x03\0\0\x04\x0c\0\0\0\xa9\x13\0\
\0\x51\0\0\0\0\0\0\0\xb3\x13\0\0\x51\0\0\0\x20\0\0\0\xbe\x13\0\0\x51\0\0\0\x40\
\0\0\0\0\0\0\0\0\0\0\x03\0\0\0\0\x69\0\0\0\x04\0\0\0\x0f\0\0\0\xc7\x13\0\0\0\0\
\0\x08\xe8\0\0\0\xd2\x13\0\0\x01\0\0\x04\x04\0\0\0\0\0\0\0\xe9\0\0\0\0\0\0\0\0\
\0\0\0\x01\0\0\x05\x04\0\0\0\xdb\x13\0\0\x64\0\0\0\0\0\0\0\xe1\x13\0\0\x01\0\0\
\x04\x08\0\0\0\x92\x04\0\0\x39\0\0\0\0\0\0\0\xe9\x13\0\0\x07\0\0\x04\x38\0\0\0\
\xfd\x13\0\0\xec\0\0\0\0\0\0\0\x08\x14\0\0\x70\0\0\0\x40\0\0\0\x17\x14\0\0\x8a\
\0\0\0\x80\0\0\0\x2a\x14\0\0\x70\0\0\0\xc0\0\0\0\x3f\x14\0\0\x8a\0\0\0\0\x01\0\
\0\x58\x14\0\0\xed\0\0\0\x40\x01\0\0\x65\x14\0\0\xed\0\0\0\x80\x01\0\0\0\0\0\0\
\0\0\0\x02\xd4\x01\0\0\0\0\0\0\0\0\0\x02\xee\0\0\0\0\0\0\0\x02\0\0\x0d\x02\0\0\
\0\0\0\0\0\xca\0\0\0\0\0\0\0\x5a\0\0\0\x7d\x14\0\0\x11\0\0\x04\x08\x01\0\0\x86\
\x14\0\0\xce\0\0\0\0\0\0\0\0\0\0\0\xf0\0\0\0\xa8\x01\0\0\x8a\x14\0\0\xc7\0\0\0\
\x80\x02\0\0\x90\x14\0\0\xf3\0\0\0\0\x03\0\0\x97\x14\0\0\x8a\0\0\0\x40\x03\0\0\
\xc9\x04\0\0\xd7\0\0\0\x80\x03\0\0\xa3\x14\0\0\x02\0\0\0\xc0\x03\0\0\xb2\x14\0\
\0\x02\0\0\0\xe0\x03\0\0\xc1\x14\0\0\xd6\0\0\0\0\x04\0\0\xc8\x14\0\0\xf4\0\0\0\
\x80\x06\0\0\x0e\x05\0\0\x41\0\0\0\xc0\x06\0\0\xa6\x06\0\0\x5c\0\0\0\x40\x07\0\
\0\xcc\x14\0\0\x58\0\0\0\x60\x07\0\0\xdb\x14\0\0\x58\0\0\0\x68\x07\0\0\xe9\x14\
\0\0\x31\0\0\0\x80\x07\0\0\xfb\x14\0\0\x02\0\0\0\xc0\x07\0\0\x31\x06\0\0\xf5\0\
\0\0\0\x08\0\0\0\0\0\0\x02\0\0\x05\x15\0\0\0\x0b\x15\0\0\xf1\0\0\0\0\0\0\0\x12\
\x15\0\0\xf2\0\0\0\0\0\0\0\x1d\x15\0\0\x05\0\0\x04\x15\0\0\0\xa9\x13\0\0\xb4\0\
\0\0\0\0\0\0\xb3\x13\0\0\xb4\0\0\0\x20\0\0\0\xbe\x13\0\0\xb4\0\0\0\x40\0\0\0\
\x2d\x15\0\0\xb2\0\0\0\x60\0\0\0\xbb\x02\0\0\x13\0\0\0\xa0\0\0\0\x31\x15\0\0\
\x04\0\0\x04\x0d\0\0\0\xa9\x13\0\0\xb4\0\0\0\0\0\0\0\xb3\x13\0\0\xb4\0\0\0\x20\
\0\0\0\xbe\x13\0\0\xb4\0\0\0\x40\0\0\0\xbb\x02\0\0\x13\0\0\0\x60\0\0\0\0\0\0\0\
\0\0\0\x02\xbb\x01\0\0\0\0\0\0\0\0\0\x02\xac\0\0\0\0\0\0\0\0\0\0\x02\xff\0\0\0\
\x45\x15\0\0\x09\0\0\x04\x38\0\0\0\x56\x15\0\0\xf7\0\0\0\0\0\0\0\x5f\x15\0\0\
\x31\0\0\0\x40\0\0\0\x6a\x15\0\0\x31\0\0\0\x80\0\0\0\x75\x15\0\0\x31\0\0\0\xc0\
\0\0\0\x7c\x15\0\0\x02\0\0\0\0\x01\0\0\x85\x15\0\0\x51\0\0\0\x20\x01\0\0\x90\
\x15\0\0\x51\0\0\0\x40\x01\0\0\x99\x15\0\0\x02\0\0\0\x60\x01\0\0\xa4\x15\0\0\
\x9e\0\0\0\x80\x01\0\0\xae\x15\0\0\x05\0\0\x06\x04\0\0\0\xc5\x15\0\0\0\0\0\0\
\xda\x15\0\0\x01\0\0\0\xf3\x15\0\0\x02\0\0\0\x0d\x16\0\0\x03\0\0\0\x27\x16\0\0\
\x04\0\0\0\x3d\x16\0\0\x18\0\0\x04\xb0\x09\0\0\x4d\x16\0\0\xf9\0\0\0\0\0\0\0\
\x54\x16\0\0\xfa\0\0\0\x40\0\0\0\x03\x07\0\0\xfb\0\0\0\x80\0\0\0\x8e\x06\0\0\
\xea\0\0\0\xc0\x01\0\0\x5b\x16\0\0\x41\0\0\0\0\x02\0\0\x63\x16\0\0\xe7\0\0\0\
\x80\x02\0\0\x70\x16\0\0\x51\0\0\0\xa0\x02\0\0\x7e\x16\0\0\xab\0\0\0\xc0\x02\0\
\0\x8b\x16\0\0\x3c\0\0\0\x40\x43\0\0\x94\x16\0\0\x31\0\0\0\x80\x43\0\0\xa3\x16\
\0\0\xea\0\0\0\xc0\x43\0\0\xb3\x16\0\0\xea\0\0\0\0\x44\0\0\xbe\x16\0\0\xea\0\0\
\0\x40\x44\0\0\xd0\x16\0\0\x5f\0\0\0\x80\x44\0\0\xdd\x16\0\0\x5f\0\0\0\xa0\x44\
\0\0\xea\x16\0\0\x02\0\0\0\xc0\x44\0\0\xf4\x16\0\0\xbc\0\0\0\0\x45\0\0\x01\x17\
\0\0\xbc\0\0\0\xc0\x47\0\0\x13\x17\0\0\xfc\0\0\0\x80\x4a\0\0\x20\x17\0\0\xfd\0\
\0\0\xc0\x4a\0\0\x2c\x17\0\0\xff\0\0\0\0\x4b\0\0\x37\x17\0\0\xff\0\0\0\0\x4c\0\
\0\x48\x17\0\0\xc4\0\0\0\0\x4d\0\0\x52\x17\0\0\xc4\0\0\0\x40\x4d\0\0\0\0\0\0\0\
\0\0\x02\x0b\x01\0\0\0\0\0\0\0\0\0\x02\xd8\x01\0\0\x60\x17\0\0\x05\0\0\x04\x28\
\0\0\0\x4b\x0a\0\0\x3b\0\0\0\0\0\0\0\xf7\x0d\0\0\x3b\0\0\0\x40\0\0\0\x07\x0e\0\
\0\xbb\0\0\0\x80\0\0\0\xfd\x0d\0\0\x63\0\0\0\xa0\0\0\0\x0b\x0e\0\0\x41\0\0\0\
\xc0\0\0\0\0\0\0\0\0\0\0\x02\x5e\x01\0\0\0\0\0\0\0\0\0\x02\xfe\0\0\0\x6d\x17\0\
\0\0\0\0\x08\0\x01\0\0\x77\x17\0\0\x05\0\0\x04\x20\0\0\0\x03\x06\0\0\xa1\0\0\0\
\0\0\0\0\x31\x06\0\0\xfd\0\0\0\x40\0\0\0\x6e\x01\0\0\x02\0\0\0\x80\0\0\0\x56\
\x10\0\0\x02\0\0\0\xa0\0\0\0\xb2\x14\0\0\x02\0\0\0\xc0\0\0\0\x84\x17\0\0\x08\0\
\0\x04\x48\0\0\0\x03\x07\0\0\xe7\0\0\0\0\0\0\0\x8e\x17\0\0\x02\0\0\0\x20\0\0\0\
\x95\x17\0\0\x02\0\0\0\x40\0\0\0\x9d\x17\0\0\x01\x01\0\0\x80\0\0\0\xa6\x17\0\0\
\x70\0\0\0\xc0\0\0\0\xb0\x17\0\0\x02\x01\0\0\0\x01\0\0\xb6\x17\0\0\x06\x01\0\0\
\x40\x01\0\0\xed\x06\0\0\x09\x01\0\0\x80\x01\0\0\0\0\0\0\0\0\0\x02\x70\0\0\0\0\
\0\0\0\0\0\0\x02\x03\x01\0\0\xbb\x17\0\0\0\0\0\x08\x04\x01\0\0\0\0\0\0\x02\0\0\
\x0d\x70\0\0\0\0\0\0\0\x05\x01\0\0\0\0\0\0\x70\0\0\0\xcb\x17\0\0\0\0\0\x08\x0e\
\0\0\0\0\0\0\0\0\0\0\x02\x07\x01\0\0\xd1\x17\0\0\0\0\0\x08\x08\x01\0\0\0\0\0\0\
\x02\0\0\x0d\0\0\0\0\0\0\0\0\x70\0\0\0\0\0\0\0\x70\0\0\0\xe0\x17\0\0\0\0\0\x08\
\x0a\x01\0\0\xf2\x17\0\0\x02\0\0\x04\x18\0\0\0\x03\x07\0\0\xe7\0\0\0\0\0\0\0\
\x02\x18\0\0\x41\0\0\0\x40\0\0\0\x07\x18\0\0\x11\0\0\x04\xb8\x13\0\0\x13\x18\0\
\0\x0c\x01\0\0\0\0\0\0\x18\x18\0\0\x58\0\0\0\x80\0\0\0\x89\x0c\0\0\x70\0\0\0\
\xc0\0\0\0\x22\x18\0\0\x0e\x01\0\0\0\x01\0\0\x2a\x18\0\0\xba\0\0\0\x40\x01\0\0\
\x36\x18\0\0\x09\x01\0\0\x40\x02\0\0\x3e\x18\0\0\x02\0\0\0\0\x03\0\0\x47\x18\0\
\0\x0f\x01\0\0\x40\x03\0\0\x5a\x18\0\0\x31\0\0\0\x80\x03\0\0\x6d\x18\0\0\x31\0\
\0\0\xc0\x03\0\0\x91\x0c\0\0\x11\x01\0\0\0\x04\0\0\x7f\x18\0\0\x16\x01\0\0\x80\
\x0d\0\0\x84\x18\0\0\xf8\0\0\0\x40\x4f\0\0\x89\x18\0\0\xfc\0\0\0\xc0\x9c\0\0\
\x95\x18\0\0\xfc\0\0\0\0\x9d\0\0\xa4\x18\0\0\xfc\0\0\0\x40\x9d\0\0\xb3\x18\0\0\
\xfc\0\0\0\x80\x9d\0\0\xc3\x18\0\0\x01\0\0\x04\x10\0\0\0\x13\x18\0\0\x0d\x01\0\
\0\0\0\0\0\0\0\0\0\0\0\0\x03\0\0\0\0\x14\0\0\0\x04\0\0\0\x10\0\0\0\0\0\0\0\0\0\
\0\x02\xba\x01\0\0\0\0\0\0\0\0\0\x02\x10\x01\0\0\0\0\0\0\x02\0\0\x0d\x02\0\0\0\
\0\0\0\0\xf9\0\0\0\0\0\0\0\x5a\0\0\0\xcd\x18\0\0\x06\0\0\x04\x30\x01\0\0\xdc\
\x18\0\0\x12\x01\0\0\0\0\0\0\xe1\x18\0\0\xb3\0\0\0\x88\x04\0\0\xed\x18\0\0\x5f\
\0\0\0\xe0\x08\0\0\xf6\x18\0\0\x13\x01\0\0\0\x09\0\0\xd7\x0f\0\0\x51\0\0\0\x40\
\x09\0\0\xfa\x18\0\0\xe7\0\0\0\x60\x09\0\0\x0a\x19\0\0\x02\0\0\x04\x91\0\0\0\
\x03\x06\0\0\xb1\0\0\0\0\0\0\0\x1b\x19\0\0\xb3\0\0\0\x48\0\0\0\x20\x19\0\0\0\0\
\0\x08\x14\x01\0\0\0\0\0\0\x01\0\0\x04\x08\0\0\0\xf6\x18\0\0\x15\x01\0\0\0\0\0\
\0\0\0\0\0\0\0\0\x02\xc5\x01\0\0\x2f\x19\0\0\x16\0\0\x04\x38\x08\0\0\x4d\x16\0\
\0\xf9\0\0\0\0\0\0\0\x3f\x19\0\0\x17\x01\0\0\x40\0\0\0\xd8\x0c\0\0\xba\0\0\0\
\x80\0\0\0\x2b\x0e\0\0\xbc\0\0\0\x80\x01\0\0\xe2\x0e\0\0\x18\x01\0\0\x40\x04\0\
\0\x46\x19\0\0\x5a\0\0\0\x80\x04\0\0\x4d\x19\0\0\x5a\0\0\0\xc0\x04\0\0\x5a\x19\
\0\0\x5a\0\0\0\0\x05\0\0\x66\x19\0\0\x5a\0\0\0\x40\x05\0\0\x76\x19\0\0\x02\0\0\
\0\x80\x05\0\0\x83\x19\0\0\x58\0\0\0\xa0\x05\0\0\x8b\x19\0\0\x02\0\0\0\xc0\x05\
\0\0\x93\x19\0\0\x2e\0\0\0\0\x06\0\0\xa3\x19\0\0\x2e\0\0\0\x40\x06\0\0\xc8\x14\
\0\0\xac\0\0\0\x80\x06\0\0\xb2\x19\0\0\x58\0\0\0\x80\x3e\0\0\xc3\x19\0\0\x02\0\
\0\0\xa0\x3e\0\0\xcd\x19\0\0\xea\0\0\0\xc0\x3e\0\0\x8b\x16\0\0\x31\0\0\0\0\x3f\
\0\0\xe2\x19\0\0\x1b\x01\0\0\x40\x3f\0\0\xe7\x19\0\0\x02\0\0\0\x40\x41\0\0\x13\
\x17\0\0\xfc\0\0\0\x80\x41\0\0\0\0\0\0\0\0\0\x02\xd6\x01\0\0\0\0\0\0\0\0\0\x02\
\xd7\x01\0\0\0\0\0\0\x03\0\0\x04\x10\0\0\0\xf5\x19\0\0\x1a\x01\0\0\0\0\0\0\xfa\
\x19\0\0\x58\0\0\0\x48\0\0\0\xff\x19\0\0\x51\0\0\0\x60\0\0\0\x04\x1a\0\0\x02\0\
\0\x04\x09\0\0\0\x1c\x1a\0\0\xb2\0\0\0\0\0\0\0\xbb\x02\0\0\x13\0\0\0\x40\0\0\0\
\0\0\0\0\0\0\0\x03\0\0\0\0\x19\x01\0\0\x04\0\0\0\x04\0\0\0\x22\x1a\0\0\x01\0\0\
\x0c\x35\0\0\0\x35\x1a\0\0\x01\0\0\x0c\x35\0\0\0\x50\x1a\0\0\x49\0\0\x04\x58\
\x04\0\0\x58\x03\0\0\x31\0\0\0\0\0\0\0\x5e\x03\0\0\x38\0\0\0\x40\0\0\0\x61\x1a\
\0\0\x1f\x01\0\0\0\x01\0\0\xbc\x03\0\0\x5c\0\0\0\x40\x01\0\0\x68\x1a\0\0\x02\0\
\0\0\x60\x01\0\0\xee\x03\0\0\x6f\0\0\0\x80\x01\0\0\x6d\x1a\0\0\xfc\0\0\0\xc0\
\x01\0\0\x76\x1a\0\0\xfc\0\0\0\0\x02\0\0\x83\x1a\0\0\x6f\0\0\0\x40\x02\0\0\x94\
\x1a\0\0\x4a\0\0\0\x80\x02\0\0\x9c\x1a\0\0\x4a\0\0\0\xc0\x02\0\0\xa4\x1a\0\0\
\x20\x01\0\0\0\x03\0\0\xab\x1a\0\0\x20\x01\0\0\x80\x03\0\0\xb2\x1a\0\0\x6f\0\0\
\0\0\x04\0\0\xbb\x1a\0\0\x6f\0\0\0\x40\x04\0\0\xca\x1a\0\0\x6f\0\0\0\x80\x04\0\
\0\xd6\x1a\0\0\x21\x01\0\0\xc0\x04\0\0\xde\x1a\0\0\x2e\0\0\0\0\x05\0\0\xea\x1a\
\0\0\xba\0\0\0\x40\x05\0\0\xf7\x1a\0\0\x23\x01\0\0\x40\x06\0\0\xfe\x1a\0\0\x2f\
\x01\0\0\xc0\x07\0\0\x0d\x1b\0\0\x31\0\0\0\0\x08\0\0\x1c\x1b\0\0\x30\x01\0\0\
\x40\x08\0\0\x26\x1b\0\0\x51\0\0\0\x80\x08\0\0\x34\x1b\0\0\x02\0\0\0\xa0\x08\0\
\0\x3c\x1b\0\0\x02\0\0\0\xc0\x08\0\0\x55\x1b\0\0\x31\x01\0\0\0\x09\0\0\x5c\x1b\
\0\0\x33\x01\0\0\x40\x09\0\0\x3d\x04\0\0\x72\0\0\0\x80\x09\0\0\x68\x1b\0\0\x02\
\0\0\0\0\x0a\0\0\x76\x1b\0\0\x51\0\0\0\x20\x0a\0\0\x84\x1b\0\0\x80\0\0\0\x40\
\x0a\0\0\x8f\x1b\0\0\x02\0\0\0\x80\x0a\0\0\x9c\x1b\0\0\x02\0\0\0\xa0\x0a\0\0\
\xab\x1b\0\0\x02\0\0\0\xc0\x0a\0\0\xb9\x1b\0\0\x02\0\0\0\xe0\x0a\0\0\xc9\x1b\0\
\0\x02\0\0\0\0\x0b\0\0\xdb\x1b\0\0\x02\0\0\0\x20\x0b\0\0\xef\x1b\0\0\x6f\0\0\0\
\x40\x0b\0\0\xfb\x1b\0\0\x02\0\0\0\x80\x0b\0\0\x0c\x1c\0\0\x02\0\0\0\xa0\x0b\0\
\0\x89\x03\0\0\x5a\0\0\0\xc0\x0b\0\0\x93\x03\0\0\x5a\0\0\0\0\x0c\0\0\x1f\x1c\0\
\0\x34\x01\0\0\x40\x0c\0\0\x2c\x1c\0\0\x02\0\0\0\x40\x1a\0\0\x32\x1c\0\0\x51\0\
\0\0\x60\x1a\0\0\x43\x1c\0\0\x7f\0\0\0\x80\x1a\0\0\x51\x1c\0\0\x02\0\0\0\xc0\
\x1a\0\0\x5c\x1c\0\0\x02\0\0\0\xe0\x1a\0\0\x67\x1c\0\0\x2e\0\0\0\0\x1b\0\0\x71\
\x1c\0\0\x2e\0\0\0\x40\x1b\0\0\x53\x04\0\0\x2e\0\0\0\x80\x1b\0\0\x63\x04\0\0\
\x2e\0\0\0\xc0\x1b\0\0\x7b\x1c\0\0\x2e\0\0\0\0\x1c\0\0\x8d\x1c\0\0\x6f\0\0\0\
\x40\x1c\0\0\x9a\x1c\0\0\x41\0\0\0\x80\x1c\0\0\xac\x1c\0\0\x41\0\0\0\0\x1d\0\0\
\xc1\x1c\0\0\x41\x01\0\0\x80\x1d\0\0\x71\x04\0\0\x02\0\0\0\xc0\x1d\0\0\xcb\x1c\
\0\0\x02\0\0\0\xe0\x1d\0\0\xd5\x1c\0\0\x02\0\0\0\0\x1e\0\0\xe2\x1c\0\0\x51\0\0\
\0\x20\x1e\0\0\xf1\x1c\0\0\x31\0\0\0\x40\x1e\0\0\xfd\x1c\0\0\x41\0\0\0\x80\x1e\
\0\0\xd6\x03\0\0\x61\0\0\0\0\x1f\0\0\x04\x1d\0\0\x61\0\0\0\0\x20\0\0\xe3\x03\0\
\0\x42\x01\0\0\0\x21\0\0\x16\x1d\0\0\x41\0\0\0\x40\x21\0\0\x24\x1d\0\0\x40\0\0\
\0\xc0\x21\0\0\x36\x1d\0\0\x40\0\0\0\0\x22\0\0\x48\x1d\0\0\x02\0\0\0\x40\x22\0\
\0\x5c\x1d\0\0\x02\0\0\0\x60\x22\0\0\x6d\x1d\0\0\x51\x01\0\0\x80\x22\0\0\0\0\0\
\0\0\0\0\x02\x45\x01\0\0\x80\x1d\0\0\x02\0\0\x04\x10\0\0\0\x8a\x1d\0\0\x31\0\0\
\0\0\0\0\0\x8e\x1d\0\0\x31\0\0\0\x40\0\0\0\0\0\0\0\0\0\0\x02\x22\x01\0\0\0\0\0\
\0\0\0\0\x0a\x66\x01\0\0\x93\x1d\0\0\x0a\0\0\x05\x30\0\0\0\xa9\x1d\0\0\x24\x01\
\0\0\0\0\0\0\xb1\x1d\0\0\x25\x01\0\0\0\0\0\0\xb9\x1d\0\0\x26\x01\0\0\0\0\0\0\
\xc1\x1d\0\0\x27\x01\0\0\0\0\0\0\xc7\x1d\0\0\x28\x01\0\0\0\0\0\0\xcd\x1d\0\0\
\x29\x01\0\0\0\0\0\0\xd2\x1d\0\0\x2a\x01\0\0\0\0\0\0\xdb\x1d\0\0\x2b\x01\0\0\0\
\0\0\0\xe5\x1d\0\0\x2d\x01\0\0\0\0\0\0\xf5\x1d\0\0\x2e\x01\0\0\0\0\0\0\0\0\0\0\
\x01\0\0\x04\x04\0\0\0\xff\x1d\0\0\xb4\0\0\0\0\0\0\0\0\0\0\0\x08\0\0\x04\x30\0\
\0\0\x04\x1e\0\0\xb4\0\0\0\0\0\0\0\x09\x1e\0\0\xb4\0\0\0\x20\0\0\0\x0d\x1e\0\0\
\xb4\0\0\0\x40\0\0\0\x11\x1e\0\0\xd0\0\0\0\x60\0\0\0\x17\x1e\0\0\xd0\0\0\0\xa0\
\0\0\0\x98\x05\0\0\xb2\0\0\0\xe0\0\0\0\x1d\x1e\0\0\xb2\0\0\0\x20\x01\0\0\xff\
\x1d\0\0\xb4\0\0\0\x60\x01\0\0\0\0\0\0\x05\0\0\x04\x12\0\0\0\x26\x1e\0\0\xb4\0\
\0\0\0\0\0\0\x73\x01\0\0\xb4\0\0\0\x20\0\0\0\x2b\x1e\0\0\xb4\0\0\0\x40\0\0\0\
\xbb\x02\0\0\xcf\0\0\0\x60\0\0\0\x35\x1e\0\0\xb4\0\0\0\x70\0\0\0\0\0\0\0\x02\0\
\0\x04\x08\0\0\0\x04\x1e\0\0\xb4\0\0\0\0\0\0\0\x41\x1e\0\0\xb4\0\0\0\x20\0\0\0\
\0\0\0\0\x01\0\0\x04\x04\0\0\0\x04\x1e\0\0\xb4\0\0\0\0\0\0\0\0\0\0\0\x08\0\0\
\x04\x24\0\0\0\xbb\x02\0\0\xb4\0\0\0\0\0\0\0\x04\x1e\0\0\xb4\0\0\0\x20\0\0\0\
\x46\x1e\0\0\xb4\0\0\0\x40\0\0\0\x52\x1e\0\0\xb4\0\0\0\x60\0\0\0\x5f\x1e\0\0\
\xb4\0\0\0\x80\0\0\0\x31\x06\0\0\xb4\0\0\0\xa0\0\0\0\xff\x1d\0\0\xb4\0\0\0\xc0\
\0\0\0\x1d\x1e\0\0\xb2\0\0\0\xe0\0\0\0\0\0\0\0\x02\0\0\x04\x08\0\0\0\xbb\x02\0\
\0\xb4\0\0\0\0\0\0\0\x6b\x1e\0\0\xb4\0\0\0\x20\0\0\0\0\0\0\0\x01\0\0\x04\x1c\0\
\0\0\x78\x1e\0\0\x2c\x01\0\0\0\0\0\0\x7f\x1e\0\0\x07\0\0\x04\x1c\0\0\0\x97\x1e\
\0\0\xb4\0\0\0\0\0\0\0\xa6\x1e\0\0\xb4\0\0\0\x20\0\0\0\xb6\x1e\0\0\xb4\0\0\0\
\x40\0\0\0\xc5\x1e\0\0\xb4\0\0\0\x60\0\0\0\xd1\x1e\0\0\xb4\0\0\0\x80\0\0\0\xe7\
\x1e\0\0\xb4\0\0\0\xa0\0\0\0\xf1\x1e\0\0\xb4\0\0\0\xc0\0\0\0\0\0\0\0\x07\0\0\
\x04\x23\0\0\0\xfc\x1e\0\0\x13\0\0\0\0\0\0\0\x6e\x01\0\0\x13\0\0\0\x08\0\0\0\
\xf7\x0d\0\0\xb2\0\0\0\x10\0\0\0\xa2\0\0\0\xb2\0\0\0\x50\0\0\0\x1c\x1a\0\0\xb2\
\0\0\0\x90\0\0\0\x03\x01\0\0\xb2\0\0\0\xd0\0\0\0\xed\x06\0\0\x13\0\0\0\x10\x01\
\0\0\0\0\0\0\x04\0\0\x04\x18\0\0\0\xff\x1d\0\0\xb4\0\0\0\0\0\0\0\x80\x0b\0\0\
\xb2\0\0\0\x20\0\0\0\x01\x1f\0\0\xb2\0\0\0\x60\0\0\0\x08\x1f\0\0\xb4\0\0\0\xa0\
\0\0\0\0\0\0\0\0\0\0\x02\xc7\x01\0\0\0\0\0\0\0\0\0\x02\x69\0\0\0\0\0\0\0\0\0\0\
\x02\x32\x01\0\0\0\0\0\0\0\0\0\x0a\xc2\x01\0\0\0\0\0\0\0\0\0\x02\xcf\x01\0\0\
\x0d\x1f\0\0\x0d\0\0\x04\xc0\x01\0\0\x02\x18\0\0\x35\x01\0\0\0\0\0\0\x28\x1f\0\
\0\x36\x01\0\0\x40\0\0\0\x2d\x1f\0\0\x36\x01\0\0\x80\x05\0\0\x35\x1f\0\0\x39\
\x01\0\0\xc0\x0a\0\0\x3d\x1f\0\0\x4a\0\0\0\0\x0b\0\0\x43\x1f\0\0\x30\x01\0\0\
\x40\x0b\0\0\x4b\x1f\0\0\x51\0\0\0\x80\x0b\0\0\x55\x1f\0\0\x51\0\0\0\xa0\x0b\0\
\0\x61\x1f\0\0\x3a\x01\0\0\xc0\x0b\0\0\x68\x1f\0\0\x3b\x01\0\0\0\x0c\0\0\0\0\0\
\0\x3c\x01\0\0\x80\x0c\0\0\x73\x1f\0\0\x70\0\0\0\x80\x0d\0\0\x7c\x1f\0\0\x02\0\
\0\0\xc0\x0d\0\0\0\0\0\0\0\0\0\x02\x7b\x01\0\0\x89\x1f\0\0\x16\0\0\x04\xa8\0\0\
\0\xa0\x1f\0\0\x37\x01\0\0\0\0\0\0\xa3\x1f\0\0\x38\x01\0\0\x40\0\0\0\xae\x1f\0\
\0\x51\0\0\0\x80\0\0\0\xba\x1f\0\0\x4a\0\0\0\xc0\0\0\0\xc2\x1f\0\0\x51\0\0\0\0\
\x01\0\0\xcc\x1f\0\0\x4a\0\0\0\x40\x01\0\0\xd7\x1f\0\0\x31\0\0\0\x80\x01\0\0\
\xe6\x1f\0\0\x51\0\0\0\xc0\x01\0\0\xf1\x1f\0\0\x4a\0\0\0\0\x02\0\0\xfd\x1f\0\0\
\x51\0\0\0\x40\x02\0\0\x09\x20\0\0\x4a\0\0\0\x80\x02\0\0\x2b\x1e\0\0\x31\0\0\0\
\xc0\x02\0\0\x16\x20\0\0\x31\0\0\0\0\x03\0\0\x20\x20\0\0\x77\0\0\0\x40\x03\0\0\
\x28\x20\0\0\xd0\0\0\0\x60\x03\0\0\x2e\x20\0\0\xd0\0\0\0\xa0\x03\0\0\x39\x20\0\
\0\x30\x01\0\0\0\x04\0\0\x46\x20\0\0\x30\x01\0\0\x40\x04\0\0\x53\x20\0\0\x51\0\
\0\0\x80\x04\0\0\x64\x20\0\0\x51\0\0\0\xa0\x04\0\0\x75\x20\0\0\x31\0\0\0\xc0\
\x04\0\0\x7c\x20\0\0\x31\0\0\0\0\x05\0\0\0\0\0\0\0\0\0\x02\xc8\x01\0\0\x88\x20\
\0\0\x04\0\0\x04\x08\0\0\0\x98\x20\0\0\x13\0\0\0\0\0\0\0\xa4\x20\0\0\x13\0\0\0\
\x08\0\0\0\xaf\x20\0\0\x15\0\0\0\x10\0\0\0\xba\x20\0\0\x0d\0\0\0\x20\0\0\0\0\0\
\0\0\0\0\0\x02\xc9\x01\0\0\0\0\0\0\0\0\0\x02\xca\x01\0\0\xc5\x20\0\0\x02\0\0\
\x04\x10\0\0\0\xda\x20\0\0\x4a\0\0\0\0\0\0\0\xe6\x20\0\0\x8a\0\0\0\x40\0\0\0\0\
\0\0\0\x03\0\0\x05\x20\0\0\0\xf6\x20\0\0\x3d\x01\0\0\0\0\0\0\0\0\0\0\x3e\x01\0\
\0\0\0\0\0\0\0\0\0\x40\x01\0\0\0\0\0\0\0\0\0\0\0\0\0\x02\xcb\x01\0\0\0\0\0\0\
\x08\0\0\x04\x20\0\0\0\x05\x21\0\0\x39\x01\0\0\0\0\0\0\x0d\x21\0\0\x8a\0\0\0\
\x40\0\0\0\x1a\x21\0\0\x02\0\0\0\x80\0\0\0\x21\x21\0\0\x58\0\0\0\xa0\0\0\0\x29\
\x21\0\0\x58\0\0\0\xa8\0\0\0\x36\x21\0\0\x58\0\0\0\xb0\0\0\0\x35\x1e\0\0\x58\0\
\0\0\xb8\0\0\0\x41\x21\0\0\x3f\x01\0\0\xc0\0\0\0\0\0\0\0\0\0\0\x02\xcc\x01\0\0\
\0\0\0\0\x02\0\0\x04\x10\0\0\0\x4d\x21\0\0\x58\0\0\0\0\0\0\0\x8a\x1d\0\0\x31\0\
\0\0\x40\0\0\0\0\0\0\0\0\0\0\x02\x52\x01\0\0\x5c\x21\0\0\0\0\0\x08\x43\x01\0\0\
\0\0\0\0\0\0\0\x02\x44\x01\0\0\0\0\0\0\x02\0\0\x0d\0\0\0\0\0\0\0\0\x1f\x01\0\0\
\0\0\0\0\x50\x01\0\0\x78\x21\0\0\x41\0\0\x04\x60\x06\0\0\x88\x21\0\0\x46\x01\0\
\0\0\0\0\0\xd8\x0c\0\0\xba\0\0\0\x40\0\0\0\x8c\x21\0\0\x47\x01\0\0\x40\x01\0\0\
\x93\x21\0\0\x61\0\0\0\x80\x01\0\0\xa7\x21\0\0\x09\x01\0\0\x80\x02\0\0\xb8\x21\
\0\0\x41\0\0\0\x40\x03\0\0\xc8\x21\0\0\x02\0\0\0\xc0\x03\0\0\xd3\x21\0\0\x48\
\x01\0\0\0\x04\0\0\xdc\x21\0\0\x5f\0\0\0\x40\x04\0\0\xe9\x21\0\0\x02\0\0\0\x60\
\x04\0\0\xf6\x21\0\0\xe7\0\0\0\x80\x04\0\0\xed\x18\0\0\x02\0\0\0\xa0\x04\0\0\
\x04\x22\0\0\x5f\0\0\0\xc0\x04\0\0\x16\x22\0\0\x61\0\0\0\0\x05\0\0\x26\x22\0\0\
\x3c\0\0\0\0\x06\0\0\x33\x22\0\0\x09\x01\0\0\x40\x06\0\0\x40\x22\0\0\x3c\0\0\0\
\0\x07\0\0\x52\x22\0\0\xea\0\0\0\x40\x07\0\0\x65\x22\0\0\xba\0\0\0\x80\x07\0\0\
\x7e\x22\0\0\x31\0\0\0\x80\x08\0\0\x8c\x22\0\0\xfb\0\0\0\xc0\x08\0\0\x97\x22\0\
\0\xea\0\0\0\0\x0a\0\0\xa3\x22\0\0\x41\0\0\0\x40\x0a\0\0\xae\x22\0\0\x02\0\0\0\
\xc0\x0a\0\0\xbe\x22\0\0\xe7\0\0\0\xe0\x0a\0\0\x8b\x16\0\0\x31\0\0\0\0\x0b\0\0\
\xce\x22\0\0\x31\0\0\0\x40\x0b\0\0\xd9\x22\0\0\xea\0\0\0\x80\x0b\0\0\x2b\x0e\0\
\0\xbc\0\0\0\xc0\x0b\0\0\xe6\x22\0\0\x2e\0\0\0\x80\x0e\0\0\xf6\x22\0\0\x41\0\0\
\0\xc0\x0e\0\0\x05\x23\0\0\x41\0\0\0\x40\x0f\0\0\x1b\x23\0\0\xe7\0\0\0\xc0\x0f\
\0\0\x2a\x23\0\0\x41\0\0\0\0\x10\0\0\x3a\x23\0\0\xe7\0\0\0\x80\x10\0\0\x4a\x23\
\0\0\x31\0\0\0\xc0\x10\0\0\x5d\x23\0\0\x41\0\0\0\0\x11\0\0\x6c\x23\0\0\x41\0\0\
\0\x80\x11\0\0\x80\x23\0\0\x02\0\0\0\0\x12\0\0\x91\x23\0\0\xe7\0\0\0\x20\x12\0\
\0\xa0\x23\0\0\x09\x01\0\0\x40\x12\0\0\xb0\x23\0\0\x3a\0\0\0\0\x13\0\0\xc1\x23\
\0\0\x5f\0\0\0\0\x14\0\0\xd5\x23\0\0\x3a\0\0\0\x40\x14\0\0\xe5\x23\0\0\xe7\0\0\
\0\x40\x15\0\0\xf4\x23\0\0\x41\0\0\0\x80\x15\0\0\xfe\x23\0\0\x41\0\0\0\0\x16\0\
\0\x0c\x24\0\0\x02\0\0\0\x80\x16\0\0\x1d\x24\0\0\x02\0\0\0\xa0\x16\0\0\x2c\x24\
\0\0\x02\0\0\0\xc0\x16\0\0\x39\x24\0\0\x02\0\0\0\xe0\x16\0\0\x4c\x24\0\0\x02\0\
\0\0\0\x17\0\0\x5d\x24\0\0\x02\0\0\0\x20\x17\0\0\x6c\x24\0\0\xe7\0\0\0\x40\x17\
\0\0\x7d\x24\0\0\x41\0\0\0\x80\x17\0\0\x8b\x24\0\0\x41\0\0\0\0\x18\0\0\x9d\x24\
\0\0\x49\x01\0\0\x80\x18\0\0\xa4\x24\0\0\xe7\0\0\0\xc0\x2d\0\0\xb4\x24\0\0\xea\
\0\0\0\0\x2e\0\0\xc4\x24\0\0\x41\0\0\0\x40\x2e\0\0\xd3\x24\0\0\xfb\0\0\0\xc0\
\x2e\0\0\xe3\x24\0\0\xea\0\0\0\0\x30\0\0\xf2\x24\0\0\x51\0\0\0\x40\x30\0\0\x02\
\x25\0\0\x4e\x01\0\0\x80\x30\0\0\x0e\x25\0\0\x4f\x01\0\0\xc0\x30\0\0\0\0\0\0\0\
\0\0\x02\x55\x01\0\0\0\0\0\0\0\0\0\x02\xdd\x01\0\0\0\0\0\0\0\0\0\x02\x41\x01\0\
\0\x17\x25\0\0\x0c\0\0\x04\xa8\x02\0\0\x2a\x25\0\0\x3c\0\0\0\0\0\0\0\x39\x25\0\
\0\x4a\x01\0\0\x40\0\0\0\x45\x25\0\0\x4a\x01\0\0\x80\x01\0\0\x51\x25\0\0\x3c\0\
\0\0\xc0\x02\0\0\x5c\x25\0\0\x4a\x01\0\0\0\x03\0\0\x67\x25\0\0\x4a\x01\0\0\x40\
\x04\0\0\x9d\x24\0\0\x4d\x01\0\0\x80\x05\0\0\x72\x25\0\0\x3c\0\0\0\x80\x0f\0\0\
\x7f\x25\0\0\x4a\x01\0\0\xc0\x0f\0\0\x8d\x25\0\0\x4a\x01\0\0\0\x11\0\0\x9a\x25\
\0\0\x41\x01\0\0\x40\x12\0\0\x2b\x0e\0\0\xbc\0\0\0\x80\x12\0\0\xa2\x25\0\0\x04\
\0\0\x04\x28\0\0\0\x03\x07\0\0\x63\0\0\0\0\0\0\0\x4b\x0a\0\0\x3e\0\0\0\x40\0\0\
\0\xb1\x25\0\0\x41\0\0\0\x80\0\0\0\xb6\x25\0\0\x4b\x01\0\0\0\x01\0\0\0\0\0\0\0\
\0\0\x02\x77\0\0\0\xbf\x25\0\0\x0a\0\0\x04\x50\0\0\0\x03\x07\0\0\xe7\0\0\0\0\0\
\0\0\xcb\x25\0\0\x31\0\0\0\x40\0\0\0\xd1\x25\0\0\x31\0\0\0\x80\0\0\0\xda\x25\0\
\0\x31\0\0\0\xc0\0\0\0\xe3\x25\0\0\x31\0\0\0\0\x01\0\0\xec\x25\0\0\x75\0\0\0\
\x40\x01\0\0\xf8\x25\0\0\x75\0\0\0\x80\x01\0\0\x04\x26\0\0\x75\0\0\0\xc0\x01\0\
\0\x13\x26\0\0\x75\0\0\0\0\x02\0\0\x1f\x26\0\0\x75\0\0\0\x40\x02\0\0\0\0\0\0\0\
\0\0\x03\0\0\0\0\x4c\x01\0\0\x04\0\0\0\x04\0\0\0\0\0\0\0\0\0\0\x02\xde\x01\0\0\
\0\0\0\0\0\0\0\x03\0\0\0\0\x10\0\0\0\x04\0\0\0\x41\0\0\0\0\0\0\0\0\0\0\x02\x1e\
\x01\0\0\x2b\x26\0\0\x02\0\0\x04\x08\0\0\0\x4b\x0a\0\0\x02\0\0\0\0\0\0\0\x40\
\x26\0\0\x02\0\0\0\x20\0\0\0\x45\x26\0\0\x1c\0\0\x04\x50\x08\0\0\x56\x26\0\0\
\x1f\x01\0\0\0\0\0\0\x5d\x26\0\0\x02\0\0\0\x40\0\0\0\x63\x26\0\0\x02\0\0\0\x60\
\0\0\0\x6b\x26\0\0\x2e\0\0\0\x80\0\0\0\x71\x26\0\0\x2e\0\0\0\xc0\0\0\0\x7c\x26\
\0\0\x31\0\0\0\0\x01\0\0\x82\x26\0\0\xba\0\0\0\x40\x01\0\0\x8a\x26\0\0\xac\0\0\
\0\x40\x02\0\0\x90\x26\0\0\xeb\0\0\0\x40\x3a\0\0\x97\x26\0\0\x5f\0\0\0\0\x3c\0\
\0\xa1\x26\0\0\x2e\0\0\0\x40\x3c\0\0\xab\x26\0\0\xe7\0\0\0\x80\x3c\0\0\xb6\x26\
\0\0\x5d\0\0\0\xa0\x3c\0\0\xbc\x26\0\0\x41\0\0\0\xc0\x3c\0\0\xc3\x26\0\0\x53\
\x01\0\0\x40\x3d\0\0\xd2\x26\0\0\x02\0\0\0\x80\x3d\0\0\xdc\x26\0\0\x02\0\0\0\
\xa0\x3d\0\0\xef\x26\0\0\x02\0\0\0\xc0\x3d\0\0\xff\x26\0\0\x02\0\0\0\xe0\x3d\0\
\0\x0a\x27\0\0\x41\0\0\0\0\x3e\0\0\x19\x27\0\0\x3a\0\0\0\x80\x3e\0\0\x2c\x27\0\
\0\x41\0\0\0\x80\x3f\0\0\x38\x27\0\0\x41\0\0\0\0\x40\0\0\x47\x27\0\0\x2e\0\0\0\
\x80\x40\0\0\x59\x27\0\0\x31\0\0\0\xc0\x40\0\0\x65\x27\0\0\x41\0\0\0\0\x41\0\0\
\x6f\x27\0\0\x41\0\0\0\x80\x41\0\0\x78\x27\0\0\x54\x01\0\0\0\x42\0\0\0\0\0\0\0\
\0\0\x02\xdf\x01\0\0\x68\x0a\0\0\x03\0\0\x04\x10\0\0\0\x89\x27\0\0\xe7\0\0\0\0\
\0\0\0\x91\x27\0\0\x05\x01\0\0\x20\0\0\0\x9a\x27\0\0\x70\0\0\0\x40\0\0\0\xa2\
\x27\0\0\x1b\0\0\x04\xc8\x08\0\0\xb1\x27\0\0\x56\x01\0\0\0\0\0\0\xb4\x27\0\0\
\x41\0\0\0\x40\0\0\0\xc2\x27\0\0\x57\x01\0\0\xc0\0\0\0\x4d\x16\0\0\xf9\0\0\0\0\
\x01\0\0\xd0\x27\0\0\x02\0\0\0\x40\x01\0\0\xdc\x27\0\0\x58\0\0\0\x60\x01\0\0\
\xe8\x27\0\0\x58\0\0\0\x68\x01\0\0\xf8\x27\0\0\x51\0\0\0\x80\x01\0\0\x01\x28\0\
\0\x9b\0\0\0\xc0\x01\0\0\x0f\x28\0\0\x1f\x01\0\0\0\x02\0\0\x14\x28\0\0\x3b\0\0\
\0\x40\x02\0\0\x24\x28\0\0\x58\0\0\0\x80\x02\0\0\x34\x28\0\0\xc4\0\0\0\xc0\x02\
\0\0\x3d\x28\0\0\xc4\0\0\0\0\x03\0\0\x44\x28\0\0\x59\x01\0\0\x40\x03\0\0\x5a\
\x28\0\0\xe7\0\0\0\x40\x43\0\0\x75\x28\0\0\xfc\0\0\0\x80\x43\0\0\x88\x28\0\0\
\xfc\0\0\0\xc0\x43\0\0\x95\x28\0\0\xfc\0\0\0\0\x44\0\0\xab\x28\0\0\xfc\0\0\0\
\x40\x44\0\0\xb7\x28\0\0\xfc\0\0\0\x80\x44\0\0\xc4\x28\0\0\xfc\0\0\0\xc0\x44\0\
\0\xd3\x28\0\0\xfc\0\0\0\0\x45\0\0\xe2\x28\0\0\xfc\0\0\0\x40\x45\0\0\xf7\x28\0\
\0\xfc\0\0\0\x80\x45\0\0\x0b\x29\0\0\x5a\x01\0\0\xc0\x45\0\0\x13\x29\0\0\x5b\
\x01\0\0\0\x46\0\0\0\0\0\0\0\0\0\x02\xc0\x01\0\0\0\0\0\0\0\0\0\x02\xdc\x01\0\0\
\x28\x29\0\0\x01\0\0\x04\x08\0\0\0\x33\x29\0\0\xbf\0\0\0\0\0\0\0\0\0\0\0\0\0\0\
\x03\0\0\0\0\x58\x01\0\0\x04\0\0\0\0\x01\0\0\0\0\0\0\0\0\0\x02\xce\x01\0\0\x39\
\x29\0\0\x01\0\0\x04\x08\0\0\0\x4e\x29\0\0\x5c\x01\0\0\0\0\0\0\0\0\0\0\0\0\0\
\x02\x5d\x01\0\0\0\0\0\0\0\0\0\x0a\xd0\x01\0\0\x55\x29\0\0\x10\0\0\x04\xc0\0\0\
\0\x5c\x29\0\0\x0e\0\0\0\0\0\0\0\x64\x29\0\0\x5f\x01\0\0\x20\0\0\0\x6a\x29\0\0\
\x63\x01\0\0\x40\0\0\0\x71\x29\0\0\xfc\0\0\0\xc0\0\0\0\x7a\x29\0\0\x66\x01\0\0\
\0\x01\0\0\x81\x29\0\0\x6f\0\0\0\x80\x01\0\0\x89\x29\0\0\x6b\x01\0\0\xc0\x01\0\
\0\x95\x29\0\0\x6e\x01\0\0\0\x03\0\0\x9a\x29\0\0\x56\x01\0\0\x40\x03\0\0\x9f\
\x29\0\0\x2e\0\0\0\x80\x03\0\0\xa6\x29\0\0\x70\0\0\0\xc0\x03\0\0\xaf\x29\0\0\
\x70\x01\0\0\0\x04\0\0\0\0\0\0\x73\x01\0\0\x40\x04\0\0\xb9\x29\0\0\xbe\0\0\0\
\xc0\x04\0\0\xbf\x29\0\0\x58\x01\0\0\x40\x05\0\0\xca\x29\0\0\x75\x01\0\0\x80\
\x05\0\0\xce\x29\0\0\0\0\0\x08\x60\x01\0\0\xe2\x29\0\0\x01\0\0\x04\x04\0\0\0\
\xf4\x29\0\0\x61\x01\0\0\0\0\0\0\xfd\x29\0\0\0\0\0\x08\x62\x01\0\0\xf4\x29\0\0\
\x01\0\0\x04\x04\0\0\0\x08\x2a\0\0\x0e\0\0\0\0\0\0\0\x11\x2a\0\0\x02\0\0\x04\
\x10\0\0\0\x18\x05\0\0\x64\x01\0\0\0\0\0\0\x6c\x0e\0\0\x65\x01\0\0\x40\0\0\0\0\
\0\0\0\0\0\0\x02\x63\x01\0\0\0\0\0\0\0\0\0\x02\x64\x01\0\0\x1f\x2a\0\0\x02\0\0\
\x04\x10\0\0\0\0\0\0\0\x67\x01\0\0\0\0\0\0\x03\x06\0\0\x69\x01\0\0\x40\0\0\0\0\
\0\0\0\x02\0\0\x05\x08\0\0\0\0\0\0\0\x68\x01\0\0\0\0\0\0\x24\x2a\0\0\x31\0\0\0\
\0\0\0\0\0\0\0\0\x02\0\0\x04\x08\0\0\0\x08\x1f\0\0\x51\0\0\0\0\0\0\0\x2d\x2a\0\
\0\x51\0\0\0\x20\0\0\0\0\0\0\0\0\0\0\x02\x6a\x01\0\0\0\0\0\0\0\0\0\x0a\x14\0\0\
\0\x31\x2a\0\0\x02\0\0\x05\x28\0\0\0\x41\x2a\0\0\x6c\x01\0\0\0\0\0\0\x48\x2a\0\
\0\x6d\x01\0\0\0\0\0\0\0\0\0\0\0\0\0\x03\0\0\0\0\x14\0\0\0\x04\0\0\0\x28\0\0\0\
\0\0\0\0\0\0\0\x03\0\0\0\0\x2e\0\0\0\x04\0\0\0\x05\0\0\0\0\0\0\0\0\0\0\x02\x6f\
\x01\0\0\0\0\0\0\0\0\0\x0a\xbd\x01\0\0\x4e\x2a\0\0\x01\0\0\x04\x08\0\0\0\0\0\0\
\0\x71\x01\0\0\0\0\0\0\0\0\0\0\x02\0\0\x05\x08\0\0\0\x56\x2a\0\0\x09\0\0\0\0\0\
\0\0\0\0\0\0\x72\x01\0\0\0\0\0\0\0\0\0\0\x02\0\0\x04\x08\0\0\0\x03\x07\0\0\xe7\
\0\0\0\0\0\0\0\x4b\x0a\0\0\x02\0\0\0\x20\0\0\0\0\0\0\0\x02\0\0\x05\x10\0\0\0\
\x61\x2a\0\0\x41\0\0\0\0\0\0\0\x67\x2a\0\0\x74\x01\0\0\0\0\0\0\0\0\0\0\0\0\0\
\x02\x09\x01\0\0\0\0\0\0\x03\0\0\x05\x10\0\0\0\x6e\x2a\0\0\xbe\0\0\0\0\0\0\0\
\x76\x2a\0\0\x63\x01\0\0\0\0\0\0\x87\x2a\0\0\x76\x01\0\0\0\0\0\0\x8d\x2a\0\0\
\x02\0\0\x04\x10\0\0\0\x18\x05\0\0\x77\x01\0\0\0\0\0\0\xd4\x04\0\0\x78\x01\0\0\
\x40\0\0\0\0\0\0\0\0\0\0\x02\x76\x01\0\0\0\0\0\0\0\0\0\x02\x79\x01\0\0\0\0\0\0\
\x01\0\0\x0d\0\0\0\0\0\0\0\0\x77\x01\0\0\x9b\x2a\0\0\x01\0\0\x0c\x35\0\0\0\xae\
\x2a\0\0\x06\0\0\x04\x0f\0\0\0\x0d\x02\0\0\xb4\0\0\0\0\0\0\0\x19\x02\0\0\xb4\0\
\0\0\x20\0\0\0\xc2\x2a\0\0\xb4\0\0\0\x40\0\0\0\xcf\x2a\0\0\x13\0\0\0\x60\0\0\0\
\xd4\x2a\0\0\x13\0\0\0\x68\0\0\0\xde\x2a\0\0\x13\0\0\0\x70\0\0\0\0\0\0\0\0\0\0\
\x03\0\0\0\0\x10\0\0\0\x04\0\0\0\x0d\0\0\0\xe8\x2a\0\0\0\0\0\x0e\x7c\x01\0\0\
\x01\0\0\0\0\0\0\0\0\0\0\x03\0\0\0\0\xa2\0\0\0\x04\0\0\0\x1d\0\0\0\xf0\x2a\0\0\
\0\0\0\x0e\x7e\x01\0\0\0\0\0\0\0\0\0\0\0\0\0\x03\0\0\0\0\xa2\0\0\0\x04\0\0\0\
\x28\0\0\0\x0b\x2b\0\0\0\0\0\x0e\x80\x01\0\0\0\0\0\0\0\0\0\0\0\0\0\x03\0\0\0\0\
\xa2\0\0\0\x04\0\0\0\x1e\0\0\0\x28\x2b\0\0\0\0\0\x0e\x82\x01\0\0\0\0\0\0\0\0\0\
\0\0\0\0\x03\0\0\0\0\xa2\0\0\0\x04\0\0\0\x24\0\0\0\x45\x2b\0\0\0\0\0\x0e\x84\
\x01\0\0\0\0\0\0\0\0\0\0\0\0\0\x03\0\0\0\0\xa2\0\0\0\x04\0\0\0\x3a\0\0\0\x62\
\x2b\0\0\0\0\0\x0e\x86\x01\0\0\0\0\0\0\0\0\0\0\0\0\0\x03\0\0\0\0\xa2\0\0\0\x04\
\0\0\0\x2c\0\0\0\x7f\x2b\0\0\0\0\0\x0e\x88\x01\0\0\0\0\0\0\0\0\0\0\0\0\0\x03\0\
\0\0\0\xa2\0\0\0\x04\0\0\0\x39\0\0\0\x9c\x2b\0\0\0\0\0\x0e\x8a\x01\0\0\0\0\0\0\
\0\0\0\0\0\0\0\x03\0\0\0\0\xa2\0\0\0\x04\0\0\0\x2e\0\0\0\xb9\x2b\0\0\0\0\0\x0e\
\x8c\x01\0\0\0\0\0\0\0\0\0\0\0\0\0\x03\0\0\0\0\xa2\0\0\0\x04\0\0\0\x38\0\0\0\
\xd6\x2b\0\0\0\0\0\x0e\x8e\x01\0\0\0\0\0\0\xf3\x2b\0\0\0\0\0\x0e\x7e\x01\0\0\0\
\0\0\0\x0e\x2c\0\0\0\0\0\x0e\x80\x01\0\0\0\0\0\0\x2b\x2c\0\0\0\0\0\x0e\x82\x01\
\0\0\0\0\0\0\x49\x2c\0\0\0\0\0\x0e\x84\x01\0\0\0\0\0\0\0\0\0\0\0\0\0\x03\0\0\0\
\0\xa2\0\0\0\x04\0\0\0\x4a\0\0\0\x67\x2c\0\0\0\0\0\x0e\x94\x01\0\0\0\0\0\0\0\0\
\0\0\0\0\0\x03\0\0\0\0\xa2\0\0\0\x04\0\0\0\x2b\0\0\0\x85\x2c\0\0\0\0\0\x0e\x96\
\x01\0\0\0\0\0\0\xa3\x2c\0\0\0\0\0\x0e\x96\x01\0\0\0\0\0\0\0\0\0\0\0\0\0\x03\0\
\0\0\0\xa2\0\0\0\x04\0\0\0\x1f\0\0\0\xc6\x2c\0\0\0\0\0\x0e\x99\x01\0\0\0\0\0\0\
\0\0\0\0\0\0\0\x03\0\0\0\0\xa2\0\0\0\x04\0\0\0\x2f\0\0\0\xec\x2c\0\0\0\0\0\x0e\
\x9b\x01\0\0\0\0\0\0\0\0\0\0\0\0\0\x03\0\0\0\0\xa2\0\0\0\x04\0\0\0\x35\0\0\0\
\x12\x2d\0\0\0\0\0\x0e\x9d\x01\0\0\0\0\0\0\x38\x2d\0\0\0\0\0\x0e\x8c\x01\0\0\0\
\0\0\0\0\0\0\0\0\0\0\x03\0\0\0\0\xa2\0\0\0\x04\0\0\0\x22\0\0\0\x5e\x2d\0\0\0\0\
\0\x0e\xa0\x01\0\0\0\0\0\0\x84\x2d\0\0\0\0\0\x0e\x96\x01\0\0\0\0\0\0\xaa\x2d\0\
\0\0\0\0\x0e\x99\x01\0\0\0\0\0\0\0\0\0\0\0\0\0\x03\0\0\0\0\xa2\0\0\0\x04\0\0\0\
\x2a\0\0\0\xd0\x2d\0\0\0\0\0\x0e\xa4\x01\0\0\0\0\0\0\xf6\x2d\0\0\0\0\0\x0e\x8e\
\x01\0\0\0\0\0\0\x1c\x2e\0\0\0\0\0\x0e\x84\x01\0\0\0\0\0\0\0\0\0\0\0\0\0\x03\0\
\0\0\0\xa2\0\0\0\x04\0\0\0\x32\0\0\0\x42\x2e\0\0\0\0\0\x0e\xa8\x01\0\0\0\0\0\0\
\x68\x2e\0\0\0\0\0\x0e\x88\x01\0\0\0\0\0\0\x83\x2e\0\0\0\0\0\x0e\xa0\x01\0\0\0\
\0\0\0\0\0\0\0\0\0\0\x03\0\0\0\0\xa2\0\0\0\x04\0\0\0\x18\0\0\0\xa1\x2e\0\0\0\0\
\0\x0e\xac\x01\0\0\0\0\0\0\xbf\x2e\0\0\0\0\0\x0e\x9b\x01\0\0\0\0\0\0\0\0\0\0\0\
\0\0\x03\0\0\0\0\xa2\0\0\0\x04\0\0\0\x26\0\0\0\xdd\x2e\0\0\0\0\0\x0e\xaf\x01\0\
\0\0\0\0\0\0\0\0\0\0\0\0\x03\0\0\0\0\xa2\0\0\0\x04\0\0\0\x34\0\0\0\xfb\x2e\0\0\
\0\0\0\x0e\xb1\x01\0\0\0\0\0\0\0\0\0\0\0\0\0\x03\0\0\0\0\xa2\0\0\0\x04\0\0\0\
\x41\0\0\0\x19\x2f\0\0\0\0\0\x0e\xb3\x01\0\0\0\0\0\0\0\0\0\0\0\0\0\x03\0\0\0\0\
\xa2\0\0\0\x04\0\0\0\x4b\0\0\0\x37\x2f\0\0\0\0\0\x0e\xb5\x01\0\0\0\0\0\0\0\0\0\
\0\0\0\0\x03\0\0\0\0\x10\0\0\0\x04\0\0\0\x07\0\0\0\0\0\0\0\0\0\0\x03\0\0\0\0\
\x10\0\0\0\x04\0\0\0\x06\0\0\0\0\0\0\0\0\0\0\x03\0\0\0\0\x10\0\0\0\x04\0\0\0\
\x05\0\0\0\x55\x2f\0\0\0\0\0\x07\0\0\0\0\x62\x2f\0\0\0\0\0\x07\0\0\0\0\x68\x09\
\0\0\0\0\0\x07\0\0\0\0\x6e\x2f\0\0\0\0\0\x07\0\0\0\0\x80\x2f\0\0\0\0\0\x07\0\0\
\0\0\x86\x2f\0\0\0\0\0\x07\0\0\0\0\x94\x2f\0\0\0\0\0\x07\0\0\0\0\xa0\x2f\0\0\0\
\0\0\x07\0\0\0\0\xb1\x2f\0\0\0\0\0\x07\0\0\0\0\x67\x13\0\0\0\0\0\x07\0\0\0\0\
\xb6\x2f\0\0\0\0\0\x07\0\0\0\0\xf6\x18\0\0\0\0\0\x07\0\0\0\0\xc2\x2f\0\0\0\0\0\
\x07\0\0\0\0\xce\x2f\0\0\0\0\0\x07\0\0\0\0\xe0\x2f\0\0\0\0\0\x07\0\0\0\0\xf5\
\x2f\0\0\0\0\0\x07\0\0\0\0\x0c\x30\0\0\0\0\0\x07\0\0\0\0\x21\x30\0\0\0\0\0\x07\
\0\0\0\0\x2f\x30\0\0\0\0\0\x07\0\0\0\0\x48\x30\0\0\0\0\0\x07\0\0\0\0\x4f\x30\0\
\0\0\0\0\x07\0\0\0\0\x5e\x30\0\0\0\0\0\x07\0\0\0\0\x68\x30\0\0\0\0\0\x87\0\0\0\
\0\x77\x30\0\0\0\0\0\x07\0\0\0\0\x84\x30\0\0\0\0\0\x07\0\0\0\0\x92\x30\0\0\0\0\
\0\x07\0\0\0\0\xad\x30\0\0\0\0\0\x07\0\0\0\0\xbd\x30\0\0\0\0\0\x07\0\0\0\0\xca\
\x30\0\0\0\0\0\x07\0\0\0\0\xd6\x30\0\0\0\0\0\x07\0\0\0\0\xe7\x30\0\0\0\0\0\x07\
\0\0\0\0\xf3\x30\0\0\0\0\0\x07\0\0\0\0\x06\x31\0\0\0\0\0\x07\0\0\0\0\x12\x31\0\
\0\0\0\0\x07\0\0\0\0\x24\x31\0\0\0\0\0\x07\0\0\0\0\x37\x31\0\0\0\0\0\x07\0\0\0\
\0\x43\x31\0\0\0\0\0\x07\0\0\0\0\x55\x31\0\0\0\0\0\x07\0\0\0\0\xbd\x61\0\0\x01\
\0\0\x0f\x0d\0\0\0\x7d\x01\0\0\0\0\0\0\x0d\0\0\0\xc5\x61\0\0\x23\0\0\x0f\x03\
\x06\0\0\x7f\x01\0\0\0\0\0\0\x1d\0\0\0\x81\x01\0\0\x1d\0\0\0\x28\0\0\0\x83\x01\
\0\0\x45\0\0\0\x1e\0\0\0\x85\x01\0\0\x63\0\0\0\x24\0\0\0\x87\x01\0\0\x87\0\0\0\
\x3a\0\0\0\x89\x01\0\0\xc1\0\0\0\x2c\0\0\0\x8b\x01\0\0\xed\0\0\0\x39\0\0\0\x8d\
\x01\0\0\x26\x01\0\0\x2e\0\0\0\x8f\x01\0\0\x54\x01\0\0\x38\0\0\0\x90\x01\0\0\
\x8c\x01\0\0\x1d\0\0\0\x91\x01\0\0\xa9\x01\0\0\x28\0\0\0\x92\x01\0\0\xd1\x01\0\
\0\x1e\0\0\0\x93\x01\0\0\xef\x01\0\0\x24\0\0\0\x95\x01\0\0\x13\x02\0\0\x4a\0\0\
\0\x97\x01\0\0\x5d\x02\0\0\x2b\0\0\0\x98\x01\0\0\x88\x02\0\0\x2b\0\0\0\x9a\x01\
\0\0\xb3\x02\0\0\x1f\0\0\0\x9c\x01\0\0\xd2\x02\0\0\x2f\0\0\0\x9e\x01\0\0\x01\
\x03\0\0\x35\0\0\0\x9f\x01\0\0\x36\x03\0\0\x2e\0\0\0\xa1\x01\0\0\x64\x03\0\0\
\x22\0\0\0\xa2\x01\0\0\x86\x03\0\0\x2b\0\0\0\xa3\x01\0\0\xb1\x03\0\0\x1f\0\0\0\
\xa5\x01\0\0\xd0\x03\0\0\x2a\0\0\0\xa6\x01\0\0\xfa\x03\0\0\x38\0\0\0\xa7\x01\0\
\0\x32\x04\0\0\x24\0\0\0\xa9\x01\0\0\x56\x04\0\0\x32\0\0\0\xaa\x01\0\0\x88\x04\
\0\0\x2c\0\0\0\xab\x01\0\0\xb4\x04\0\0\x22\0\0\0\xad\x01\0\0\xd6\x04\0\0\x18\0\
\0\0\xae\x01\0\0\xee\x04\0\0\x2f\0\0\0\xb0\x01\0\0\x1d\x05\0\0\x26\0\0\0\xb2\
\x01\0\0\x43\x05\0\0\x34\0\0\0\xb4\x01\0\0\x77\x05\0\0\x41\0\0\0\xb6\x01\0\0\
\xb8\x05\0\0\x4b\0\0\0\xcd\x61\0\0\x04\0\0\x0f\x60\0\0\0\x1d\0\0\0\0\0\0\0\x20\
\0\0\0\x23\0\0\0\x20\0\0\0\x10\0\0\0\x2a\0\0\0\x30\0\0\0\x20\0\0\0\x2b\0\0\0\
\x50\0\0\0\x10\0\0\0\0\x69\x6e\x74\0\x5f\x5f\x41\x52\x52\x41\x59\x5f\x53\x49\
\x5a\x45\x5f\x54\x59\x50\x45\x5f\x5f\0\x72\x65\x71\x75\x65\x73\x74\x5f\x6b\x65\
\x79\0\x63\x6c\x69\x65\x6e\x74\x5f\x69\x64\0\x74\x69\x64\0\x5f\x5f\x75\x36\x34\
\0\x75\x6e\x73\x69\x67\x6e\x65\x64\x20\x6c\x6f\x6e\x67\x20\x6c\x6f\x6e\x67\0\
\x6b\x65\x72\x6e\x65\x6c\x5f\x74\x72\x61\x63\x65\x5f\x65\x76\x65\x6e\x74\0\x73\
\x74\x61\x72\x74\x5f\x74\x69\x6d\x65\0\x65\x6e\x64\x5f\x74\x69\x6d\x65\0\x6c\
\x61\x74\x65\x6e\x63\x79\x5f\x75\x73\0\x70\x72\x69\x6d\x61\x72\x79\x5f\x6f\x73\
\x64\0\x61\x63\x74\x69\x6e\x67\x5f\x6f\x73\x64\x73\0\x61\x63\x74\x69\x6e\x67\
\x5f\x73\x69\x7a\x65\0\x70\x69\x64\0\x61\x74\x74\x65\x6d\x70\x74\x73\0\x63\x6f\
\x6d\x6d\0\x6f\x62\x6a\x65\x63\x74\x5f\x6e\x61\x6d\x65\0\x6f\x62\x6a\x65\x63\
\x74\x5f\x6e\x61\x6d\x65\x5f\x6c\x65\x6e\0\x69\x73\x5f\x72\x65\x61\x64\0\x69\
\x73\x5f\x77\x72\x69\x74\x65\0\x70\x6f\x6f\x6c\x5f\x69\x64\0\x70\x67\x5f\x69\
\x64\0\x6f\x70\x73\0\x6f\x70\x73\x5f\x73\x69\x7a\x65\0\x6f\x66\x66\x73\x65\x74\
\0\x6c\x65\x6e\x67\x74\x68\0\x63\x6c\x73\x5f\x6f\x70\x73\0\x5f\x5f\x75\x33\x32\
\0\x75\x6e\x73\x69\x67\x6e\x65\x64\x20\x69\x6e\x74\0\x63\x68\x61\x72\0\x5f\x5f\
\x75\x38\0\x75\x6e\x73\x69\x67\x6e\x65\x64\x20\x63\x68\x61\x72\0\x5f\x5f\x75\
\x31\x36\0\x75\x6e\x73\x69\x67\x6e\x65\x64\x20\x73\x68\x6f\x72\x74\0\x63\x6c\
\x73\x5f\x6f\x70\0\x63\x6c\x73\x5f\x6e\x61\x6d\x65\0\x6d\x65\x74\x68\x6f\x64\
\x5f\x6e\x61\x6d\x65\0\x74\x79\x70\x65\0\x6d\x61\x78\x5f\x65\x6e\x74\x72\x69\
\x65\x73\0\x6b\x65\x79\0\x76\x61\x6c\x75\x65\0\x70\x65\x6e\x64\x69\x6e\x67\x5f\
\x72\x65\x71\x75\x65\x73\x74\x73\0\x72\x62\0\x6d\x64\x73\x5f\x72\x65\x71\x75\
\x65\x73\x74\x5f\x6b\x65\x79\0\x6d\x64\x73\x5f\x74\x72\x61\x63\x65\x5f\x65\x76\
\x65\x6e\x74\0\x73\x75\x62\x6d\x69\x74\x5f\x74\x69\x6d\x65\0\x75\x6e\x73\x61\
\x66\x65\x5f\x72\x65\x70\x6c\x79\x5f\x74\x69\x6d\x65\0\x73\x61\x66\x65\x5f\x72\
\x65\x70\x6c\x79\x5f\x74\x69\x6d\x65\0\x75\x6e\x73\x61\x66\x65\x5f\x6c\x61\x74\
\x65\x6e\x63\x79\x5f\x75\x73\0\x73\x61\x66\x65\x5f\x6c\x61\x74\x65\x6e\x63\x79\
\x5f\x75\x73\0\x6f\x70\0\x6d\x64\x73\x5f\x72\x61\x6e\x6b\0\x72\x65\x73\x75\x6c\
\x74\0\x67\x6f\x74\x5f\x75\x6e\x73\x61\x66\x65\x5f\x72\x65\x70\x6c\x79\0\x67\
\x6f\x74\x5f\x73\x61\x66\x65\x5f\x72\x65\x70\x6c\x79\0\x69\x73\x5f\x77\x72\x69\
\x74\x65\x5f\x6f\x70\0\x6f\x70\x5f\x6e\x61\x6d\x65\0\x70\x61\x74\x68\0\x70\x65\
\x6e\x64\x69\x6e\x67\x5f\x6d\x64\x73\x5f\x72\x65\x71\x75\x65\x73\x74\x73\0\x6d\
\x64\x73\x5f\x72\x62\0\x70\x74\x5f\x72\x65\x67\x73\0\x72\x31\x35\0\x72\x31\x34\
\0\x72\x31\x33\0\x72\x31\x32\0\x62\x70\0\x62\x78\0\x72\x31\x31\0\x72\x31\x30\0\
\x72\x39\0\x72\x38\0\x61\x78\0\x63\x78\0\x64\x78\0\x73\x69\0\x64\x69\0\x6f\x72\
\x69\x67\x5f\x61\x78\0\x69\x70\0\x66\x6c\x61\x67\x73\0\x73\x70\0\x75\x6e\x73\
\x69\x67\x6e\x65\x64\x20\x6c\x6f\x6e\x67\0\x63\x73\0\x63\x73\x78\0\x66\x72\x65\
\x64\x5f\x63\x73\0\x75\x31\x36\0\x75\x36\x34\0\x73\x6c\0\x77\x66\x65\0\x73\x73\
\0\x73\x73\x78\0\x66\x72\x65\x64\x5f\x73\x73\0\x73\x74\x69\0\x73\x77\x65\x76\
\x65\x6e\x74\0\x6e\x6d\x69\0\x76\x65\x63\x74\x6f\x72\0\x65\x6e\x63\x6c\x61\x76\
\x65\0\x6c\x6d\0\x6e\x65\x73\x74\x65\x64\0\x69\x6e\x73\x6e\x6c\x65\x6e\0\x63\
\x74\x78\0\x74\x72\x61\x63\x65\x5f\x73\x65\x6e\x64\x5f\x72\x65\x71\x75\x65\x73\
\x74\0\x63\x65\x70\x68\x5f\x6f\x73\x64\x5f\x72\x65\x71\x75\x65\x73\x74\0\x72\
\x5f\x74\x69\x64\0\x72\x5f\x6e\x6f\x64\x65\0\x72\x5f\x6d\x63\x5f\x6e\x6f\x64\
\x65\0\x72\x5f\x63\x6f\x6d\x70\x6c\x65\x74\x65\x5f\x77\x6f\x72\x6b\0\x72\x5f\
\x6f\x73\x64\0\x72\x5f\x74\0\x72\x5f\x72\x65\x71\x75\x65\x73\x74\0\x72\x5f\x72\
\x65\x70\x6c\x79\0\x72\x5f\x73\x65\x6e\x74\0\x72\x5f\x6e\x75\x6d\x5f\x6f\x70\
\x73\0\x72\x5f\x72\x65\x73\x75\x6c\x74\0\x72\x5f\x6f\x73\x64\x63\0\x72\x5f\x6b\
\x72\x65\x66\0\x72\x5f\x6d\x65\x6d\x70\x6f\x6f\x6c\0\x72\x5f\x6c\x69\x6e\x67\
\x65\x72\0\x72\x5f\x63\x6f\x6d\x70\x6c\x65\x74\x69\x6f\x6e\0\x72\x5f\x63\x61\
\x6c\x6c\x62\x61\x63\x6b\0\x72\x5f\x69\x6e\x6f\x64\x65\0\x72\x5f\x70\x72\x69\
\x76\x61\x74\x65\x5f\x69\x74\x65\x6d\0\x72\x5f\x70\x72\x69\x76\0\x72\x5f\x73\
\x6e\x61\x70\x69\x64\0\x72\x5f\x73\x6e\x61\x70\x63\0\x72\x5f\x6d\x74\x69\x6d\
\x65\0\x72\x5f\x64\x61\x74\x61\x5f\x6f\x66\x66\x73\x65\x74\0\x72\x5f\x76\x65\
\x72\x73\x69\x6f\x6e\0\x72\x5f\x73\x74\x61\x6d\x70\0\x72\x5f\x73\x74\x61\x72\
\x74\x5f\x73\x74\x61\x6d\x70\0\x72\x5f\x73\x74\x61\x72\x74\x5f\x6c\x61\x74\x65\
\x6e\x63\x79\0\x72\x5f\x65\x6e\x64\x5f\x6c\x61\x74\x65\x6e\x63\x79\0\x72\x5f\
\x61\x74\x74\x65\x6d\x70\x74\x73\0\x72\x5f\x6d\x61\x70\x5f\x64\x6e\x65\x5f\x62\
\x6f\x75\x6e\x64\0\x72\x5f\x6f\x70\x73\0\x72\x62\x5f\x6e\x6f\x64\x65\0\x5f\x5f\
\x72\x62\x5f\x70\x61\x72\x65\x6e\x74\x5f\x63\x6f\x6c\x6f\x72\0\x72\x62\x5f\x72\
\x69\x67\x68\x74\0\x72\x62\x5f\x6c\x65\x66\x74\0\x77\x6f\x72\x6b\x5f\x73\x74\
\x72\x75\x63\x74\0\x64\x61\x74\x61\0\x65\x6e\x74\x72\x79\0\x66\x75\x6e\x63\0\
\x61\x74\x6f\x6d\x69\x63\x5f\x6c\x6f\x6e\x67\x5f\x74\0\x61\x74\x6f\x6d\x69\x63\
\x36\x34\x5f\x74\0\x63\x6f\x75\x6e\x74\x65\x72\0\x73\x36\x34\0\x5f\x5f\x73\x36\
\x34\0\x6c\x6f\x6e\x67\x20\x6c\x6f\x6e\x67\0\x6c\x69\x73\x74\x5f\x68\x65\x61\
\x64\0\x6e\x65\x78\x74\0\x70\x72\x65\x76\0\x77\x6f\x72\x6b\x5f\x66\x75\x6e\x63\
\x5f\x74\0\x63\x65\x70\x68\x5f\x6f\x73\x64\x5f\x72\x65\x71\x75\x65\x73\x74\x5f\
\x74\x61\x72\x67\x65\x74\0\x62\x61\x73\x65\x5f\x6f\x69\x64\0\x62\x61\x73\x65\
\x5f\x6f\x6c\x6f\x63\0\x74\x61\x72\x67\x65\x74\x5f\x6f\x69\x64\0\x74\x61\x72\
\x67\x65\x74\x5f\x6f\x6c\x6f\x63\0\x70\x67\x69\x64\0\x73\x70\x67\x69\x64\0\x70\
\x67\x5f\x6e\x75\x6d\0\x70\x67\x5f\x6e\x75\x6d\x5f\x6d\x61\x73\x6b\0\x61\x63\
\x74\x69\x6e\x67\0\x75\x70\0\x73\x69\x7a\x65\0\x6d\x69\x6e\x5f\x73\x69\x7a\x65\
\0\x73\x6f\x72\x74\x5f\x62\x69\x74\x77\x69\x73\x65\0\x72\x65\x63\x6f\x76\x65\
\x72\x79\x5f\x64\x65\x6c\x65\x74\x65\x73\0\x75\x73\x65\x64\x5f\x72\x65\x70\x6c\
\x69\x63\x61\0\x70\x61\x75\x73\x65\x64\0\x65\x70\x6f\x63\x68\0\x6c\x61\x73\x74\
\x5f\x66\x6f\x72\x63\x65\x5f\x72\x65\x73\x65\x6e\x64\0\x6f\x73\x64\0\x63\x65\
\x70\x68\x5f\x6f\x62\x6a\x65\x63\x74\x5f\x69\x64\0\x6e\x61\x6d\x65\0\x69\x6e\
\x6c\x69\x6e\x65\x5f\x6e\x61\x6d\x65\0\x6e\x61\x6d\x65\x5f\x6c\x65\x6e\0\x63\
\x65\x70\x68\x5f\x6f\x62\x6a\x65\x63\x74\x5f\x6c\x6f\x63\x61\x74\x6f\x72\0\x70\
\x6f\x6f\x6c\0\x70\x6f\x6f\x6c\x5f\x6e\x73\0\x63\x65\x70\x68\x5f\x70\x67\0\x73\
\x65\x65\x64\0\x75\x69\x6e\x74\x36\x34\x5f\x74\0\x75\x69\x6e\x74\x33\x32\x5f\
\x74\0\x75\x33\x32\0\x63\x65\x70\x68\x5f\x73\x70\x67\0\x73\x68\x61\x72\x64\0\
\x73\x38\0\x5f\x5f\x73\x38\0\x73\x69\x67\x6e\x65\x64\x20\x63\x68\x61\x72\0\x63\
\x65\x70\x68\x5f\x6f\x73\x64\x73\0\x6f\x73\x64\x73\0\x70\x72\x69\x6d\x61\x72\
\x79\0\x62\x6f\x6f\x6c\0\x5f\x42\x6f\x6f\x6c\0\x6b\x72\x65\x66\0\x72\x65\x66\
\x63\x6f\x75\x6e\x74\0\x72\x65\x66\x63\x6f\x75\x6e\x74\x5f\x74\0\x72\x65\x66\
\x63\x6f\x75\x6e\x74\x5f\x73\x74\x72\x75\x63\x74\0\x72\x65\x66\x73\0\x61\x74\
\x6f\x6d\x69\x63\x5f\x74\0\x63\x6f\x6d\x70\x6c\x65\x74\x69\x6f\x6e\0\x64\x6f\
\x6e\x65\0\x77\x61\x69\x74\0\x73\x77\x61\x69\x74\x5f\x71\x75\x65\x75\x65\x5f\
\x68\x65\x61\x64\0\x6c\x6f\x63\x6b\0\x74\x61\x73\x6b\x5f\x6c\x69\x73\x74\0\x72\
\x61\x77\x5f\x73\x70\x69\x6e\x6c\x6f\x63\x6b\x5f\x74\0\x72\x61\x77\x5f\x73\x70\
\x69\x6e\x6c\x6f\x63\x6b\0\x72\x61\x77\x5f\x6c\x6f\x63\x6b\0\x61\x72\x63\x68\
\x5f\x73\x70\x69\x6e\x6c\x6f\x63\x6b\x5f\x74\0\x71\x73\x70\x69\x6e\x6c\x6f\x63\
\x6b\0\x76\x61\x6c\0\x6c\x6f\x63\x6b\x65\x64\0\x70\x65\x6e\x64\x69\x6e\x67\0\
\x75\x38\0\x6c\x6f\x63\x6b\x65\x64\x5f\x70\x65\x6e\x64\x69\x6e\x67\0\x74\x61\
\x69\x6c\0\x63\x65\x70\x68\x5f\x6f\x73\x64\x63\x5f\x63\x61\x6c\x6c\x62\x61\x63\
\x6b\x5f\x74\0\x74\x69\x6d\x65\x73\x70\x65\x63\x36\x34\0\x74\x76\x5f\x73\x65\
\x63\0\x74\x76\x5f\x6e\x73\x65\x63\0\x74\x69\x6d\x65\x36\x34\x5f\x74\0\x6c\x6f\
\x6e\x67\0\x6b\x74\x69\x6d\x65\x5f\x74\0\x63\x65\x70\x68\x5f\x6f\x73\x64\x5f\
\x72\x65\x71\x5f\x6f\x70\0\x69\x6e\x64\x61\x74\x61\x5f\x6c\x65\x6e\0\x6f\x75\
\x74\x64\x61\x74\x61\x5f\x6c\x65\x6e\0\x72\x76\x61\x6c\0\x73\x33\x32\0\x5f\x5f\
\x73\x33\x32\0\x72\x61\x77\x5f\x64\x61\x74\x61\x5f\x69\x6e\0\x65\x78\x74\x65\
\x6e\x74\0\x78\x61\x74\x74\x72\0\x63\x6c\x73\0\x77\x61\x74\x63\x68\0\x6e\x6f\
\x74\x69\x66\x79\x5f\x61\x63\x6b\0\x6e\x6f\x74\x69\x66\x79\0\x6c\x69\x73\x74\
\x5f\x77\x61\x74\x63\x68\x65\x72\x73\0\x61\x6c\x6c\x6f\x63\x5f\x68\x69\x6e\x74\
\0\x63\x6f\x70\x79\x5f\x66\x72\x6f\x6d\0\x61\x73\x73\x65\x72\x74\x5f\x76\x65\
\x72\0\x63\x65\x70\x68\x5f\x6f\x73\x64\x5f\x64\x61\x74\x61\0\x63\x65\x70\x68\
\x5f\x6f\x73\x64\x5f\x64\x61\x74\x61\x5f\x74\x79\x70\x65\0\x43\x45\x50\x48\x5f\
\x4f\x53\x44\x5f\x44\x41\x54\x41\x5f\x54\x59\x50\x45\x5f\x4e\x4f\x4e\x45\0\x43\
\x45\x50\x48\x5f\x4f\x53\x44\x5f\x44\x41\x54\x41\x5f\x54\x59\x50\x45\x5f\x50\
\x41\x47\x45\x53\0\x43\x45\x50\x48\x5f\x4f\x53\x44\x5f\x44\x41\x54\x41\x5f\x54\
\x59\x50\x45\x5f\x50\x41\x47\x45\x4c\x49\x53\x54\0\x43\x45\x50\x48\x5f\x4f\x53\
\x44\x5f\x44\x41\x54\x41\x5f\x54\x59\x50\x45\x5f\x42\x49\x4f\0\x43\x45\x50\x48\
\x5f\x4f\x53\x44\x5f\x44\x41\x54\x41\x5f\x54\x59\x50\x45\x5f\x42\x56\x45\x43\
\x53\0\x43\x45\x50\x48\x5f\x4f\x53\x44\x5f\x44\x41\x54\x41\x5f\x54\x59\x50\x45\
\x5f\x49\x54\x45\x52\0\x70\x61\x67\x65\x6c\x69\x73\x74\0\x69\x74\x65\x72\0\x70\
\x61\x67\x65\x73\0\x61\x6c\x69\x67\x6e\x6d\x65\x6e\x74\0\x70\x61\x67\x65\x73\
\x5f\x66\x72\x6f\x6d\x5f\x70\x6f\x6f\x6c\0\x6f\x77\x6e\x5f\x70\x61\x67\x65\x73\
\0\x62\x69\x6f\x5f\x70\x6f\x73\0\x62\x69\x6f\x5f\x6c\x65\x6e\x67\x74\x68\0\x63\
\x65\x70\x68\x5f\x62\x69\x6f\x5f\x69\x74\x65\x72\0\x62\x69\x6f\0\x62\x76\x65\
\x63\x5f\x69\x74\x65\x72\0\x62\x69\x5f\x73\x65\x63\x74\x6f\x72\0\x62\x69\x5f\
\x73\x69\x7a\x65\0\x62\x69\x5f\x69\x64\x78\0\x62\x69\x5f\x62\x76\x65\x63\x5f\
\x64\x6f\x6e\x65\0\x73\x65\x63\x74\x6f\x72\x5f\x74\0\x62\x76\x65\x63\x5f\x70\
\x6f\x73\0\x6e\x75\x6d\x5f\x62\x76\x65\x63\x73\0\x63\x65\x70\x68\x5f\x62\x76\
\x65\x63\x5f\x69\x74\x65\x72\0\x62\x76\x65\x63\x73\0\x69\x6f\x76\x5f\x69\x74\
\x65\x72\0\x69\x74\x65\x72\x5f\x74\x79\x70\x65\0\x6e\x6f\x66\x61\x75\x6c\x74\0\
\x64\x61\x74\x61\x5f\x73\x6f\x75\x72\x63\x65\0\x69\x6f\x76\x5f\x6f\x66\x66\x73\
\x65\x74\0\x73\x69\x7a\x65\x5f\x74\0\x5f\x5f\x6b\x65\x72\x6e\x65\x6c\x5f\x73\
\x69\x7a\x65\x5f\x74\0\x5f\x5f\x6b\x65\x72\x6e\x65\x6c\x5f\x75\x6c\x6f\x6e\x67\
\x5f\x74\0\x5f\x5f\x75\x62\x75\x66\x5f\x69\x6f\x76\x65\x63\0\x69\x6f\x76\x65\
\x63\0\x69\x6f\x76\x5f\x62\x61\x73\x65\0\x69\x6f\x76\x5f\x6c\x65\x6e\0\x63\x6f\
\x75\x6e\x74\0\x5f\x5f\x69\x6f\x76\0\x6b\x76\x65\x63\0\x62\x76\x65\x63\0\x66\
\x6f\x6c\x69\x6f\x71\0\x78\x61\x72\x72\x61\x79\0\x75\x62\x75\x66\0\x6e\x72\x5f\
\x73\x65\x67\x73\0\x66\x6f\x6c\x69\x6f\x71\x5f\x73\x6c\x6f\x74\0\x78\x61\x72\
\x72\x61\x79\x5f\x73\x74\x61\x72\x74\0\x6c\x6f\x66\x66\x5f\x74\0\x5f\x5f\x6b\
\x65\x72\x6e\x65\x6c\x5f\x6c\x6f\x66\x66\x5f\x74\0\x74\x72\x75\x6e\x63\x61\x74\
\x65\x5f\x73\x69\x7a\x65\0\x74\x72\x75\x6e\x63\x61\x74\x65\x5f\x73\x65\x71\0\
\x73\x70\x61\x72\x73\x65\x5f\x65\x78\x74\x5f\x63\x6e\x74\0\x73\x70\x61\x72\x73\
\x65\x5f\x65\x78\x74\0\x6f\x73\x64\x5f\x64\x61\x74\x61\0\x76\x61\x6c\x75\x65\
\x5f\x6c\x65\x6e\0\x63\x6d\x70\x5f\x6f\x70\0\x63\x6d\x70\x5f\x6d\x6f\x64\x65\0\
\x63\x6c\x61\x73\x73\x5f\x6e\x61\x6d\x65\0\x72\x65\x71\x75\x65\x73\x74\x5f\x69\
\x6e\x66\x6f\0\x72\x65\x71\x75\x65\x73\x74\x5f\x64\x61\x74\x61\0\x72\x65\x73\
\x70\x6f\x6e\x73\x65\x5f\x64\x61\x74\x61\0\x63\x6c\x61\x73\x73\x5f\x6c\x65\x6e\
\0\x6d\x65\x74\x68\x6f\x64\x5f\x6c\x65\x6e\0\x63\x6f\x6f\x6b\x69\x65\0\x67\x65\
\x6e\0\x65\x78\x70\x65\x63\x74\x65\x64\x5f\x6f\x62\x6a\x65\x63\x74\x5f\x73\x69\
\x7a\x65\0\x65\x78\x70\x65\x63\x74\x65\x64\x5f\x77\x72\x69\x74\x65\x5f\x73\x69\
\x7a\x65\0\x73\x6e\x61\x70\x69\x64\0\x73\x72\x63\x5f\x76\x65\x72\x73\x69\x6f\
\x6e\0\x73\x72\x63\x5f\x66\x61\x64\x76\x69\x73\x65\x5f\x66\x6c\x61\x67\x73\0\
\x76\x65\x72\0\x63\x65\x70\x68\x5f\x6f\x73\x64\0\x6f\x5f\x72\x65\x66\0\x6f\x5f\
\x73\x70\x61\x72\x73\x65\x5f\x6f\x70\x5f\x69\x64\x78\0\x6f\x5f\x6f\x73\x64\x63\
\0\x6f\x5f\x6f\x73\x64\0\x6f\x5f\x69\x6e\x63\x61\x72\x6e\x61\x74\x69\x6f\x6e\0\
\x6f\x5f\x6e\x6f\x64\x65\0\x6f\x5f\x63\x6f\x6e\0\x6f\x5f\x72\x65\x71\x75\x65\
\x73\x74\x73\x5f\x6c\x6f\x63\x6b\0\x6f\x5f\x72\x65\x71\x75\x65\x73\x74\x73\0\
\x6f\x5f\x6c\x69\x6e\x67\x65\x72\x5f\x72\x65\x71\x75\x65\x73\x74\x73\0\x6f\x5f\
\x62\x61\x63\x6b\x6f\x66\x66\x5f\x6d\x61\x70\x70\x69\x6e\x67\x73\0\x6f\x5f\x62\
\x61\x63\x6b\x6f\x66\x66\x73\x5f\x62\x79\x5f\x69\x64\0\x6f\x5f\x6f\x73\x64\x5f\
\x6c\x72\x75\0\x6f\x5f\x61\x75\x74\x68\0\x6c\x72\x75\x5f\x74\x74\x6c\0\x6f\x5f\
\x6b\x65\x65\x70\x61\x6c\x69\x76\x65\x5f\x69\x74\x65\x6d\0\x6f\x5f\x73\x70\x61\
\x72\x73\x65\x5f\x72\x65\x61\x64\0\x63\x65\x70\x68\x5f\x63\x6f\x6e\x6e\x65\x63\
\x74\x69\x6f\x6e\0\x70\x72\x69\x76\x61\x74\x65\0\x6d\x73\x67\x72\0\x73\x74\x61\
\x74\x65\0\x73\x6f\x63\x6b\x5f\x73\x74\x61\x74\x65\0\x73\x6f\x63\x6b\0\x65\x72\
\x72\x6f\x72\x5f\x6d\x73\x67\0\x70\x65\x65\x72\x5f\x6e\x61\x6d\x65\0\x70\x65\
\x65\x72\x5f\x61\x64\x64\x72\0\x70\x65\x65\x72\x5f\x66\x65\x61\x74\x75\x72\x65\
\x73\0\x6d\x75\x74\x65\x78\0\x6f\x75\x74\x5f\x71\x75\x65\x75\x65\0\x6f\x75\x74\
\x5f\x73\x65\x6e\x74\0\x6f\x75\x74\x5f\x73\x65\x71\0\x69\x6e\x5f\x73\x65\x71\0\
\x69\x6e\x5f\x73\x65\x71\x5f\x61\x63\x6b\x65\x64\0\x69\x6e\x5f\x6d\x73\x67\0\
\x6f\x75\x74\x5f\x6d\x73\x67\0\x62\x6f\x75\x6e\x63\x65\x5f\x70\x61\x67\x65\0\
\x69\x6e\x5f\x66\x72\x6f\x6e\x74\x5f\x63\x72\x63\0\x69\x6e\x5f\x6d\x69\x64\x64\
\x6c\x65\x5f\x63\x72\x63\0\x69\x6e\x5f\x64\x61\x74\x61\x5f\x63\x72\x63\0\x6c\
\x61\x73\x74\x5f\x6b\x65\x65\x70\x61\x6c\x69\x76\x65\x5f\x61\x63\x6b\0\x77\x6f\
\x72\x6b\0\x64\x65\x6c\x61\x79\0\x63\x65\x70\x68\x5f\x65\x6e\x74\x69\x74\x79\
\x5f\x6e\x61\x6d\x65\0\x6e\x75\x6d\0\x5f\x5f\x6c\x65\x36\x34\0\x63\x65\x70\x68\
\x5f\x65\x6e\x74\x69\x74\x79\x5f\x61\x64\x64\x72\0\x6e\x6f\x6e\x63\x65\0\x69\
\x6e\x5f\x61\x64\x64\x72\0\x5f\x5f\x6c\x65\x33\x32\0\x5f\x5f\x6b\x65\x72\x6e\
\x65\x6c\x5f\x73\x6f\x63\x6b\x61\x64\x64\x72\x5f\x73\x74\x6f\x72\x61\x67\x65\0\
\x5f\x5f\x61\x6c\x69\x67\x6e\0\x73\x73\x5f\x66\x61\x6d\x69\x6c\x79\0\x5f\x5f\
\x64\x61\x74\x61\0\x5f\x5f\x6b\x65\x72\x6e\x65\x6c\x5f\x73\x61\x5f\x66\x61\x6d\
\x69\x6c\x79\x5f\x74\0\x6f\x77\x6e\x65\x72\0\x77\x61\x69\x74\x5f\x6c\x6f\x63\
\x6b\0\x6f\x73\x71\0\x77\x61\x69\x74\x5f\x6c\x69\x73\x74\0\x6f\x70\x74\x69\x6d\
\x69\x73\x74\x69\x63\x5f\x73\x70\x69\x6e\x5f\x71\x75\x65\x75\x65\0\x64\x65\x6c\
\x61\x79\x65\x64\x5f\x77\x6f\x72\x6b\0\x74\x69\x6d\x65\x72\0\x77\x71\0\x63\x70\
\x75\0\x74\x69\x6d\x65\x72\x5f\x6c\x69\x73\x74\0\x65\x78\x70\x69\x72\x65\x73\0\
\x66\x75\x6e\x63\x74\x69\x6f\x6e\0\x68\x6c\x69\x73\x74\x5f\x6e\x6f\x64\x65\0\
\x70\x70\x72\x65\x76\0\x76\x31\0\x76\x32\0\x63\x65\x70\x68\x5f\x63\x6f\x6e\x6e\
\x65\x63\x74\x69\x6f\x6e\x5f\x76\x31\x5f\x69\x6e\x66\x6f\0\x6f\x75\x74\x5f\x6b\
\x76\x65\x63\0\x6f\x75\x74\x5f\x6b\x76\x65\x63\x5f\x63\x75\x72\0\x6f\x75\x74\
\x5f\x6b\x76\x65\x63\x5f\x6c\x65\x66\x74\0\x6f\x75\x74\x5f\x73\x6b\x69\x70\0\
\x6f\x75\x74\x5f\x6b\x76\x65\x63\x5f\x62\x79\x74\x65\x73\0\x6f\x75\x74\x5f\x6d\
\x6f\x72\x65\0\x6f\x75\x74\x5f\x6d\x73\x67\x5f\x64\x6f\x6e\x65\0\x61\x75\x74\
\x68\0\x61\x75\x74\x68\x5f\x72\x65\x74\x72\x79\0\x69\x6e\x5f\x62\x61\x6e\x6e\
\x65\x72\0\x61\x63\x74\x75\x61\x6c\x5f\x70\x65\x65\x72\x5f\x61\x64\x64\x72\0\
\x70\x65\x65\x72\x5f\x61\x64\x64\x72\x5f\x66\x6f\x72\x5f\x6d\x65\0\x6f\x75\x74\
\x5f\x63\x6f\x6e\x6e\x65\x63\x74\0\x69\x6e\x5f\x72\x65\x70\x6c\x79\0\x69\x6e\
\x5f\x62\x61\x73\x65\x5f\x70\x6f\x73\0\x69\x6e\x5f\x73\x72\x5f\x6b\x76\x65\x63\
\0\x69\x6e\x5f\x73\x72\x5f\x6c\x65\x6e\0\x69\x6e\x5f\x74\x61\x67\0\x69\x6e\x5f\
\x68\x64\x72\0\x69\x6e\x5f\x74\x65\x6d\x70\x5f\x61\x63\x6b\0\x6f\x75\x74\x5f\
\x68\x64\x72\0\x6f\x75\x74\x5f\x74\x65\x6d\x70\x5f\x61\x63\x6b\0\x6f\x75\x74\
\x5f\x74\x65\x6d\x70\x5f\x6b\x65\x65\x70\x61\x6c\x69\x76\x65\x32\0\x63\x6f\x6e\
\x6e\x65\x63\x74\x5f\x73\x65\x71\0\x70\x65\x65\x72\x5f\x67\x6c\x6f\x62\x61\x6c\
\x5f\x73\x65\x71\0\x63\x65\x70\x68\x5f\x6d\x73\x67\x5f\x63\x6f\x6e\x6e\x65\x63\
\x74\0\x66\x65\x61\x74\x75\x72\x65\x73\0\x68\x6f\x73\x74\x5f\x74\x79\x70\x65\0\
\x67\x6c\x6f\x62\x61\x6c\x5f\x73\x65\x71\0\x70\x72\x6f\x74\x6f\x63\x6f\x6c\x5f\
\x76\x65\x72\x73\x69\x6f\x6e\0\x61\x75\x74\x68\x6f\x72\x69\x7a\x65\x72\x5f\x70\
\x72\x6f\x74\x6f\x63\x6f\x6c\0\x61\x75\x74\x68\x6f\x72\x69\x7a\x65\x72\x5f\x6c\
\x65\x6e\0\x63\x65\x70\x68\x5f\x6d\x73\x67\x5f\x63\x6f\x6e\x6e\x65\x63\x74\x5f\
\x72\x65\x70\x6c\x79\0\x74\x61\x67\0\x63\x65\x70\x68\x5f\x6d\x73\x67\x5f\x68\
\x65\x61\x64\x65\x72\0\x73\x65\x71\0\x70\x72\x69\x6f\x72\x69\x74\x79\0\x76\x65\
\x72\x73\x69\x6f\x6e\0\x66\x72\x6f\x6e\x74\x5f\x6c\x65\x6e\0\x6d\x69\x64\x64\
\x6c\x65\x5f\x6c\x65\x6e\0\x64\x61\x74\x61\x5f\x6c\x65\x6e\0\x64\x61\x74\x61\
\x5f\x6f\x66\x66\0\x73\x72\x63\0\x63\x6f\x6d\x70\x61\x74\x5f\x76\x65\x72\x73\
\x69\x6f\x6e\0\x72\x65\x73\x65\x72\x76\x65\x64\0\x63\x72\x63\0\x5f\x5f\x6c\x65\
\x31\x36\0\x63\x65\x70\x68\x5f\x74\x69\x6d\x65\x73\x70\x65\x63\0\x63\x65\x70\
\x68\x5f\x63\x6f\x6e\x6e\x65\x63\x74\x69\x6f\x6e\x5f\x76\x32\x5f\x69\x6e\x66\
\x6f\0\x69\x6e\x5f\x69\x74\x65\x72\0\x69\x6e\x5f\x6b\x76\x65\x63\x73\0\x69\x6e\
\x5f\x62\x76\x65\x63\0\x69\x6e\x5f\x6b\x76\x65\x63\x5f\x63\x6e\x74\0\x69\x6e\
\x5f\x73\x74\x61\x74\x65\0\x6f\x75\x74\x5f\x69\x74\x65\x72\0\x6f\x75\x74\x5f\
\x6b\x76\x65\x63\x73\0\x6f\x75\x74\x5f\x62\x76\x65\x63\0\x6f\x75\x74\x5f\x6b\
\x76\x65\x63\x5f\x63\x6e\x74\0\x6f\x75\x74\x5f\x73\x74\x61\x74\x65\0\x6f\x75\
\x74\x5f\x7a\x65\x72\x6f\0\x6f\x75\x74\x5f\x69\x74\x65\x72\x5f\x73\x65\x6e\x64\
\x70\x61\x67\x65\0\x69\x6e\x5f\x64\x65\x73\x63\0\x69\x6e\x5f\x63\x75\x72\x73\
\x6f\x72\0\x6f\x75\x74\x5f\x63\x75\x72\x73\x6f\x72\0\x68\x6d\x61\x63\x5f\x74\
\x66\x6d\0\x67\x63\x6d\x5f\x74\x66\x6d\0\x67\x63\x6d\x5f\x72\x65\x71\0\x67\x63\
\x6d\x5f\x77\x61\x69\x74\0\x69\x6e\x5f\x67\x63\x6d\x5f\x6e\x6f\x6e\x63\x65\0\
\x6f\x75\x74\x5f\x67\x63\x6d\x5f\x6e\x6f\x6e\x63\x65\0\x69\x6e\x5f\x65\x6e\x63\
\x5f\x70\x61\x67\x65\x73\0\x69\x6e\x5f\x65\x6e\x63\x5f\x70\x61\x67\x65\x5f\x63\
\x6e\x74\0\x69\x6e\x5f\x65\x6e\x63\x5f\x72\x65\x73\x69\x64\0\x69\x6e\x5f\x65\
\x6e\x63\x5f\x69\0\x6f\x75\x74\x5f\x65\x6e\x63\x5f\x70\x61\x67\x65\x73\0\x6f\
\x75\x74\x5f\x65\x6e\x63\x5f\x70\x61\x67\x65\x5f\x63\x6e\x74\0\x6f\x75\x74\x5f\
\x65\x6e\x63\x5f\x72\x65\x73\x69\x64\0\x6f\x75\x74\x5f\x65\x6e\x63\x5f\x69\0\
\x63\x6f\x6e\x5f\x6d\x6f\x64\x65\0\x63\x6f\x6e\x6e\x5f\x62\x75\x66\x73\0\x63\
\x6f\x6e\x6e\x5f\x62\x75\x66\x5f\x63\x6e\x74\0\x64\x61\x74\x61\x5f\x6c\x65\x6e\
\x5f\x72\x65\x6d\x61\x69\x6e\0\x69\x6e\x5f\x73\x69\x67\x6e\x5f\x6b\x76\x65\x63\
\x73\0\x6f\x75\x74\x5f\x73\x69\x67\x6e\x5f\x6b\x76\x65\x63\x73\0\x69\x6e\x5f\
\x73\x69\x67\x6e\x5f\x6b\x76\x65\x63\x5f\x63\x6e\x74\0\x6f\x75\x74\x5f\x73\x69\
\x67\x6e\x5f\x6b\x76\x65\x63\x5f\x63\x6e\x74\0\x63\x6c\x69\x65\x6e\x74\x5f\x63\
\x6f\x6f\x6b\x69\x65\0\x73\x65\x72\x76\x65\x72\x5f\x63\x6f\x6f\x6b\x69\x65\0\
\x69\x6e\x5f\x62\x75\x66\0\x6f\x75\x74\x5f\x62\x75\x66\0\x6f\x75\x74\x5f\x65\
\x70\x69\x6c\0\x62\x69\x6f\x5f\x76\x65\x63\0\x62\x76\x5f\x70\x61\x67\x65\0\x62\
\x76\x5f\x6c\x65\x6e\0\x62\x76\x5f\x6f\x66\x66\x73\x65\x74\0\x63\x65\x70\x68\
\x5f\x66\x72\x61\x6d\x65\x5f\x64\x65\x73\x63\0\x66\x64\x5f\x74\x61\x67\0\x66\
\x64\x5f\x73\x65\x67\x5f\x63\x6e\x74\0\x66\x64\x5f\x6c\x65\x6e\x73\0\x66\x64\
\x5f\x61\x6c\x69\x67\x6e\x73\0\x63\x65\x70\x68\x5f\x6d\x73\x67\x5f\x64\x61\x74\
\x61\x5f\x63\x75\x72\x73\x6f\x72\0\x74\x6f\x74\x61\x6c\x5f\x72\x65\x73\x69\x64\
\0\x72\x65\x73\x69\x64\0\x73\x72\x5f\x72\x65\x73\x69\x64\0\x6e\x65\x65\x64\x5f\
\x63\x72\x63\0\x62\x69\x6f\x5f\x69\x74\x65\x72\0\x70\x61\x67\x65\x5f\x6f\x66\
\x66\x73\x65\x74\0\x70\x61\x67\x65\x5f\x69\x6e\x64\x65\x78\0\x70\x61\x67\x65\
\x5f\x63\x6f\x75\x6e\x74\0\x70\x61\x67\x65\0\x6c\x61\x73\x74\x6c\x65\x6e\0\x63\
\x72\x79\x70\x74\x6f\x5f\x77\x61\x69\x74\0\x65\x72\x72\0\x63\x65\x70\x68\x5f\
\x67\x63\x6d\x5f\x6e\x6f\x6e\x63\x65\0\x66\x69\x78\x65\x64\0\x6c\x61\x74\x65\
\x5f\x73\x74\x61\x74\x75\x73\0\x70\x61\x64\0\x66\x72\x6f\x6e\x74\x5f\x63\x72\
\x63\0\x6d\x69\x64\x64\x6c\x65\x5f\x63\x72\x63\0\x64\x61\x74\x61\x5f\x63\x72\
\x63\0\x73\x70\x69\x6e\x6c\x6f\x63\x6b\x5f\x74\0\x73\x70\x69\x6e\x6c\x6f\x63\
\x6b\0\x72\x6c\x6f\x63\x6b\0\x72\x62\x5f\x72\x6f\x6f\x74\0\x63\x65\x70\x68\x5f\
\x61\x75\x74\x68\x5f\x68\x61\x6e\x64\x73\x68\x61\x6b\x65\0\x61\x75\x74\x68\x6f\
\x72\x69\x7a\x65\x72\0\x61\x75\x74\x68\x6f\x72\x69\x7a\x65\x72\x5f\x62\x75\x66\
\0\x61\x75\x74\x68\x6f\x72\x69\x7a\x65\x72\x5f\x62\x75\x66\x5f\x6c\x65\x6e\0\
\x61\x75\x74\x68\x6f\x72\x69\x7a\x65\x72\x5f\x72\x65\x70\x6c\x79\x5f\x62\x75\
\x66\0\x61\x75\x74\x68\x6f\x72\x69\x7a\x65\x72\x5f\x72\x65\x70\x6c\x79\x5f\x62\
\x75\x66\x5f\x6c\x65\x6e\0\x73\x69\x67\x6e\x5f\x6d\x65\x73\x73\x61\x67\x65\0\
\x63\x68\x65\x63\x6b\x5f\x6d\x65\x73\x73\x61\x67\x65\x5f\x73\x69\x67\x6e\x61\
\x74\x75\x72\x65\0\x63\x65\x70\x68\x5f\x6d\x73\x67\0\x68\x64\x72\0\x66\x72\x6f\
\x6e\x74\0\x6d\x69\x64\x64\x6c\x65\0\x64\x61\x74\x61\x5f\x6c\x65\x6e\x67\x74\
\x68\0\x6e\x75\x6d\x5f\x64\x61\x74\x61\x5f\x69\x74\x65\x6d\x73\0\x6d\x61\x78\
\x5f\x64\x61\x74\x61\x5f\x69\x74\x65\x6d\x73\0\x63\x75\x72\x73\x6f\x72\0\x63\
\x6f\x6e\0\x6d\x6f\x72\x65\x5f\x74\x6f\x5f\x66\x6f\x6c\x6c\x6f\x77\0\x6e\x65\
\x65\x64\x73\x5f\x6f\x75\x74\x5f\x73\x65\x71\0\x73\x70\x61\x72\x73\x65\x5f\x72\
\x65\x61\x64\x5f\x74\x6f\x74\x61\x6c\0\x66\x72\x6f\x6e\x74\x5f\x61\x6c\x6c\x6f\
\x63\x5f\x6c\x65\x6e\0\x66\x6f\x6f\x74\x65\x72\0\x6f\x6c\x64\x5f\x66\x6f\x6f\
\x74\x65\x72\0\x63\x65\x70\x68\x5f\x6d\x73\x67\x5f\x66\x6f\x6f\x74\x65\x72\0\
\x73\x69\x67\0\x63\x65\x70\x68\x5f\x6d\x73\x67\x5f\x66\x6f\x6f\x74\x65\x72\x5f\
\x6f\x6c\x64\0\x63\x65\x70\x68\x5f\x73\x70\x61\x72\x73\x65\x5f\x72\x65\x61\x64\
\0\x73\x72\x5f\x73\x74\x61\x74\x65\0\x73\x72\x5f\x72\x65\x71\x5f\x6f\x66\x66\0\
\x73\x72\x5f\x72\x65\x71\x5f\x6c\x65\x6e\0\x73\x72\x5f\x70\x6f\x73\0\x73\x72\
\x5f\x69\x6e\x64\x65\x78\0\x73\x72\x5f\x64\x61\x74\x61\x6c\x65\x6e\0\x73\x72\
\x5f\x63\x6f\x75\x6e\x74\0\x73\x72\x5f\x65\x78\x74\x5f\x6c\x65\x6e\0\x73\x72\
\x5f\x65\x78\x74\x65\x6e\x74\0\x63\x65\x70\x68\x5f\x73\x70\x61\x72\x73\x65\x5f\
\x72\x65\x61\x64\x5f\x73\x74\x61\x74\x65\0\x43\x45\x50\x48\x5f\x53\x50\x41\x52\
\x53\x45\x5f\x52\x45\x41\x44\x5f\x48\x44\x52\0\x43\x45\x50\x48\x5f\x53\x50\x41\
\x52\x53\x45\x5f\x52\x45\x41\x44\x5f\x45\x58\x54\x45\x4e\x54\x53\0\x43\x45\x50\
\x48\x5f\x53\x50\x41\x52\x53\x45\x5f\x52\x45\x41\x44\x5f\x44\x41\x54\x41\x5f\
\x4c\x45\x4e\0\x43\x45\x50\x48\x5f\x53\x50\x41\x52\x53\x45\x5f\x52\x45\x41\x44\
\x5f\x44\x41\x54\x41\x5f\x50\x52\x45\0\x43\x45\x50\x48\x5f\x53\x50\x41\x52\x53\
\x45\x5f\x52\x45\x41\x44\x5f\x44\x41\x54\x41\0\x63\x65\x70\x68\x5f\x6f\x73\x64\
\x5f\x63\x6c\x69\x65\x6e\x74\0\x63\x6c\x69\x65\x6e\x74\0\x6f\x73\x64\x6d\x61\
\x70\0\x6f\x73\x64\x5f\x6c\x72\x75\0\x6f\x73\x64\x5f\x6c\x72\x75\x5f\x6c\x6f\
\x63\x6b\0\x65\x70\x6f\x63\x68\x5f\x62\x61\x72\x72\x69\x65\x72\0\x68\x6f\x6d\
\x65\x6c\x65\x73\x73\x5f\x6f\x73\x64\0\x6c\x61\x73\x74\x5f\x74\x69\x64\0\x6c\
\x61\x73\x74\x5f\x6c\x69\x6e\x67\x65\x72\x5f\x69\x64\0\x6c\x69\x6e\x67\x65\x72\
\x5f\x72\x65\x71\x75\x65\x73\x74\x73\0\x6d\x61\x70\x5f\x63\x68\x65\x63\x6b\x73\
\0\x6c\x69\x6e\x67\x65\x72\x5f\x6d\x61\x70\x5f\x63\x68\x65\x63\x6b\x73\0\x6e\
\x75\x6d\x5f\x72\x65\x71\x75\x65\x73\x74\x73\0\x6e\x75\x6d\x5f\x68\x6f\x6d\x65\
\x6c\x65\x73\x73\0\x61\x62\x6f\x72\x74\x5f\x65\x72\x72\0\x74\x69\x6d\x65\x6f\
\x75\x74\x5f\x77\x6f\x72\x6b\0\x6f\x73\x64\x73\x5f\x74\x69\x6d\x65\x6f\x75\x74\
\x5f\x77\x6f\x72\x6b\0\x64\x65\x62\x75\x67\x66\x73\x5f\x66\x69\x6c\x65\0\x72\
\x65\x71\x5f\x6d\x65\x6d\x70\x6f\x6f\x6c\0\x6d\x73\x67\x70\x6f\x6f\x6c\x5f\x6f\
\x70\0\x6d\x73\x67\x70\x6f\x6f\x6c\x5f\x6f\x70\x5f\x72\x65\x70\x6c\x79\0\x6e\
\x6f\x74\x69\x66\x79\x5f\x77\x71\0\x63\x6f\x6d\x70\x6c\x65\x74\x69\x6f\x6e\x5f\
\x77\x71\0\x72\x77\x5f\x73\x65\x6d\x61\x70\x68\x6f\x72\x65\0\x6d\x65\x6d\x70\
\x6f\x6f\x6c\x5f\x74\0\x63\x65\x70\x68\x5f\x6d\x73\x67\x70\x6f\x6f\x6c\0\x6d\
\x65\x6d\x70\x6f\x6f\x6c\x5f\x73\0\x6d\x69\x6e\x5f\x6e\x72\0\x63\x75\x72\x72\
\x5f\x6e\x72\0\x65\x6c\x65\x6d\x65\x6e\x74\x73\0\x70\x6f\x6f\x6c\x5f\x64\x61\
\x74\x61\0\x61\x6c\x6c\x6f\x63\0\x66\x72\x65\x65\0\x6d\x65\x6d\x70\x6f\x6f\x6c\
\x5f\x61\x6c\x6c\x6f\x63\x5f\x74\0\x67\x66\x70\x5f\x74\0\x6d\x65\x6d\x70\x6f\
\x6f\x6c\x5f\x66\x72\x65\x65\x5f\x74\0\x77\x61\x69\x74\x5f\x71\x75\x65\x75\x65\
\x5f\x68\x65\x61\x64\x5f\x74\0\x77\x61\x69\x74\x5f\x71\x75\x65\x75\x65\x5f\x68\
\x65\x61\x64\0\x68\x65\x61\x64\0\x63\x65\x70\x68\x5f\x63\x6c\x69\x65\x6e\x74\0\
\x66\x73\x69\x64\0\x68\x61\x76\x65\x5f\x66\x73\x69\x64\0\x6f\x70\x74\x69\x6f\
\x6e\x73\0\x6d\x6f\x75\x6e\x74\x5f\x6d\x75\x74\x65\x78\0\x61\x75\x74\x68\x5f\
\x77\x71\0\x61\x75\x74\x68\x5f\x65\x72\x72\0\x65\x78\x74\x72\x61\x5f\x6d\x6f\
\x6e\x5f\x64\x69\x73\x70\x61\x74\x63\x68\0\x73\x75\x70\x70\x6f\x72\x74\x65\x64\
\x5f\x66\x65\x61\x74\x75\x72\x65\x73\0\x72\x65\x71\x75\x69\x72\x65\x64\x5f\x66\
\x65\x61\x74\x75\x72\x65\x73\0\x6d\x6f\x6e\x63\0\x6f\x73\x64\x63\0\x64\x65\x62\
\x75\x67\x66\x73\x5f\x64\x69\x72\0\x64\x65\x62\x75\x67\x66\x73\x5f\x6d\x6f\x6e\
\x6d\x61\x70\0\x64\x65\x62\x75\x67\x66\x73\x5f\x6f\x73\x64\x6d\x61\x70\0\x64\
\x65\x62\x75\x67\x66\x73\x5f\x6f\x70\x74\x69\x6f\x6e\x73\0\x63\x65\x70\x68\x5f\
\x66\x73\x69\x64\0\x63\x65\x70\x68\x5f\x6d\x65\x73\x73\x65\x6e\x67\x65\x72\0\
\x69\x6e\x73\x74\0\x6d\x79\x5f\x65\x6e\x63\x5f\x61\x64\x64\x72\0\x73\x74\x6f\
\x70\x70\x69\x6e\x67\0\x6e\x65\x74\0\x67\x6c\x6f\x62\x61\x6c\x5f\x73\x65\x71\
\x5f\x6c\x6f\x63\x6b\0\x63\x65\x70\x68\x5f\x65\x6e\x74\x69\x74\x79\x5f\x69\x6e\
\x73\x74\0\x61\x64\x64\x72\0\x70\x6f\x73\x73\x69\x62\x6c\x65\x5f\x6e\x65\x74\
\x5f\x74\0\x63\x65\x70\x68\x5f\x6d\x6f\x6e\x5f\x63\x6c\x69\x65\x6e\x74\0\x6d\
\x6f\x6e\x6d\x61\x70\0\x6d\x5f\x61\x75\x74\x68\0\x6d\x5f\x61\x75\x74\x68\x5f\
\x72\x65\x70\x6c\x79\0\x6d\x5f\x73\x75\x62\x73\x63\x72\x69\x62\x65\0\x6d\x5f\
\x73\x75\x62\x73\x63\x72\x69\x62\x65\x5f\x61\x63\x6b\0\x70\x65\x6e\x64\x69\x6e\
\x67\x5f\x61\x75\x74\x68\0\x68\x75\x6e\x74\x69\x6e\x67\0\x63\x75\x72\x5f\x6d\
\x6f\x6e\0\x73\x75\x62\x5f\x72\x65\x6e\x65\x77\x5f\x61\x66\x74\x65\x72\0\x73\
\x75\x62\x5f\x72\x65\x6e\x65\x77\x5f\x73\x65\x6e\x74\0\x68\x61\x64\x5f\x61\x5f\
\x63\x6f\x6e\x6e\x65\x63\x74\x69\x6f\x6e\0\x68\x75\x6e\x74\x5f\x6d\x75\x6c\x74\
\0\x67\x65\x6e\x65\x72\x69\x63\x5f\x72\x65\x71\x75\x65\x73\x74\x5f\x74\x72\x65\
\x65\0\x73\x75\x62\x73\0\x66\x73\x5f\x63\x6c\x75\x73\x74\x65\x72\x5f\x69\x64\0\
\x69\x74\x65\x6d\0\x77\x61\x6e\x74\0\x68\x61\x76\x65\0\x63\x65\x70\x68\x5f\x6d\
\x6f\x6e\x5f\x73\x75\x62\x73\x63\x72\x69\x62\x65\x5f\x69\x74\x65\x6d\0\x73\x74\
\x61\x72\x74\0\x74\x72\x61\x63\x65\x5f\x6f\x73\x64\x5f\x64\x69\x73\x70\x61\x74\
\x63\x68\0\x74\x72\x61\x63\x65\x5f\x70\x72\x65\x70\x61\x72\x65\x5f\x73\x65\x6e\
\x64\x5f\x72\x65\x71\x75\x65\x73\x74\0\x63\x65\x70\x68\x5f\x6d\x64\x73\x5f\x72\
\x65\x71\x75\x65\x73\x74\0\x72\x5f\x6d\x64\x73\x63\0\x72\x5f\x6f\x70\0\x72\x5f\
\x64\x65\x6e\x74\x72\x79\0\x72\x5f\x6f\x6c\x64\x5f\x64\x65\x6e\x74\x72\x79\0\
\x72\x5f\x6f\x6c\x64\x5f\x64\x65\x6e\x74\x72\x79\x5f\x64\x69\x72\0\x72\x5f\x70\
\x61\x74\x68\x31\0\x72\x5f\x70\x61\x74\x68\x32\0\x72\x5f\x69\x6e\x6f\x31\0\x72\
\x5f\x69\x6e\x6f\x32\0\x72\x5f\x70\x61\x72\x65\x6e\x74\0\x72\x5f\x74\x61\x72\
\x67\x65\x74\x5f\x69\x6e\x6f\x64\x65\0\x72\x5f\x6e\x65\x77\x5f\x69\x6e\x6f\x64\
\x65\0\x72\x5f\x64\x6e\x61\x6d\x65\0\x72\x5f\x72\x65\x71\x5f\x66\x6c\x61\x67\
\x73\0\x72\x5f\x66\x69\x6c\x6c\x5f\x6d\x75\x74\x65\x78\0\x72\x5f\x61\x72\x67\
\x73\0\x72\x5f\x66\x73\x63\x72\x79\x70\x74\x5f\x61\x75\x74\x68\0\x72\x5f\x66\
\x73\x63\x72\x79\x70\x74\x5f\x66\x69\x6c\x65\0\x72\x5f\x61\x6c\x74\x6e\x61\x6d\
\x65\0\x72\x5f\x61\x6c\x74\x6e\x61\x6d\x65\x5f\x6c\x65\x6e\0\x72\x5f\x66\x6d\
\x6f\x64\x65\0\x72\x5f\x72\x65\x71\x75\x65\x73\x74\x5f\x72\x65\x6c\x65\x61\x73\
\x65\x5f\x6f\x66\x66\x73\x65\x74\0\x72\x5f\x63\x72\x65\x64\0\x72\x5f\x6d\x6e\
\x74\x5f\x69\x64\x6d\x61\x70\0\x72\x5f\x64\x69\x72\x65\x63\x74\x5f\x6d\x6f\x64\
\x65\0\x72\x5f\x64\x69\x72\x65\x63\x74\x5f\x68\x61\x73\x68\0\x72\x5f\x70\x61\
\x67\x65\x6c\x69\x73\x74\0\x72\x5f\x69\x6e\x6f\x64\x65\x5f\x64\x72\x6f\x70\0\
\x72\x5f\x69\x6e\x6f\x64\x65\x5f\x75\x6e\x6c\x65\x73\x73\0\x72\x5f\x64\x65\x6e\
\x74\x72\x79\x5f\x64\x72\x6f\x70\0\x72\x5f\x64\x65\x6e\x74\x72\x79\x5f\x75\x6e\
\x6c\x65\x73\x73\0\x72\x5f\x6f\x6c\x64\x5f\x64\x65\x6e\x74\x72\x79\x5f\x64\x72\
\x6f\x70\0\x72\x5f\x6f\x6c\x64\x5f\x64\x65\x6e\x74\x72\x79\x5f\x75\x6e\x6c\x65\
\x73\x73\0\x72\x5f\x6f\x6c\x64\x5f\x69\x6e\x6f\x64\x65\0\x72\x5f\x6f\x6c\x64\
\x5f\x69\x6e\x6f\x64\x65\x5f\x64\x72\x6f\x70\0\x72\x5f\x6f\x6c\x64\x5f\x69\x6e\
\x6f\x64\x65\x5f\x75\x6e\x6c\x65\x73\x73\0\x72\x5f\x72\x65\x70\x6c\x79\x5f\x69\
\x6e\x66\x6f\0\x72\x5f\x65\x72\x72\0\x72\x5f\x72\x65\x61\x64\x64\x69\x72\x5f\
\x6f\x66\x66\x73\x65\x74\0\x72\x5f\x6c\x6f\x63\x6b\x65\x64\x5f\x70\x61\x67\x65\
\0\x72\x5f\x64\x69\x72\x5f\x63\x61\x70\x73\0\x72\x5f\x6e\x75\x6d\x5f\x63\x61\
\x70\x73\0\x72\x5f\x74\x69\x6d\x65\x6f\x75\x74\0\x72\x5f\x73\x74\x61\x72\x74\
\x65\x64\0\x72\x5f\x72\x65\x71\x75\x65\x73\x74\x5f\x73\x74\x61\x72\x74\x65\x64\
\0\x72\x5f\x75\x6e\x73\x61\x66\x65\x5f\x64\x69\x72\0\x72\x5f\x75\x6e\x73\x61\
\x66\x65\x5f\x64\x69\x72\x5f\x69\x74\x65\x6d\0\x72\x5f\x75\x6e\x73\x61\x66\x65\
\x5f\x74\x61\x72\x67\x65\x74\x5f\x69\x74\x65\x6d\0\x72\x5f\x73\x65\x73\x73\x69\
\x6f\x6e\0\x72\x5f\x6e\x75\x6d\x5f\x66\x77\x64\0\x72\x5f\x72\x65\x73\x65\x6e\
\x64\x5f\x6d\x64\x73\0\x72\x5f\x73\x65\x6e\x74\x5f\x6f\x6e\x5f\x6d\x73\x65\x71\
\0\x72\x5f\x64\x65\x6c\x65\x67\x5f\x69\x6e\x6f\0\x72\x5f\x77\x61\x69\x74\0\x72\
\x5f\x73\x61\x66\x65\x5f\x63\x6f\x6d\x70\x6c\x65\x74\x69\x6f\x6e\0\x72\x5f\x75\
\x6e\x73\x61\x66\x65\x5f\x69\x74\x65\x6d\0\x72\x5f\x64\x69\x72\x5f\x72\x65\x6c\
\x65\x61\x73\x65\x5f\x63\x6e\x74\0\x72\x5f\x64\x69\x72\x5f\x6f\x72\x64\x65\x72\
\x65\x64\x5f\x63\x6e\x74\0\x72\x5f\x72\x65\x61\x64\x64\x69\x72\x5f\x63\x61\x63\
\x68\x65\x5f\x69\x64\x78\0\x72\x5f\x66\x65\x61\x74\x75\x72\x65\x5f\x6e\x65\x65\
\x64\x65\x64\0\x72\x5f\x63\x61\x70\x73\x5f\x72\x65\x73\x65\x72\x76\x61\x74\x69\
\x6f\x6e\0\x63\x65\x70\x68\x5f\x76\x69\x6e\x6f\0\x69\x6e\x6f\0\x73\x6e\x61\x70\
\0\x63\x65\x70\x68\x5f\x6d\x64\x73\x5f\x72\x65\x71\x75\x65\x73\x74\x5f\x61\x72\
\x67\x73\0\x67\x65\x74\x61\x74\x74\x72\0\x73\x65\x74\x61\x74\x74\x72\0\x72\x65\
\x61\x64\x64\x69\x72\0\x6d\x6b\x6e\x6f\x64\0\x6d\x6b\x64\x69\x72\0\x6f\x70\x65\
\x6e\0\x73\x65\x74\x78\x61\x74\x74\x72\0\x73\x65\x74\x6c\x61\x79\x6f\x75\x74\0\
\x66\x69\x6c\x65\x6c\x6f\x63\x6b\x5f\x63\x68\x61\x6e\x67\x65\0\x6c\x6f\x6f\x6b\
\x75\x70\x69\x6e\x6f\0\x6d\x61\x73\x6b\0\x6d\x6f\x64\x65\0\x75\x69\x64\0\x67\
\x69\x64\0\x6d\x74\x69\x6d\x65\0\x61\x74\x69\x6d\x65\0\x6f\x6c\x64\x5f\x73\x69\
\x7a\x65\0\x66\x72\x61\x67\0\x6d\x61\x78\x5f\x62\x79\x74\x65\x73\0\x6f\x66\x66\
\x73\x65\x74\x5f\x68\x61\x73\x68\0\x72\x64\x65\x76\0\x73\x74\x72\x69\x70\x65\
\x5f\x75\x6e\x69\x74\0\x73\x74\x72\x69\x70\x65\x5f\x63\x6f\x75\x6e\x74\0\x6f\
\x62\x6a\x65\x63\x74\x5f\x73\x69\x7a\x65\0\x6f\x73\x64\x6d\x61\x70\x5f\x65\x70\
\x6f\x63\x68\0\x6c\x61\x79\x6f\x75\x74\0\x63\x65\x70\x68\x5f\x66\x69\x6c\x65\
\x5f\x6c\x61\x79\x6f\x75\x74\x5f\x6c\x65\x67\x61\x63\x79\0\x66\x6c\x5f\x73\x74\
\x72\x69\x70\x65\x5f\x75\x6e\x69\x74\0\x66\x6c\x5f\x73\x74\x72\x69\x70\x65\x5f\
\x63\x6f\x75\x6e\x74\0\x66\x6c\x5f\x6f\x62\x6a\x65\x63\x74\x5f\x73\x69\x7a\x65\
\0\x66\x6c\x5f\x63\x61\x73\x5f\x68\x61\x73\x68\0\x66\x6c\x5f\x6f\x62\x6a\x65\
\x63\x74\x5f\x73\x74\x72\x69\x70\x65\x5f\x75\x6e\x69\x74\0\x66\x6c\x5f\x75\x6e\
\x75\x73\x65\x64\0\x66\x6c\x5f\x70\x67\x5f\x70\x6f\x6f\x6c\0\x72\x75\x6c\x65\0\
\x70\x61\x72\x65\x6e\x74\0\x68\x61\x73\x68\0\x63\x65\x70\x68\x5f\x6d\x64\x73\
\x5f\x72\x65\x70\x6c\x79\x5f\x69\x6e\x66\x6f\x5f\x70\x61\x72\x73\x65\x64\0\x64\
\x69\x72\x69\0\x74\x61\x72\x67\x65\x74\x69\0\x64\x69\x72\x66\x72\x61\x67\0\x64\
\x6e\x61\x6d\x65\0\x61\x6c\x74\x6e\x61\x6d\x65\0\x64\x6e\x61\x6d\x65\x5f\x6c\
\x65\x6e\0\x61\x6c\x74\x6e\x61\x6d\x65\x5f\x6c\x65\x6e\0\x64\x6c\x65\x61\x73\
\x65\0\x78\x61\x74\x74\x72\x5f\x69\x6e\x66\x6f\0\x73\x6e\x61\x70\x62\x6c\x6f\
\x62\0\x73\x6e\x61\x70\x62\x6c\x6f\x62\x5f\x6c\x65\x6e\0\x63\x65\x70\x68\x5f\
\x6d\x64\x73\x5f\x72\x65\x70\x6c\x79\x5f\x69\x6e\x66\x6f\x5f\x69\x6e\0\x69\x6e\
\0\x64\x69\x72\x5f\x6c\x61\x79\x6f\x75\x74\0\x73\x79\x6d\x6c\x69\x6e\x6b\x5f\
\x6c\x65\x6e\0\x73\x79\x6d\x6c\x69\x6e\x6b\0\x78\x61\x74\x74\x72\x5f\x6c\x65\
\x6e\0\x78\x61\x74\x74\x72\x5f\x64\x61\x74\x61\0\x69\x6e\x6c\x69\x6e\x65\x5f\
\x76\x65\x72\x73\x69\x6f\x6e\0\x69\x6e\x6c\x69\x6e\x65\x5f\x6c\x65\x6e\0\x69\
\x6e\x6c\x69\x6e\x65\x5f\x64\x61\x74\x61\0\x70\x6f\x6f\x6c\x5f\x6e\x73\x5f\x6c\
\x65\x6e\0\x70\x6f\x6f\x6c\x5f\x6e\x73\x5f\x64\x61\x74\x61\0\x6d\x61\x78\x5f\
\x66\x69\x6c\x65\x73\0\x64\x69\x72\x5f\x70\x69\x6e\0\x62\x74\x69\x6d\x65\0\x73\
\x6e\x61\x70\x5f\x62\x74\x69\x6d\x65\0\x66\x73\x63\x72\x79\x70\x74\x5f\x61\x75\
\x74\x68\0\x66\x73\x63\x72\x79\x70\x74\x5f\x66\x69\x6c\x65\0\x66\x73\x63\x72\
\x79\x70\x74\x5f\x61\x75\x74\x68\x5f\x6c\x65\x6e\0\x66\x73\x63\x72\x79\x70\x74\
\x5f\x66\x69\x6c\x65\x5f\x6c\x65\x6e\0\x72\x73\x6e\x61\x70\x73\0\x63\x68\x61\
\x6e\x67\x65\x5f\x61\x74\x74\x72\0\x63\x65\x70\x68\x5f\x64\x69\x72\x5f\x6c\x61\
\x79\x6f\x75\x74\0\x64\x6c\x5f\x64\x69\x72\x5f\x68\x61\x73\x68\0\x64\x6c\x5f\
\x75\x6e\x75\x73\x65\x64\x31\0\x64\x6c\x5f\x75\x6e\x75\x73\x65\x64\x32\0\x64\
\x6c\x5f\x75\x6e\x75\x73\x65\x64\x33\0\x63\x65\x70\x68\x5f\x6d\x64\x73\x5f\x72\
\x65\x70\x6c\x79\x5f\x78\x61\x74\x74\x72\0\x78\x61\x74\x74\x72\x5f\x76\x61\x6c\
\x75\x65\0\x78\x61\x74\x74\x72\x5f\x76\x61\x6c\x75\x65\x5f\x6c\x65\x6e\0\x66\
\x69\x6c\x65\x6c\x6f\x63\x6b\x5f\x72\x65\x70\x6c\x79\0\x64\x69\x72\x5f\x64\x69\
\x72\0\x64\x69\x72\x5f\x62\x75\x66\x5f\x73\x69\x7a\x65\0\x64\x69\x72\x5f\x6e\
\x72\0\x64\x69\x72\x5f\x65\x6e\x64\0\x64\x69\x72\x5f\x63\x6f\x6d\x70\x6c\x65\
\x74\x65\0\x68\x61\x73\x68\x5f\x6f\x72\x64\x65\x72\0\x64\x69\x72\x5f\x65\x6e\
\x74\x72\x69\x65\x73\0\x68\x61\x73\x5f\x63\x72\x65\x61\x74\x65\x5f\x69\x6e\x6f\
\0\x63\x65\x70\x68\x5f\x6d\x64\x73\x5f\x72\x65\x71\x75\x65\x73\x74\x5f\x63\x61\
\x6c\x6c\x62\x61\x63\x6b\x5f\x74\0\x63\x65\x70\x68\x5f\x6d\x64\x73\x5f\x63\x6c\
\x69\x65\x6e\x74\0\x66\x73\x63\0\x6d\x64\x73\x6d\x61\x70\0\x73\x61\x66\x65\x5f\
\x75\x6d\x6f\x75\x6e\x74\x5f\x77\x61\x69\x74\x65\x72\x73\0\x73\x65\x73\x73\x69\
\x6f\x6e\x5f\x63\x6c\x6f\x73\x65\x5f\x77\x71\0\x77\x61\x69\x74\x69\x6e\x67\x5f\
\x66\x6f\x72\x5f\x6d\x61\x70\0\x6d\x64\x73\x6d\x61\x70\x5f\x65\x72\x72\0\x73\
\x65\x73\x73\x69\x6f\x6e\x73\0\x6e\x75\x6d\x5f\x73\x65\x73\x73\x69\x6f\x6e\x73\
\0\x6d\x61\x78\x5f\x73\x65\x73\x73\x69\x6f\x6e\x73\0\x73\x74\x6f\x70\x70\x69\
\x6e\x67\x5f\x6c\x6f\x63\x6b\0\x73\x74\x6f\x70\x70\x69\x6e\x67\x5f\x62\x6c\x6f\
\x63\x6b\x65\x72\x73\0\x73\x74\x6f\x70\x70\x69\x6e\x67\x5f\x77\x61\x69\x74\x65\
\x72\0\x64\x69\x72\x74\x79\x5f\x66\x6f\x6c\x69\x6f\x73\0\x66\x6c\x75\x73\x68\
\x5f\x65\x6e\x64\x5f\x77\x71\0\x71\x75\x6f\x74\x61\x72\x65\x61\x6c\x6d\x73\x5f\
\x63\x6f\x75\x6e\x74\0\x71\x75\x6f\x74\x61\x72\x65\x61\x6c\x6d\x73\x5f\x69\x6e\
\x6f\x64\x65\x73\0\x71\x75\x6f\x74\x61\x72\x65\x61\x6c\x6d\x73\x5f\x69\x6e\x6f\
\x64\x65\x73\x5f\x6d\x75\x74\x65\x78\0\x6c\x61\x73\x74\x5f\x73\x6e\x61\x70\x5f\
\x73\x65\x71\0\x73\x6e\x61\x70\x5f\x72\x77\x73\x65\x6d\0\x73\x6e\x61\x70\x5f\
\x72\x65\x61\x6c\x6d\x73\0\x73\x6e\x61\x70\x5f\x65\x6d\x70\x74\x79\0\x6e\x75\
\x6d\x5f\x73\x6e\x61\x70\x5f\x72\x65\x61\x6c\x6d\x73\0\x73\x6e\x61\x70\x5f\x65\
\x6d\x70\x74\x79\x5f\x6c\x6f\x63\x6b\0\x6f\x6c\x64\x65\x73\x74\x5f\x74\x69\x64\
\0\x72\x65\x71\x75\x65\x73\x74\x5f\x74\x72\x65\x65\0\x6c\x61\x73\x74\x5f\x72\
\x65\x6e\x65\x77\x5f\x63\x61\x70\x73\0\x63\x61\x70\x5f\x64\x65\x6c\x61\x79\x5f\
\x6c\x69\x73\x74\0\x63\x61\x70\x5f\x75\x6e\x6c\x69\x6e\x6b\x5f\x64\x65\x6c\x61\
\x79\x5f\x6c\x69\x73\x74\0\x63\x61\x70\x5f\x64\x65\x6c\x61\x79\x5f\x6c\x6f\x63\
\x6b\0\x73\x6e\x61\x70\x5f\x66\x6c\x75\x73\x68\x5f\x6c\x69\x73\x74\0\x73\x6e\
\x61\x70\x5f\x66\x6c\x75\x73\x68\x5f\x6c\x6f\x63\x6b\0\x6c\x61\x73\x74\x5f\x63\
\x61\x70\x5f\x66\x6c\x75\x73\x68\x5f\x74\x69\x64\0\x63\x61\x70\x5f\x66\x6c\x75\
\x73\x68\x5f\x6c\x69\x73\x74\0\x63\x61\x70\x5f\x64\x69\x72\x74\x79\x5f\x6d\x69\
\x67\x72\x61\x74\x69\x6e\x67\0\x6e\x75\x6d\x5f\x63\x61\x70\x5f\x66\x6c\x75\x73\
\x68\x69\x6e\x67\0\x63\x61\x70\x5f\x64\x69\x72\x74\x79\x5f\x6c\x6f\x63\x6b\0\
\x63\x61\x70\x5f\x66\x6c\x75\x73\x68\x69\x6e\x67\x5f\x77\x71\0\x63\x61\x70\x5f\
\x72\x65\x63\x6c\x61\x69\x6d\x5f\x77\x6f\x72\x6b\0\x63\x61\x70\x5f\x72\x65\x63\
\x6c\x61\x69\x6d\x5f\x70\x65\x6e\x64\x69\x6e\x67\0\x63\x61\x70\x5f\x75\x6e\x6c\
\x69\x6e\x6b\x5f\x77\x6f\x72\x6b\0\x63\x61\x70\x73\x5f\x6c\x69\x73\x74\x5f\x6c\
\x6f\x63\x6b\0\x63\x61\x70\x73\x5f\x6c\x69\x73\x74\0\x63\x61\x70\x5f\x77\x61\
\x69\x74\x5f\x6c\x69\x73\x74\0\x63\x61\x70\x73\x5f\x74\x6f\x74\x61\x6c\x5f\x63\
\x6f\x75\x6e\x74\0\x63\x61\x70\x73\x5f\x75\x73\x65\x5f\x63\x6f\x75\x6e\x74\0\
\x63\x61\x70\x73\x5f\x75\x73\x65\x5f\x6d\x61\x78\0\x63\x61\x70\x73\x5f\x72\x65\
\x73\x65\x72\x76\x65\x5f\x63\x6f\x75\x6e\x74\0\x63\x61\x70\x73\x5f\x61\x76\x61\
\x69\x6c\x5f\x63\x6f\x75\x6e\x74\0\x63\x61\x70\x73\x5f\x6d\x69\x6e\x5f\x63\x6f\
\x75\x6e\x74\0\x64\x65\x6e\x74\x72\x79\x5f\x6c\x69\x73\x74\x5f\x6c\x6f\x63\x6b\
\0\x64\x65\x6e\x74\x72\x79\x5f\x6c\x65\x61\x73\x65\x73\0\x64\x65\x6e\x74\x72\
\x79\x5f\x64\x69\x72\x5f\x6c\x65\x61\x73\x65\x73\0\x6d\x65\x74\x72\x69\x63\0\
\x73\x6e\x61\x70\x69\x64\x5f\x6d\x61\x70\x5f\x6c\x6f\x63\x6b\0\x73\x6e\x61\x70\
\x69\x64\x5f\x6d\x61\x70\x5f\x74\x72\x65\x65\0\x73\x6e\x61\x70\x69\x64\x5f\x6d\
\x61\x70\x5f\x6c\x72\x75\0\x70\x6f\x6f\x6c\x5f\x70\x65\x72\x6d\x5f\x72\x77\x73\
\x65\x6d\0\x70\x6f\x6f\x6c\x5f\x70\x65\x72\x6d\x5f\x74\x72\x65\x65\0\x73\x5f\
\x63\x61\x70\x5f\x61\x75\x74\x68\x73\x5f\x6e\x75\x6d\0\x73\x5f\x63\x61\x70\x5f\
\x61\x75\x74\x68\x73\0\x6e\x6f\x64\x65\x6e\x61\x6d\x65\0\x63\x65\x70\x68\x5f\
\x63\x6c\x69\x65\x6e\x74\x5f\x6d\x65\x74\x72\x69\x63\0\x74\x6f\x74\x61\x6c\x5f\
\x64\x65\x6e\x74\x72\x69\x65\x73\0\x64\x5f\x6c\x65\x61\x73\x65\x5f\x68\x69\x74\
\0\x64\x5f\x6c\x65\x61\x73\x65\x5f\x6d\x69\x73\0\x74\x6f\x74\x61\x6c\x5f\x63\
\x61\x70\x73\0\x69\x5f\x63\x61\x70\x73\x5f\x68\x69\x74\0\x69\x5f\x63\x61\x70\
\x73\x5f\x6d\x69\x73\0\x6f\x70\x65\x6e\x65\x64\x5f\x66\x69\x6c\x65\x73\0\x6f\
\x70\x65\x6e\x65\x64\x5f\x69\x6e\x6f\x64\x65\x73\0\x74\x6f\x74\x61\x6c\x5f\x69\
\x6e\x6f\x64\x65\x73\0\x73\x65\x73\x73\x69\x6f\x6e\0\x70\x65\x72\x63\x70\x75\
\x5f\x63\x6f\x75\x6e\x74\x65\x72\0\x6c\x69\x73\x74\0\x63\x6f\x75\x6e\x74\x65\
\x72\x73\0\x63\x65\x70\x68\x5f\x6d\x65\x74\x72\x69\x63\0\x74\x6f\x74\x61\x6c\0\
\x73\x69\x7a\x65\x5f\x73\x75\x6d\0\x73\x69\x7a\x65\x5f\x6d\x69\x6e\0\x73\x69\
\x7a\x65\x5f\x6d\x61\x78\0\x6c\x61\x74\x65\x6e\x63\x79\x5f\x73\x75\x6d\0\x6c\
\x61\x74\x65\x6e\x63\x79\x5f\x61\x76\x67\0\x6c\x61\x74\x65\x6e\x63\x79\x5f\x73\
\x71\x5f\x73\x75\x6d\0\x6c\x61\x74\x65\x6e\x63\x79\x5f\x6d\x69\x6e\0\x6c\x61\
\x74\x65\x6e\x63\x79\x5f\x6d\x61\x78\0\x63\x65\x70\x68\x5f\x63\x61\x70\x5f\x72\
\x65\x73\x65\x72\x76\x61\x74\x69\x6f\x6e\0\x75\x73\x65\x64\0\x63\x65\x70\x68\
\x5f\x6d\x64\x73\x5f\x73\x65\x73\x73\x69\x6f\x6e\0\x73\x5f\x6d\x64\x73\x63\0\
\x73\x5f\x6d\x64\x73\0\x73\x5f\x73\x74\x61\x74\x65\0\x73\x5f\x74\x74\x6c\0\x73\
\x5f\x66\x65\x61\x74\x75\x72\x65\x73\0\x73\x5f\x73\x65\x71\0\x73\x5f\x6d\x75\
\x74\x65\x78\0\x73\x5f\x63\x6f\x6e\0\x73\x5f\x61\x75\x74\x68\0\x73\x5f\x63\x61\
\x70\x5f\x67\x65\x6e\0\x73\x5f\x63\x61\x70\x5f\x74\x74\x6c\0\x73\x5f\x63\x61\
\x70\x5f\x6c\x6f\x63\x6b\0\x73\x5f\x72\x65\x66\0\x73\x5f\x63\x61\x70\x73\0\x73\
\x5f\x63\x61\x70\x5f\x69\x74\x65\x72\x61\x74\x6f\x72\0\x73\x5f\x6e\x72\x5f\x63\
\x61\x70\x73\0\x73\x5f\x6e\x75\x6d\x5f\x63\x61\x70\x5f\x72\x65\x6c\x65\x61\x73\
\x65\x73\0\x73\x5f\x63\x61\x70\x5f\x72\x65\x63\x6f\x6e\x6e\x65\x63\x74\0\x73\
\x5f\x72\x65\x61\x64\x6f\x6e\x6c\x79\0\x73\x5f\x63\x61\x70\x5f\x72\x65\x6c\x65\
\x61\x73\x65\x73\0\x73\x5f\x63\x61\x70\x5f\x72\x65\x6c\x65\x61\x73\x65\x5f\x77\
\x6f\x72\x6b\0\x73\x5f\x63\x61\x70\x5f\x64\x69\x72\x74\x79\0\x73\x5f\x63\x61\
\x70\x5f\x66\x6c\x75\x73\x68\x69\x6e\x67\0\x73\x5f\x72\x65\x6e\x65\x77\x5f\x72\
\x65\x71\x75\x65\x73\x74\x65\x64\0\x73\x5f\x72\x65\x6e\x65\x77\x5f\x73\x65\x71\
\0\x73\x5f\x77\x61\x69\x74\x69\x6e\x67\0\x73\x5f\x75\x6e\x73\x61\x66\x65\0\x73\
\x5f\x64\x65\x6c\x65\x67\x61\x74\x65\x64\x5f\x69\x6e\x6f\x73\0\x78\x61\x5f\x6c\
\x6f\x63\x6b\0\x78\x61\x5f\x66\x6c\x61\x67\x73\0\x78\x61\x5f\x68\x65\x61\x64\0\
\x63\x65\x70\x68\x5f\x66\x73\x5f\x63\x6c\x69\x65\x6e\x74\0\x73\x62\0\x6d\x65\
\x74\x72\x69\x63\x5f\x77\x61\x6b\x65\x75\x70\0\x6d\x6f\x75\x6e\x74\x5f\x6f\x70\
\x74\x69\x6f\x6e\x73\0\x6d\x6f\x75\x6e\x74\x5f\x73\x74\x61\x74\x65\0\x62\x6c\
\x6f\x63\x6b\x6c\x69\x73\x74\x65\x64\0\x68\x61\x76\x65\x5f\x63\x6f\x70\x79\x5f\
\x66\x72\x6f\x6d\x32\0\x66\x69\x6c\x70\x5f\x67\x65\x6e\0\x6d\x61\x78\x5f\x66\
\x69\x6c\x65\x5f\x73\x69\x7a\x65\0\x6d\x64\x73\x63\0\x77\x72\x69\x74\x65\x62\
\x61\x63\x6b\x5f\x63\x6f\x75\x6e\x74\0\x77\x72\x69\x74\x65\x5f\x63\x6f\x6e\x67\
\x65\x73\x74\x65\x64\0\x69\x6e\x6f\x64\x65\x5f\x77\x71\0\x63\x61\x70\x5f\x77\
\x71\0\x61\x73\x79\x6e\x63\x5f\x75\x6e\x6c\x69\x6e\x6b\x5f\x63\x6f\x6e\x66\x6c\
\x69\x63\x74\0\x61\x73\x79\x6e\x63\x5f\x75\x6e\x6c\x69\x6e\x6b\x5f\x63\x6f\x6e\
\x66\x6c\x69\x63\x74\x5f\x6c\x6f\x63\x6b\0\x64\x65\x62\x75\x67\x66\x73\x5f\x64\
\x65\x6e\x74\x72\x79\x5f\x6c\x72\x75\0\x64\x65\x62\x75\x67\x66\x73\x5f\x63\x61\
\x70\x73\0\x64\x65\x62\x75\x67\x66\x73\x5f\x63\x6f\x6e\x67\x65\x73\x74\x69\x6f\
\x6e\x5f\x6b\x62\0\x64\x65\x62\x75\x67\x66\x73\x5f\x62\x64\x69\0\x64\x65\x62\
\x75\x67\x66\x73\x5f\x6d\x64\x73\x63\0\x64\x65\x62\x75\x67\x66\x73\x5f\x6d\x64\
\x73\x6d\x61\x70\0\x64\x65\x62\x75\x67\x66\x73\x5f\x73\x74\x61\x74\x75\x73\0\
\x64\x65\x62\x75\x67\x66\x73\x5f\x6d\x64\x73\x5f\x73\x65\x73\x73\x69\x6f\x6e\
\x73\0\x64\x65\x62\x75\x67\x66\x73\x5f\x6d\x65\x74\x72\x69\x63\x73\x5f\x64\x69\
\x72\0\x66\x73\x63\x61\x63\x68\x65\0\x66\x73\x63\x5f\x64\x75\x6d\x6d\x79\x5f\
\x65\x6e\x63\x5f\x70\x6f\x6c\x69\x63\x79\0\x68\x6c\x69\x73\x74\x5f\x68\x65\x61\
\x64\0\x66\x69\x72\x73\x74\0\x66\x73\x63\x72\x79\x70\x74\x5f\x64\x75\x6d\x6d\
\x79\x5f\x70\x6f\x6c\x69\x63\x79\0\x70\x6f\x6c\x69\x63\x79\0\x64\x65\x6e\x74\
\x72\x79\0\x64\x5f\x66\x6c\x61\x67\x73\0\x64\x5f\x73\x65\x71\0\x64\x5f\x68\x61\
\x73\x68\0\x64\x5f\x70\x61\x72\x65\x6e\x74\0\x64\x5f\x6e\x61\x6d\x65\0\x64\x5f\
\x69\x6e\x6f\x64\x65\0\x64\x5f\x73\x68\x6f\x72\x74\x6e\x61\x6d\x65\0\x64\x5f\
\x6f\x70\0\x64\x5f\x73\x62\0\x64\x5f\x74\x69\x6d\x65\0\x64\x5f\x66\x73\x64\x61\
\x74\x61\0\x64\x5f\x6c\x6f\x63\x6b\x72\x65\x66\0\x64\x5f\x73\x69\x62\0\x64\x5f\
\x63\x68\x69\x6c\x64\x72\x65\x6e\0\x64\x5f\x75\0\x73\x65\x71\x63\x6f\x75\x6e\
\x74\x5f\x73\x70\x69\x6e\x6c\x6f\x63\x6b\x5f\x74\0\x73\x65\x71\x63\x6f\x75\x6e\
\x74\x5f\x73\x70\x69\x6e\x6c\x6f\x63\x6b\0\x73\x65\x71\x63\x6f\x75\x6e\x74\0\
\x73\x65\x71\x63\x6f\x75\x6e\x74\x5f\x74\0\x73\x65\x71\x75\x65\x6e\x63\x65\0\
\x68\x6c\x69\x73\x74\x5f\x62\x6c\x5f\x6e\x6f\x64\x65\0\x71\x73\x74\x72\0\x68\
\x61\x73\x68\x5f\x6c\x65\x6e\0\x6c\x65\x6e\0\x73\x68\x6f\x72\x74\x6e\x61\x6d\
\x65\x5f\x73\x74\x6f\x72\x65\0\x73\x74\x72\x69\x6e\x67\0\x77\x6f\x72\x64\x73\0\
\x6c\x6f\x63\x6b\x72\x65\x66\0\x6c\x6f\x63\x6b\x5f\x63\x6f\x75\x6e\x74\0\x64\
\x5f\x6c\x72\x75\0\x64\x5f\x77\x61\x69\x74\0\x64\x5f\x61\x6c\x69\x61\x73\0\x64\
\x5f\x69\x6e\x5f\x6c\x6f\x6f\x6b\x75\x70\x5f\x68\x61\x73\x68\0\x64\x5f\x72\x63\
\x75\0\x63\x61\x6c\x6c\x62\x61\x63\x6b\x5f\x68\x65\x61\x64\0\x74\x72\x61\x63\
\x65\x5f\x6d\x64\x73\x5f\x64\x69\x73\x70\x61\x74\x63\x68\0\x63\x65\x70\x68\x5f\
\x6d\x64\x73\x5f\x72\x65\x70\x6c\x79\x5f\x68\x65\x61\x64\0\x6d\x64\x73\x6d\x61\
\x70\x5f\x65\x70\x6f\x63\x68\0\x73\x61\x66\x65\0\x69\x73\x5f\x64\x65\x6e\x74\
\x72\x79\0\x69\x73\x5f\x74\x61\x72\x67\x65\x74\0\x4c\x49\x43\x45\x4e\x53\x45\0\
\x74\x72\x61\x63\x65\x5f\x73\x65\x6e\x64\x5f\x72\x65\x71\x75\x65\x73\x74\x2e\
\x5f\x5f\x5f\x5f\x66\x6d\x74\0\x74\x72\x61\x63\x65\x5f\x73\x65\x6e\x64\x5f\x72\
\x65\x71\x75\x65\x73\x74\x2e\x5f\x5f\x5f\x5f\x66\x6d\x74\x2e\x31\0\x74\x72\x61\
\x63\x65\x5f\x73\x65\x6e\x64\x5f\x72\x65\x71\x75\x65\x73\x74\x2e\x5f\x5f\x5f\
\x5f\x66\x6d\x74\x2e\x32\0\x74\x72\x61\x63\x65\x5f\x73\x65\x6e\x64\x5f\x72\x65\
\x71\x75\x65\x73\x74\x2e\x5f\x5f\x5f\x5f\x66\x6d\x74\x2e\x33\0\x74\x72\x61\x63\
\x65\x5f\x73\x65\x6e\x64\x5f\x72\x65\x71\x75\x65\x73\x74\x2e\x5f\x5f\x5f\x5f\
\x66\x6d\x74\x2e\x34\0\x74\x72\x61\x63\x65\x5f\x73\x65\x6e\x64\x5f\x72\x65\x71\
\x75\x65\x73\x74\x2e\x5f\x5f\x5f\x5f\x66\x6d\x74\x2e\x35\0\x74\x72\x61\x63\x65\
\x5f\x73\x65\x6e\x64\x5f\x72\x65\x71\x75\x65\x73\x74\x2e\x5f\x5f\x5f\x5f\x66\
\x6d\x74\x2e\x36\0\x74\x72\x61\x63\x65\x5f\x73\x65\x6e\x64\x5f\x72\x65\x71\x75\
\x65\x73\x74\x2e\x5f\x5f\x5f\x5f\x66\x6d\x74\x2e\x37\0\x74\x72\x61\x63\x65\x5f\
\x73\x65\x6e\x64\x5f\x72\x65\x71\x75\x65\x73\x74\x2e\x5f\x5f\x5f\x5f\x66\x6d\
\x74\x2e\x38\0\x74\x72\x61\x63\x65\x5f\x6f\x73\x64\x5f\x64\x69\x73\x70\x61\x74\
\x63\x68\x2e\x5f\x5f\x5f\x5f\x66\x6d\x74\0\x74\x72\x61\x63\x65\x5f\x6f\x73\x64\
\x5f\x64\x69\x73\x70\x61\x74\x63\x68\x2e\x5f\x5f\x5f\x5f\x66\x6d\x74\x2e\x39\0\
\x74\x72\x61\x63\x65\x5f\x6f\x73\x64\x5f\x64\x69\x73\x70\x61\x74\x63\x68\x2e\
\x5f\x5f\x5f\x5f\x66\x6d\x74\x2e\x31\x30\0\x74\x72\x61\x63\x65\x5f\x6f\x73\x64\
\x5f\x64\x69\x73\x70\x61\x74\x63\x68\x2e\x5f\x5f\x5f\x5f\x66\x6d\x74\x2e\x31\
\x31\0\x74\x72\x61\x63\x65\x5f\x6f\x73\x64\x5f\x64\x69\x73\x70\x61\x74\x63\x68\
\x2e\x5f\x5f\x5f\x5f\x66\x6d\x74\x2e\x31\x32\0\x74\x72\x61\x63\x65\x5f\x6f\x73\
\x64\x5f\x64\x69\x73\x70\x61\x74\x63\x68\x2e\x5f\x5f\x5f\x5f\x66\x6d\x74\x2e\
\x31\x33\0\x74\x72\x61\x63\x65\x5f\x70\x72\x65\x70\x61\x72\x65\x5f\x73\x65\x6e\
\x64\x5f\x72\x65\x71\x75\x65\x73\x74\x2e\x5f\x5f\x5f\x5f\x66\x6d\x74\0\x74\x72\
\x61\x63\x65\x5f\x70\x72\x65\x70\x61\x72\x65\x5f\x73\x65\x6e\x64\x5f\x72\x65\
\x71\x75\x65\x73\x74\x2e\x5f\x5f\x5f\x5f\x66\x6d\x74\x2e\x31\x34\0\x74\x72\x61\
\x63\x65\x5f\x70\x72\x65\x70\x61\x72\x65\x5f\x73\x65\x6e\x64\x5f\x72\x65\x71\
\x75\x65\x73\x74\x2e\x5f\x5f\x5f\x5f\x66\x6d\x74\x2e\x31\x35\0\x74\x72\x61\x63\
\x65\x5f\x70\x72\x65\x70\x61\x72\x65\x5f\x73\x65\x6e\x64\x5f\x72\x65\x71\x75\
\x65\x73\x74\x2e\x5f\x5f\x5f\x5f\x66\x6d\x74\x2e\x31\x36\0\x74\x72\x61\x63\x65\
\x5f\x70\x72\x65\x70\x61\x72\x65\x5f\x73\x65\x6e\x64\x5f\x72\x65\x71\x75\x65\
\x73\x74\x2e\x5f\x5f\x5f\x5f\x66\x6d\x74\x2e\x31\x37\0\x74\x72\x61\x63\x65\x5f\
\x70\x72\x65\x70\x61\x72\x65\x5f\x73\x65\x6e\x64\x5f\x72\x65\x71\x75\x65\x73\
\x74\x2e\x5f\x5f\x5f\x5f\x66\x6d\x74\x2e\x31\x38\0\x74\x72\x61\x63\x65\x5f\x70\
\x72\x65\x70\x61\x72\x65\x5f\x73\x65\x6e\x64\x5f\x72\x65\x71\x75\x65\x73\x74\
\x2e\x5f\x5f\x5f\x5f\x66\x6d\x74\x2e\x31\x39\0\x74\x72\x61\x63\x65\x5f\x70\x72\
\x65\x70\x61\x72\x65\x5f\x73\x65\x6e\x64\x5f\x72\x65\x71\x75\x65\x73\x74\x2e\
\x5f\x5f\x5f\x5f\x66\x6d\x74\x2e\x32\x30\0\x74\x72\x61\x63\x65\x5f\x70\x72\x65\
\x70\x61\x72\x65\x5f\x73\x65\x6e\x64\x5f\x72\x65\x71\x75\x65\x73\x74\x2e\x5f\
\x5f\x5f\x5f\x66\x6d\x74\x2e\x32\x31\0\x74\x72\x61\x63\x65\x5f\x70\x72\x65\x70\
\x61\x72\x65\x5f\x73\x65\x6e\x64\x5f\x72\x65\x71\x75\x65\x73\x74\x2e\x5f\x5f\
\x5f\x5f\x66\x6d\x74\x2e\x32\x32\0\x74\x72\x61\x63\x65\x5f\x70\x72\x65\x70\x61\
\x72\x65\x5f\x73\x65\x6e\x64\x5f\x72\x65\x71\x75\x65\x73\x74\x2e\x5f\x5f\x5f\
\x5f\x66\x6d\x74\x2e\x32\x33\0\x74\x72\x61\x63\x65\x5f\x70\x72\x65\x70\x61\x72\
\x65\x5f\x73\x65\x6e\x64\x5f\x72\x65\x71\x75\x65\x73\x74\x2e\x5f\x5f\x5f\x5f\
\x66\x6d\x74\x2e\x32\x34\0\x74\x72\x61\x63\x65\x5f\x6d\x64\x73\x5f\x64\x69\x73\
\x70\x61\x74\x63\x68\x2e\x5f\x5f\x5f\x5f\x66\x6d\x74\0\x74\x72\x61\x63\x65\x5f\
\x6d\x64\x73\x5f\x64\x69\x73\x70\x61\x74\x63\x68\x2e\x5f\x5f\x5f\x5f\x66\x6d\
\x74\x2e\x32\x35\0\x74\x72\x61\x63\x65\x5f\x6d\x64\x73\x5f\x64\x69\x73\x70\x61\
\x74\x63\x68\x2e\x5f\x5f\x5f\x5f\x66\x6d\x74\x2e\x32\x36\0\x74\x72\x61\x63\x65\
\x5f\x6d\x64\x73\x5f\x64\x69\x73\x70\x61\x74\x63\x68\x2e\x5f\x5f\x5f\x5f\x66\
\x6d\x74\x2e\x32\x37\0\x74\x72\x61\x63\x65\x5f\x6d\x64\x73\x5f\x64\x69\x73\x70\
\x61\x74\x63\x68\x2e\x5f\x5f\x5f\x5f\x66\x6d\x74\x2e\x32\x38\0\x74\x72\x61\x63\
\x65\x5f\x6d\x64\x73\x5f\x64\x69\x73\x70\x61\x74\x63\x68\x2e\x5f\x5f\x5f\x5f\
\x66\x6d\x74\x2e\x32\x39\0\x74\x72\x61\x63\x65\x5f\x6d\x64\x73\x5f\x64\x69\x73\
\x70\x61\x74\x63\x68\x2e\x5f\x5f\x5f\x5f\x66\x6d\x74\x2e\x33\x30\0\x74\x72\x61\
\x63\x65\x5f\x6d\x64\x73\x5f\x64\x69\x73\x70\x61\x74\x63\x68\x2e\x5f\x5f\x5f\
\x5f\x66\x6d\x74\x2e\x33\x31\0\x63\x65\x70\x68\x5f\x6f\x70\x74\x69\x6f\x6e\x73\
\0\x63\x65\x70\x68\x5f\x62\x75\x66\x66\x65\x72\0\x64\x65\x6e\x74\x72\x79\x5f\
\x6f\x70\x65\x72\x61\x74\x69\x6f\x6e\x73\0\x69\x6e\x6f\x64\x65\0\x63\x65\x70\
\x68\x5f\x6d\x73\x67\x5f\x64\x61\x74\x61\0\x73\x75\x70\x65\x72\x5f\x62\x6c\x6f\
\x63\x6b\0\x77\x6f\x72\x6b\x71\x75\x65\x75\x65\x5f\x73\x74\x72\x75\x63\x74\0\
\x63\x72\x65\x64\0\x66\x6f\x6c\x69\x6f\x5f\x71\x75\x65\x75\x65\0\x63\x72\x79\
\x70\x74\x6f\x5f\x61\x65\x61\x64\0\x63\x65\x70\x68\x5f\x66\x73\x63\x72\x79\x70\
\x74\x5f\x61\x75\x74\x68\0\x63\x65\x70\x68\x5f\x6d\x64\x73\x5f\x72\x65\x70\x6c\
\x79\x5f\x69\x6e\x6f\x64\x65\0\x63\x65\x70\x68\x5f\x6d\x64\x73\x5f\x72\x65\x70\
\x6c\x79\x5f\x64\x69\x72\x66\x72\x61\x67\0\x63\x65\x70\x68\x5f\x6d\x64\x73\x5f\
\x72\x65\x70\x6c\x79\x5f\x6c\x65\x61\x73\x65\0\x63\x65\x70\x68\x5f\x66\x69\x6c\
\x65\x6c\x6f\x63\x6b\0\x63\x65\x70\x68\x5f\x6d\x64\x73\x5f\x72\x65\x70\x6c\x79\
\x5f\x64\x69\x72\x5f\x65\x6e\x74\x72\x79\0\x73\x6f\x63\x6b\x65\x74\0\x66\x73\
\x63\x61\x63\x68\x65\x5f\x76\x6f\x6c\x75\x6d\x65\0\x6d\x6e\x74\x5f\x69\x64\x6d\
\x61\x70\0\x66\x73\x63\x72\x79\x70\x74\x5f\x70\x6f\x6c\x69\x63\x79\0\x63\x72\
\x79\x70\x74\x6f\x5f\x73\x68\x61\x73\x68\0\x63\x65\x70\x68\x5f\x70\x61\x67\x65\
\x6c\x69\x73\x74\0\x63\x65\x70\x68\x5f\x63\x6f\x6e\x6e\x65\x63\x74\x69\x6f\x6e\
\x5f\x6f\x70\x65\x72\x61\x74\x69\x6f\x6e\x73\0\x63\x65\x70\x68\x5f\x61\x75\x74\
\x68\x6f\x72\x69\x7a\x65\x72\0\x61\x65\x61\x64\x5f\x72\x65\x71\x75\x65\x73\x74\
\0\x63\x65\x70\x68\x5f\x6d\x6f\x6e\x6d\x61\x70\0\x63\x65\x70\x68\x5f\x61\x75\
\x74\x68\x5f\x63\x6c\x69\x65\x6e\x74\0\x63\x65\x70\x68\x5f\x6f\x73\x64\x6d\x61\
\x70\0\x63\x65\x70\x68\x5f\x73\x70\x61\x72\x73\x65\x5f\x65\x78\x74\x65\x6e\x74\
\0\x63\x65\x70\x68\x5f\x73\x74\x72\x69\x6e\x67\0\x63\x65\x70\x68\x5f\x73\x6e\
\x61\x70\x5f\x63\x6f\x6e\x74\x65\x78\x74\0\x63\x65\x70\x68\x5f\x6d\x6f\x75\x6e\
\x74\x5f\x6f\x70\x74\x69\x6f\x6e\x73\0\x63\x65\x70\x68\x5f\x6d\x64\x73\x6d\x61\
\x70\0\x63\x65\x70\x68\x5f\x6d\x64\x73\x5f\x63\x61\x70\x5f\x61\x75\x74\x68\0\
\x63\x65\x70\x68\x5f\x63\x61\x70\0\x2f\x68\x6f\x6d\x65\x2f\x74\x61\x6f\x64\x64\
\x2f\x63\x65\x70\x68\x74\x72\x61\x63\x65\x2f\x73\x72\x63\x2f\x6b\x66\x73\x74\
\x72\x61\x63\x65\x2e\x62\x70\x66\x2e\x63\0\x20\x20\x20\x20\x73\x74\x72\x75\x63\
\x74\x20\x63\x65\x70\x68\x5f\x6f\x73\x64\x5f\x72\x65\x71\x75\x65\x73\x74\x20\
\x2a\x72\x65\x71\x20\x3d\x20\x28\x73\x74\x72\x75\x63\x74\x20\x63\x65\x70\x68\
\x5f\x6f\x73\x64\x5f\x72\x65\x71\x75\x65\x73\x74\x20\x2a\x29\x50\x54\x5f\x52\
\x45\x47\x53\x5f\x50\x41\x52\x4d\x31\x28\x63\x74\x78\x29\x3b\0\x20\x20\x20\x20\
\x62\x70\x66\x5f\x70\x72\x69\x6e\x74\x6b\x28\x22\x74\x72\x61\x63\x65\x5f\x73\
\x65\x6e\x64\x5f\x72\x65\x71\x75\x65\x73\x74\x3a\x20\x65\x6e\x74\x65\x72\x65\
\x64\x5c\x6e\x22\x29\x3b\0\x20\x20\x20\x20\x69\x66\x20\x28\x62\x70\x66\x5f\x63\
\x6f\x72\x65\x5f\x72\x65\x61\x64\x28\x26\x74\x69\x64\x2c\x20\x73\x69\x7a\x65\
\x6f\x66\x28\x74\x69\x64\x29\x2c\x20\x26\x72\x65\x71\x2d\x3e\x72\x5f\x74\x69\
\x64\x29\x20\x21\x3d\x20\x30\x29\x20\x7b\0\x20\x20\x20\x20\x20\x20\x20\x20\x62\
\x70\x66\x5f\x70\x72\x69\x6e\x74\x6b\x28\x22\x74\x72\x61\x63\x65\x5f\x73\x65\
\x6e\x64\x5f\x72\x65\x71\x75\x65\x73\x74\x3a\x20\x66\x61\x69\x6c\x65\x64\x20\
\x74\x6f\x20\x72\x65\x61\x64\x20\x74\x69\x64\x5c\x6e\x22\x29\x3b\0\x7d\0\x20\
\x20\x20\x20\x62\x70\x66\x5f\x70\x72\x69\x6e\x74\x6b\x28\x22\x74\x72\x61\x63\
\x65\x5f\x73\x65\x6e\x64\x5f\x72\x65\x71\x75\x65\x73\x74\x3a\x20\x74\x69\x64\
\x3d\x25\x6c\x6c\x75\x5c\x6e\x22\x2c\x20\x74\x69\x64\x29\x3b\0\x20\x20\x20\x20\
\x69\x66\x20\x28\x62\x70\x66\x5f\x63\x6f\x72\x65\x5f\x72\x65\x61\x64\x28\x26\
\x6f\x73\x64\x2c\x20\x73\x69\x7a\x65\x6f\x66\x28\x6f\x73\x64\x29\x2c\x20\x26\
\x72\x65\x71\x2d\x3e\x72\x5f\x6f\x73\x64\x29\x20\x21\x3d\x20\x30\x29\0\x20\x20\
\x20\x20\x69\x66\x20\x28\x62\x70\x66\x5f\x63\x6f\x72\x65\x5f\x72\x65\x61\x64\
\x28\x26\x70\x72\x69\x6d\x61\x72\x79\x5f\x6f\x73\x64\x2c\x20\x73\x69\x7a\x65\
\x6f\x66\x28\x70\x72\x69\x6d\x61\x72\x79\x5f\x6f\x73\x64\x29\x2c\x20\x26\x6f\
\x73\x64\x2d\x3e\x6f\x5f\x6f\x73\x64\x29\x20\x21\x3d\x20\x30\x29\0\x20\x20\x20\
\x20\x69\x66\x20\x28\x62\x70\x66\x5f\x63\x6f\x72\x65\x5f\x72\x65\x61\x64\x28\
\x26\x6f\x73\x64\x63\x2c\x20\x73\x69\x7a\x65\x6f\x66\x28\x6f\x73\x64\x63\x29\
\x2c\x20\x26\x72\x65\x71\x2d\x3e\x72\x5f\x6f\x73\x64\x63\x29\x20\x3d\x3d\x20\
\x30\x20\x26\x26\0\x20\x20\x20\x20\x20\x20\x20\x20\x62\x70\x66\x5f\x63\x6f\x72\
\x65\x5f\x72\x65\x61\x64\x28\x26\x63\x6c\x69\x65\x6e\x74\x2c\x20\x73\x69\x7a\
\x65\x6f\x66\x28\x63\x6c\x69\x65\x6e\x74\x29\x2c\x20\x26\x6f\x73\x64\x63\x2d\
\x3e\x63\x6c\x69\x65\x6e\x74\x29\x20\x3d\x3d\x20\x30\x20\x26\x26\0\x20\x20\x20\
\x20\x20\x20\x20\x20\x62\x70\x66\x5f\x63\x6f\x72\x65\x5f\x72\x65\x61\x64\x28\
\x26\x65\x6e\x74\x69\x74\x79\x5f\x6e\x61\x6d\x65\x2c\x20\x73\x69\x7a\x65\x6f\
\x66\x28\x65\x6e\x74\x69\x74\x79\x5f\x6e\x61\x6d\x65\x29\x2c\x20\x26\x63\x6c\
\x69\x65\x6e\x74\x2d\x3e\x6d\x73\x67\x72\x2e\x69\x6e\x73\x74\x2e\x6e\x61\x6d\
\x65\x29\x20\x3d\x3d\x20\x30\x29\x20\x7b\0\x20\x20\x20\x20\x20\x20\x20\x20\x63\
\x6c\x69\x65\x6e\x74\x5f\x69\x64\x20\x3d\x20\x65\x6e\x74\x69\x74\x79\x5f\x6e\
\x61\x6d\x65\x2e\x6e\x75\x6d\x3b\0\x20\x20\x20\x20\x62\x70\x66\x5f\x70\x72\x69\
\x6e\x74\x6b\x28\x22\x74\x72\x61\x63\x65\x5f\x73\x65\x6e\x64\x5f\x72\x65\x71\
\x75\x65\x73\x74\x3a\x20\x63\x6c\x69\x65\x6e\x74\x5f\x69\x64\x3d\x25\x6c\x6c\
\x75\x5c\x6e\x22\x2c\x20\x63\x6c\x69\x65\x6e\x74\x5f\x69\x64\x29\x3b\0\x20\x20\
\x20\x20\x6b\x65\x79\x2e\x63\x6c\x69\x65\x6e\x74\x5f\x69\x64\x20\x3d\x20\x63\
\x6c\x69\x65\x6e\x74\x5f\x69\x64\x3b\0\x20\x20\x20\x20\x6b\x65\x79\x2e\x74\x69\
\x64\x20\x3d\x20\x74\x69\x64\x3b\0\x20\x20\x20\x20\x73\x74\x72\x75\x63\x74\x20\
\x6b\x65\x72\x6e\x65\x6c\x5f\x74\x72\x61\x63\x65\x5f\x65\x76\x65\x6e\x74\x20\
\x2a\x65\x78\x69\x73\x74\x69\x6e\x67\x5f\x69\x6e\x66\x6f\x20\x3d\x20\x62\x70\
\x66\x5f\x6d\x61\x70\x5f\x6c\x6f\x6f\x6b\x75\x70\x5f\x65\x6c\x65\x6d\x28\x26\
\x70\x65\x6e\x64\x69\x6e\x67\x5f\x72\x65\x71\x75\x65\x73\x74\x73\x2c\x20\x26\
\x6b\x65\x79\x29\x3b\0\x20\x20\x20\x20\x69\x66\x20\x28\x65\x78\x69\x73\x74\x69\
\x6e\x67\x5f\x69\x6e\x66\x6f\x29\x20\x7b\0\x20\x20\x20\x20\x20\x20\x20\x20\x65\
\x78\x69\x73\x74\x69\x6e\x67\x5f\x69\x6e\x66\x6f\x2d\x3e\x61\x74\x74\x65\x6d\
\x70\x74\x73\x2b\x2b\x3b\0\x20\x20\x20\x20\x20\x20\x20\x20\x62\x70\x66\x5f\x70\
\x72\x69\x6e\x74\x6b\x28\x22\x74\x72\x61\x63\x65\x5f\x73\x65\x6e\x64\x5f\x72\
\x65\x71\x75\x65\x73\x74\x3a\x20\x52\x65\x74\x72\x79\x20\x64\x65\x74\x65\x63\
\x74\x65\x64\x20\x54\x49\x44\x3d\x25\x6c\x6c\x75\x2c\x20\x61\x74\x74\x65\x6d\
\x70\x74\x73\x3d\x25\x75\x5c\x6e\x22\x2c\x20\x74\x69\x64\x2c\x20\x65\x78\x69\
\x73\x74\x69\x6e\x67\x5f\x69\x6e\x66\x6f\x2d\x3e\x61\x74\x74\x65\x6d\x70\x74\
\x73\x29\x3b\0\x20\x20\x20\x20\x73\x74\x72\x75\x63\x74\x20\x6b\x65\x72\x6e\x65\
\x6c\x5f\x74\x72\x61\x63\x65\x5f\x65\x76\x65\x6e\x74\x20\x7a\x65\x72\x6f\x5f\
\x65\x76\x65\x6e\x74\x20\x3d\x20\x7b\x7d\x3b\0\x20\x20\x20\x20\x62\x70\x66\x5f\
\x6d\x61\x70\x5f\x75\x70\x64\x61\x74\x65\x5f\x65\x6c\x65\x6d\x28\x26\x70\x65\
\x6e\x64\x69\x6e\x67\x5f\x72\x65\x71\x75\x65\x73\x74\x73\x2c\x20\x6b\x65\x79\
\x2c\x20\x26\x7a\x65\x72\x6f\x5f\x65\x76\x65\x6e\x74\x2c\x20\x42\x50\x46\x5f\
\x41\x4e\x59\x29\x3b\0\x20\x20\x20\x20\x69\x6e\x66\x6f\x20\x3d\x20\x62\x70\x66\
\x5f\x6d\x61\x70\x5f\x6c\x6f\x6f\x6b\x75\x70\x5f\x65\x6c\x65\x6d\x28\x26\x70\
\x65\x6e\x64\x69\x6e\x67\x5f\x72\x65\x71\x75\x65\x73\x74\x73\x2c\x20\x26\x6b\
\x65\x79\x29\x3b\0\x20\x20\x20\x20\x69\x66\x20\x28\x21\x69\x6e\x66\x6f\x29\x20\
\x7b\0\x20\x20\x20\x20\x69\x6e\x66\x6f\x2d\x3e\x63\x6c\x69\x65\x6e\x74\x5f\x69\
\x64\x20\x3d\x20\x63\x6c\x69\x65\x6e\x74\x5f\x69\x64\x3b\0\x20\x20\x20\x20\x69\
\x6e\x66\x6f\x2d\x3e\x74\x69\x64\x20\x3d\x20\x74\x69\x64\x3b\0\x20\x20\x20\x20\
\x69\x6e\x66\x6f\x2d\x3e\x73\x74\x61\x72\x74\x5f\x74\x69\x6d\x65\x20\x3d\x20\
\x62\x70\x66\x5f\x6b\x74\x69\x6d\x65\x5f\x67\x65\x74\x5f\x6e\x73\x28\x29\x3b\0\
\x20\x20\x20\x20\x69\x6e\x66\x6f\x2d\x3e\x70\x72\x69\x6d\x61\x72\x79\x5f\x6f\
\x73\x64\x20\x3d\x20\x70\x72\x69\x6d\x61\x72\x79\x5f\x6f\x73\x64\x3b\0\x20\x20\
\x20\x20\x69\x6e\x66\x6f\x2d\x3e\x70\x69\x64\x20\x3d\x20\x62\x70\x66\x5f\x67\
\x65\x74\x5f\x63\x75\x72\x72\x65\x6e\x74\x5f\x70\x69\x64\x5f\x74\x67\x69\x64\
\x28\x29\x20\x3e\x3e\x20\x33\x32\x3b\0\x20\x20\x20\x20\x62\x70\x66\x5f\x67\x65\
\x74\x5f\x63\x75\x72\x72\x65\x6e\x74\x5f\x63\x6f\x6d\x6d\x28\x26\x69\x6e\x66\
\x6f\x2d\x3e\x63\x6f\x6d\x6d\x2c\x20\x73\x69\x7a\x65\x6f\x66\x28\x69\x6e\x66\
\x6f\x2d\x3e\x63\x6f\x6d\x6d\x29\x29\x3b\0\x20\x20\x20\x20\x69\x6e\x66\x6f\x2d\
\x3e\x61\x74\x74\x65\x6d\x70\x74\x73\x20\x3d\x20\x31\x3b\x20\x20\x2f\x2f\x20\
\x46\x69\x72\x73\x74\x20\x61\x74\x74\x65\x6d\x70\x74\0\x20\x20\x20\x20\x69\x66\
\x20\x28\x62\x70\x66\x5f\x63\x6f\x72\x65\x5f\x72\x65\x61\x64\x28\x26\x69\x6e\
\x66\x6f\x2d\x3e\x61\x63\x74\x69\x6e\x67\x5f\x73\x69\x7a\x65\x2c\x20\x73\x69\
\x7a\x65\x6f\x66\x28\x69\x6e\x66\x6f\x2d\x3e\x61\x63\x74\x69\x6e\x67\x5f\x73\
\x69\x7a\x65\x29\x2c\x20\x26\x74\x61\x72\x67\x65\x74\x2d\x3e\x61\x63\x74\x69\
\x6e\x67\x2e\x73\x69\x7a\x65\x29\x20\x3d\x3d\x20\x30\x29\x20\x7b\0\x20\x20\x20\
\x20\x20\x20\x20\x20\x69\x66\x20\x28\x69\x6e\x66\x6f\x2d\x3e\x61\x63\x74\x69\
\x6e\x67\x5f\x73\x69\x7a\x65\x20\x3e\x20\x43\x45\x50\x48\x5f\x50\x47\x5f\x4d\
\x41\x58\x5f\x53\x49\x5a\x45\x29\0\x20\x20\x20\x20\x20\x20\x20\x20\x20\x20\x20\
\x20\x69\x6e\x66\x6f\x2d\x3e\x61\x63\x74\x69\x6e\x67\x5f\x73\x69\x7a\x65\x20\
\x3d\x20\x43\x45\x50\x48\x5f\x50\x47\x5f\x4d\x41\x58\x5f\x53\x49\x5a\x45\x3b\0\
\x20\x20\x20\x20\x20\x20\x20\x20\x62\x70\x66\x5f\x63\x6f\x72\x65\x5f\x72\x65\
\x61\x64\x28\x26\x69\x6e\x66\x6f\x2d\x3e\x61\x63\x74\x69\x6e\x67\x5f\x6f\x73\
\x64\x73\x2c\x20\x73\x69\x7a\x65\x6f\x66\x28\x69\x6e\x74\x29\x20\x2a\x20\x69\
\x6e\x66\x6f\x2d\x3e\x61\x63\x74\x69\x6e\x67\x5f\x73\x69\x7a\x65\x2c\x20\x26\
\x74\x61\x72\x67\x65\x74\x2d\x3e\x61\x63\x74\x69\x6e\x67\x2e\x6f\x73\x64\x73\
\x29\x3b\0\x20\x20\x20\x20\x69\x66\x20\x28\x62\x70\x66\x5f\x63\x6f\x72\x65\x5f\
\x72\x65\x61\x64\x28\x26\x6e\x61\x6d\x65\x5f\x6c\x65\x6e\x2c\x20\x73\x69\x7a\
\x65\x6f\x66\x28\x6e\x61\x6d\x65\x5f\x6c\x65\x6e\x29\x2c\x20\x26\x74\x61\x72\
\x67\x65\x74\x2d\x3e\x74\x61\x72\x67\x65\x74\x5f\x6f\x69\x64\x2e\x6e\x61\x6d\
\x65\x5f\x6c\x65\x6e\x29\x20\x3d\x3d\x20\x30\x29\x20\x7b\0\x20\x20\x20\x20\x20\
\x20\x20\x20\x69\x6e\x66\x6f\x2d\x3e\x6f\x62\x6a\x65\x63\x74\x5f\x6e\x61\x6d\
\x65\x5f\x6c\x65\x6e\x20\x3d\x20\x6e\x61\x6d\x65\x5f\x6c\x65\x6e\x3b\0\x20\x20\
\x20\x20\x20\x20\x20\x20\x69\x66\x20\x28\x69\x6e\x66\x6f\x2d\x3e\x6f\x62\x6a\
\x65\x63\x74\x5f\x6e\x61\x6d\x65\x5f\x6c\x65\x6e\x20\x3e\x20\x43\x45\x50\x48\
\x5f\x4f\x49\x44\x5f\x49\x4e\x4c\x49\x4e\x45\x5f\x4c\x45\x4e\x20\x2d\x20\x31\
\x29\0\x20\x20\x20\x20\x20\x20\x20\x20\x62\x70\x66\x5f\x63\x6f\x72\x65\x5f\x72\
\x65\x61\x64\x5f\x73\x74\x72\x28\x69\x6e\x66\x6f\x2d\x3e\x6f\x62\x6a\x65\x63\
\x74\x5f\x6e\x61\x6d\x65\x2c\x20\x69\x6e\x66\x6f\x2d\x3e\x6f\x62\x6a\x65\x63\
\x74\x5f\x6e\x61\x6d\x65\x5f\x6c\x65\x6e\x20\x2b\x20\x31\x2c\x20\x26\x74\x61\
\x72\x67\x65\x74\x2d\x3e\x74\x61\x72\x67\x65\x74\x5f\x6f\x69\x64\x2e\x69\x6e\
\x6c\x69\x6e\x65\x5f\x6e\x61\x6d\x65\x29\x3b\0\x20\x20\x20\x20\x69\x66\x20\x28\
\x62\x70\x66\x5f\x63\x6f\x72\x65\x5f\x72\x65\x61\x64\x28\x26\x73\x70\x67\x69\
\x64\x2c\x20\x73\x69\x7a\x65\x6f\x66\x28\x73\x70\x67\x69\x64\x29\x2c\x20\x26\
\x74\x61\x72\x67\x65\x74\x2d\x3e\x73\x70\x67\x69\x64\x29\x20\x3d\x3d\x20\x30\
\x29\x20\x7b\0\x20\x20\x20\x20\x20\x20\x20\x20\x69\x6e\x66\x6f\x2d\x3e\x70\x6f\
\x6f\x6c\x5f\x69\x64\x20\x3d\x20\x73\x70\x67\x69\x64\x2e\x70\x67\x69\x64\x2e\
\x70\x6f\x6f\x6c\x3b\0\x20\x20\x20\x20\x20\x20\x20\x20\x62\x70\x66\x5f\x70\x72\
\x69\x6e\x74\x6b\x28\x22\x74\x72\x61\x63\x65\x5f\x73\x65\x6e\x64\x5f\x72\x65\
\x71\x75\x65\x73\x74\x3a\x20\x70\x6f\x6f\x6c\x5f\x69\x64\x3d\x25\x6c\x6c\x75\
\x2c\x20\x70\x67\x5f\x69\x64\x3d\x25\x75\x5c\x6e\x22\x2c\x20\x69\x6e\x66\x6f\
\x2d\x3e\x70\x6f\x6f\x6c\x5f\x69\x64\x2c\x20\x69\x6e\x66\x6f\x2d\x3e\x70\x67\
\x5f\x69\x64\x29\x3b\0\x20\x20\x20\x20\x20\x20\x20\x20\x69\x6e\x66\x6f\x2d\x3e\
\x70\x67\x5f\x69\x64\x20\x3d\x20\x73\x70\x67\x69\x64\x2e\x70\x67\x69\x64\x2e\
\x73\x65\x65\x64\x3b\x20\x20\x2f\x2f\x20\x54\x68\x69\x73\x20\x73\x68\x6f\x75\
\x6c\x64\x20\x62\x65\x20\x74\x68\x65\x20\x63\x61\x6c\x63\x75\x6c\x61\x74\x65\
\x64\x20\x50\x47\x20\x49\x44\0\x20\x20\x20\x20\x69\x66\x20\x28\x62\x70\x66\x5f\
\x63\x6f\x72\x65\x5f\x72\x65\x61\x64\x28\x26\x66\x6c\x61\x67\x73\x2c\x20\x73\
\x69\x7a\x65\x6f\x66\x28\x66\x6c\x61\x67\x73\x29\x2c\x20\x26\x74\x61\x72\x67\
\x65\x74\x2d\x3e\x66\x6c\x61\x67\x73\x29\x20\x3d\x3d\x20\x30\x29\x20\x7b\0\x20\
\x20\x20\x20\x20\x20\x20\x20\x62\x70\x66\x5f\x70\x72\x69\x6e\x74\x6b\x28\x22\
\x74\x72\x61\x63\x65\x5f\x73\x65\x6e\x64\x5f\x72\x65\x71\x75\x65\x73\x74\x3a\
\x20\x66\x6c\x61\x67\x73\x3d\x30\x78\x25\x78\x2c\x20\x69\x73\x5f\x77\x72\x69\
\x74\x65\x3d\x25\x75\x2c\x20\x69\x73\x5f\x72\x65\x61\x64\x3d\x25\x75\x5c\x6e\
\x22\x2c\x20\x66\x6c\x61\x67\x73\x2c\x20\x69\x6e\x66\x6f\x2d\x3e\x69\x73\x5f\
\x77\x72\x69\x74\x65\x2c\x20\x69\x6e\x66\x6f\x2d\x3e\x69\x73\x5f\x72\x65\x61\
\x64\x29\x3b\0\x20\x20\x20\x20\x20\x20\x20\x20\x69\x6e\x66\x6f\x2d\x3e\x69\x73\
\x5f\x77\x72\x69\x74\x65\x20\x3d\x20\x28\x66\x6c\x61\x67\x73\x20\x26\x20\x43\
\x45\x50\x48\x5f\x4f\x53\x44\x5f\x46\x4c\x41\x47\x5f\x57\x52\x49\x54\x45\x29\
\x20\x3f\x20\x31\x20\x3a\x20\x30\x3b\0\x20\x20\x20\x20\x20\x20\x20\x20\x69\x6e\
\x66\x6f\x2d\x3e\x69\x73\x5f\x72\x65\x61\x64\x20\x3d\x20\x21\x69\x6e\x66\x6f\
\x2d\x3e\x69\x73\x5f\x77\x72\x69\x74\x65\x3b\x20\x20\x2f\x2f\x20\x49\x66\x20\
\x6e\x6f\x74\x20\x77\x72\x69\x74\x65\x2c\x20\x74\x68\x65\x6e\x20\x69\x74\x27\
\x73\x20\x72\x65\x61\x64\0\x20\x20\x20\x20\x69\x66\x20\x28\x62\x70\x66\x5f\x63\
\x6f\x72\x65\x5f\x72\x65\x61\x64\x28\x26\x72\x5f\x6e\x75\x6d\x5f\x6f\x70\x73\
\x2c\x20\x73\x69\x7a\x65\x6f\x66\x28\x72\x5f\x6e\x75\x6d\x5f\x6f\x70\x73\x29\
\x2c\x20\x26\x72\x65\x71\x2d\x3e\x72\x5f\x6e\x75\x6d\x5f\x6f\x70\x73\x29\x20\
\x3d\x3d\x20\x30\x20\x26\x26\x20\x72\x5f\x6e\x75\x6d\x5f\x6f\x70\x73\x20\x3e\
\x20\x30\x29\x20\x7b\0\x20\x20\x20\x20\x20\x20\x20\x20\x69\x6e\x66\x6f\x2d\x3e\
\x6f\x70\x73\x5f\x73\x69\x7a\x65\x20\x3d\x20\x72\x5f\x6e\x75\x6d\x5f\x6f\x70\
\x73\x20\x3e\x20\x43\x45\x50\x48\x5f\x4f\x53\x44\x5f\x4d\x41\x58\x5f\x4f\x50\
\x53\x20\x3f\x20\x43\x45\x50\x48\x5f\x4f\x53\x44\x5f\x4d\x41\x58\x5f\x4f\x50\
\x53\x20\x3a\x20\x72\x5f\x6e\x75\x6d\x5f\x6f\x70\x73\x3b\0\x20\x20\x20\x20\x20\
\x20\x20\x20\x69\x6e\x66\x6f\x2d\x3e\x6c\x65\x6e\x67\x74\x68\x20\x3d\x20\x30\
\x3b\0\x20\x20\x20\x20\x20\x20\x20\x20\x66\x6f\x72\x20\x28\x69\x6e\x74\x20\x69\
\x20\x3d\x20\x30\x3b\x20\x69\x20\x3c\x20\x69\x6e\x66\x6f\x2d\x3e\x6f\x70\x73\
\x5f\x73\x69\x7a\x65\x20\x26\x26\x20\x69\x20\x3c\x20\x43\x45\x50\x48\x5f\x4f\
\x53\x44\x5f\x4d\x41\x58\x5f\x4f\x50\x53\x3b\x20\x69\x2b\x2b\x29\x20\x7b\0\x20\
\x20\x20\x20\x20\x20\x20\x20\x69\x6e\x66\x6f\x2d\x3e\x6f\x66\x66\x73\x65\x74\
\x20\x3d\x20\x30\x3b\0\x20\x20\x20\x20\x62\x70\x66\x5f\x70\x72\x69\x6e\x74\x6b\
\x28\x22\x74\x72\x61\x63\x65\x5f\x73\x65\x6e\x64\x5f\x72\x65\x71\x75\x65\x73\
\x74\x3a\x20\x73\x74\x6f\x72\x65\x64\x20\x6b\x65\x79\x20\x63\x6c\x69\x65\x6e\
\x74\x5f\x69\x64\x3d\x25\x6c\x6c\x75\x20\x74\x69\x64\x3d\x25\x6c\x6c\x75\x5c\
\x6e\x22\x2c\x20\x6b\x65\x79\x2e\x63\x6c\x69\x65\x6e\x74\x5f\x69\x64\x2c\x20\
\x6b\x65\x79\x2e\x74\x69\x64\x29\x3b\0\x20\x20\x20\x20\x20\x20\x20\x20\x20\x20\
\x20\x20\x69\x66\x20\x28\x62\x70\x66\x5f\x63\x6f\x72\x65\x5f\x72\x65\x61\x64\
\x28\x26\x6f\x70\x5f\x74\x79\x70\x65\x2c\x20\x73\x69\x7a\x65\x6f\x66\x28\x6f\
\x70\x5f\x74\x79\x70\x65\x29\x2c\x20\x26\x72\x65\x71\x2d\x3e\x72\x5f\x6f\x70\
\x73\x5b\x69\x5d\x2e\x6f\x70\x29\x20\x3d\x3d\x20\x30\x29\x20\x7b\0\x20\x20\x20\
\x20\x20\x20\x20\x20\x20\x20\x20\x20\x20\x20\x20\x20\x69\x6e\x66\x6f\x2d\x3e\
\x6f\x70\x73\x5b\x69\x5d\x20\x3d\x20\x6f\x70\x5f\x74\x79\x70\x65\x3b\0\x20\x20\
\x20\x20\x72\x65\x74\x75\x72\x6e\x20\x6f\x70\x20\x3d\x3d\x20\x43\x45\x50\x48\
\x5f\x4f\x53\x44\x5f\x4f\x50\x5f\x52\x45\x41\x44\x20\x7c\x7c\0\x20\x20\x20\x20\
\x20\x20\x20\x20\x20\x20\x20\x20\x20\x20\x20\x20\x69\x66\x20\x28\x63\x65\x70\
\x68\x5f\x6f\x73\x64\x5f\x6f\x70\x5f\x65\x78\x74\x65\x6e\x74\x28\x6f\x70\x5f\
\x74\x79\x70\x65\x29\x20\x26\x26\x20\x69\x6e\x66\x6f\x2d\x3e\x6f\x66\x66\x73\
\x65\x74\x20\x3d\x3d\x20\x30\x20\x26\x26\x20\x69\x6e\x66\x6f\x2d\x3e\x6c\x65\
\x6e\x67\x74\x68\x20\x3d\x3d\x20\x30\x29\x20\x7b\0\x20\x20\x20\x20\x20\x20\x20\
\x20\x20\x20\x20\x20\x20\x20\x20\x20\x20\x20\x20\x20\x62\x70\x66\x5f\x63\x6f\
\x72\x65\x5f\x72\x65\x61\x64\x28\x26\x69\x6e\x66\x6f\x2d\x3e\x6f\x66\x66\x73\
\x65\x74\x2c\x20\x73\x69\x7a\x65\x6f\x66\x28\x69\x6e\x66\x6f\x2d\x3e\x6f\x66\
\x66\x73\x65\x74\x29\x2c\x20\x26\x72\x65\x71\x2d\x3e\x72\x5f\x6f\x70\x73\x5b\
\x69\x5d\x2e\x65\x78\x74\x65\x6e\x74\x2e\x6f\x66\x66\x73\x65\x74\x29\x3b\0\x20\
\x20\x20\x20\x20\x20\x20\x20\x20\x20\x20\x20\x20\x20\x20\x20\x20\x20\x20\x20\
\x62\x70\x66\x5f\x63\x6f\x72\x65\x5f\x72\x65\x61\x64\x28\x26\x69\x6e\x66\x6f\
\x2d\x3e\x6c\x65\x6e\x67\x74\x68\x2c\x20\x73\x69\x7a\x65\x6f\x66\x28\x69\x6e\
\x66\x6f\x2d\x3e\x6c\x65\x6e\x67\x74\x68\x29\x2c\x20\x26\x72\x65\x71\x2d\x3e\
\x72\x5f\x6f\x70\x73\x5b\x69\x5d\x2e\x65\x78\x74\x65\x6e\x74\x2e\x6c\x65\x6e\
\x67\x74\x68\x29\x3b\0\x20\x20\x20\x20\x20\x20\x20\x20\x20\x20\x20\x20\x20\x20\
\x20\x20\x20\x20\x20\x20\x62\x70\x66\x5f\x70\x72\x69\x6e\x74\x6b\x28\x22\x74\
\x72\x61\x63\x65\x5f\x73\x65\x6e\x64\x5f\x72\x65\x71\x75\x65\x73\x74\x3a\x20\
\x6f\x66\x66\x73\x65\x74\x3d\x25\x6c\x6c\x75\x2c\x20\x6c\x65\x6e\x67\x74\x68\
\x3d\x25\x6c\x6c\x75\x5c\x6e\x22\x2c\x20\x69\x6e\x66\x6f\x2d\x3e\x6f\x66\x66\
\x73\x65\x74\x2c\x20\x69\x6e\x66\x6f\x2d\x3e\x6c\x65\x6e\x67\x74\x68\x29\x3b\0\
\x20\x20\x20\x20\x20\x20\x20\x20\x20\x20\x20\x20\x20\x20\x20\x20\x7d\x20\x65\
\x6c\x73\x65\x20\x69\x66\x20\x28\x63\x65\x70\x68\x5f\x6f\x73\x64\x5f\x6f\x70\
\x5f\x63\x61\x6c\x6c\x28\x6f\x70\x5f\x74\x79\x70\x65\x29\x29\x20\x7b\0\x20\x20\
\x20\x20\x20\x20\x20\x20\x20\x20\x20\x20\x20\x20\x20\x20\x20\x20\x20\x20\x63\
\x6f\x6e\x73\x74\x20\x63\x68\x61\x72\x20\x2a\x63\x6c\x61\x73\x73\x5f\x6e\x61\
\x6d\x65\x20\x3d\x20\x4e\x55\x4c\x4c\x3b\0\x20\x20\x20\x20\x20\x20\x20\x20\x20\
\x20\x20\x20\x20\x20\x20\x20\x20\x20\x20\x20\x63\x6f\x6e\x73\x74\x20\x63\x68\
\x61\x72\x20\x2a\x6d\x65\x74\x68\x6f\x64\x5f\x6e\x61\x6d\x65\x20\x3d\x20\x4e\
\x55\x4c\x4c\x3b\0\x20\x20\x20\x20\x20\x20\x20\x20\x20\x20\x20\x20\x20\x20\x20\
\x20\x20\x20\x20\x20\x5f\x5f\x75\x38\x20\x63\x6c\x61\x73\x73\x5f\x6c\x65\x6e\
\x20\x3d\x20\x30\x3b\0\x20\x20\x20\x20\x20\x20\x20\x20\x20\x20\x20\x20\x20\x20\
\x20\x20\x20\x20\x20\x20\x5f\x5f\x75\x38\x20\x6d\x65\x74\x68\x6f\x64\x5f\x6c\
\x65\x6e\x20\x3d\x20\x30\x3b\0\x20\x20\x20\x20\x20\x20\x20\x20\x20\x20\x20\x20\
\x20\x20\x20\x20\x20\x20\x20\x20\x69\x66\x20\x28\x62\x70\x66\x5f\x63\x6f\x72\
\x65\x5f\x72\x65\x61\x64\x28\x26\x63\x6c\x61\x73\x73\x5f\x6e\x61\x6d\x65\x2c\
\x20\x73\x69\x7a\x65\x6f\x66\x28\x63\x6c\x61\x73\x73\x5f\x6e\x61\x6d\x65\x29\
\x2c\x20\x26\x72\x65\x71\x2d\x3e\x72\x5f\x6f\x70\x73\x5b\x69\x5d\x2e\x63\x6c\
\x73\x2e\x63\x6c\x61\x73\x73\x5f\x6e\x61\x6d\x65\x29\x20\x3d\x3d\x20\x30\x20\
\x26\x26\0\x20\x20\x20\x20\x20\x20\x20\x20\x20\x20\x20\x20\x20\x20\x20\x20\x20\
\x20\x20\x20\x20\x20\x20\x20\x62\x70\x66\x5f\x63\x6f\x72\x65\x5f\x72\x65\x61\
\x64\x28\x26\x63\x6c\x61\x73\x73\x5f\x6c\x65\x6e\x2c\x20\x73\x69\x7a\x65\x6f\
\x66\x28\x63\x6c\x61\x73\x73\x5f\x6c\x65\x6e\x29\x2c\x20\x26\x72\x65\x71\x2d\
\x3e\x72\x5f\x6f\x70\x73\x5b\x69\x5d\x2e\x63\x6c\x73\x2e\x63\x6c\x61\x73\x73\
\x5f\x6c\x65\x6e\x29\x20\x3d\x3d\x20\x30\x20\x26\x26\0\x20\x20\x20\x20\x20\x20\
\x20\x20\x20\x20\x20\x20\x20\x20\x20\x20\x20\x20\x20\x20\x20\x20\x20\x20\x69\
\x66\x20\x28\x63\x6c\x61\x73\x73\x5f\x6c\x65\x6e\x20\x3e\x3d\x20\x73\x69\x7a\
\x65\x6f\x66\x28\x69\x6e\x66\x6f\x2d\x3e\x63\x6c\x73\x5f\x6f\x70\x73\x5b\x69\
\x5d\x2e\x63\x6c\x73\x5f\x6e\x61\x6d\x65\x29\x29\x20\x7b\0\x20\x20\x20\x20\x20\
\x20\x20\x20\x20\x20\x20\x20\x20\x20\x20\x20\x20\x20\x20\x20\x20\x20\x20\x20\
\x20\x20\x20\x20\x63\x6c\x61\x73\x73\x5f\x6c\x65\x6e\x20\x3d\x20\x73\x69\x7a\
\x65\x6f\x66\x28\x69\x6e\x66\x6f\x2d\x3e\x63\x6c\x73\x5f\x6f\x70\x73\x5b\x69\
\x5d\x2e\x63\x6c\x73\x5f\x6e\x61\x6d\x65\x29\x20\x2d\x20\x31\x3b\0\x20\x20\x20\
\x20\x20\x20\x20\x20\x20\x20\x20\x20\x20\x20\x20\x20\x20\x20\x20\x20\x20\x20\
\x20\x20\x62\x70\x66\x5f\x63\x6f\x72\x65\x5f\x72\x65\x61\x64\x5f\x73\x74\x72\
\x28\x69\x6e\x66\x6f\x2d\x3e\x63\x6c\x73\x5f\x6f\x70\x73\x5b\x69\x5d\x2e\x63\
\x6c\x73\x5f\x6e\x61\x6d\x65\x2c\x20\x63\x6c\x61\x73\x73\x5f\x6c\x65\x6e\x20\
\x2b\x20\x31\x2c\x20\x63\x6c\x61\x73\x73\x5f\x6e\x61\x6d\x65\x29\x3b\0\x20\x20\
\x20\x20\x20\x20\x20\x20\x20\x20\x20\x20\x20\x20\x20\x20\x20\x20\x20\x20\x20\
\x20\x20\x20\x69\x6e\x66\x6f\x2d\x3e\x63\x6c\x73\x5f\x6f\x70\x73\x5b\x69\x5d\
\x2e\x63\x6c\x73\x5f\x6e\x61\x6d\x65\x5b\x30\x5d\x20\x3d\x20\x27\x5c\x30\x27\
\x3b\0\x20\x20\x20\x20\x20\x20\x20\x20\x20\x20\x20\x20\x20\x20\x20\x20\x20\x20\
\x20\x20\x69\x66\x20\x28\x62\x70\x66\x5f\x63\x6f\x72\x65\x5f\x72\x65\x61\x64\
\x28\x26\x6d\x65\x74\x68\x6f\x64\x5f\x6e\x61\x6d\x65\x2c\x20\x73\x69\x7a\x65\
\x6f\x66\x28\x6d\x65\x74\x68\x6f\x64\x5f\x6e\x61\x6d\x65\x29\x2c\x20\x26\x72\
\x65\x71\x2d\x3e\x72\x5f\x6f\x70\x73\x5b\x69\x5d\x2e\x63\x6c\x73\x2e\x6d\x65\
\x74\x68\x6f\x64\x5f\x6e\x61\x6d\x65\x29\x20\x3d\x3d\x20\x30\x20\x26\x26\0\x20\
\x20\x20\x20\x20\x20\x20\x20\x20\x20\x20\x20\x20\x20\x20\x20\x20\x20\x20\x20\
\x20\x20\x20\x20\x62\x70\x66\x5f\x63\x6f\x72\x65\x5f\x72\x65\x61\x64\x28\x26\
\x6d\x65\x74\x68\x6f\x64\x5f\x6c\x65\x6e\x2c\x20\x73\x69\x7a\x65\x6f\x66\x28\
\x6d\x65\x74\x68\x6f\x64\x5f\x6c\x65\x6e\x29\x2c\x20\x26\x72\x65\x71\x2d\x3e\
\x72\x5f\x6f\x70\x73\x5b\x69\x5d\x2e\x63\x6c\x73\x2e\x6d\x65\x74\x68\x6f\x64\
\x5f\x6c\x65\x6e\x29\x20\x3d\x3d\x20\x30\x20\x26\x26\0\x20\x20\x20\x20\x20\x20\
\x20\x20\x20\x20\x20\x20\x20\x20\x20\x20\x20\x20\x20\x20\x20\x20\x20\x20\x69\
\x66\x20\x28\x6d\x65\x74\x68\x6f\x64\x5f\x6c\x65\x6e\x20\x3e\x3d\x20\x73\x69\
\x7a\x65\x6f\x66\x28\x69\x6e\x66\x6f\x2d\x3e\x63\x6c\x73\x5f\x6f\x70\x73\x5b\
\x69\x5d\x2e\x6d\x65\x74\x68\x6f\x64\x5f\x6e\x61\x6d\x65\x29\x29\x20\x7b\0\x20\
\x20\x20\x20\x20\x20\x20\x20\x20\x20\x20\x20\x20\x20\x20\x20\x20\x20\x20\x20\
\x20\x20\x20\x20\x20\x20\x20\x20\x6d\x65\x74\x68\x6f\x64\x5f\x6c\x65\x6e\x20\
\x3d\x20\x73\x69\x7a\x65\x6f\x66\x28\x69\x6e\x66\x6f\x2d\x3e\x63\x6c\x73\x5f\
\x6f\x70\x73\x5b\x69\x5d\x2e\x6d\x65\x74\x68\x6f\x64\x5f\x6e\x61\x6d\x65\x29\
\x20\x2d\x20\x31\x3b\0\x20\x20\x20\x20\x20\x20\x20\x20\x20\x20\x20\x20\x20\x20\
\x20\x20\x20\x20\x20\x20\x20\x20\x20\x20\x62\x70\x66\x5f\x63\x6f\x72\x65\x5f\
\x72\x65\x61\x64\x5f\x73\x74\x72\x28\x69\x6e\x66\x6f\x2d\x3e\x63\x6c\x73\x5f\
\x6f\x70\x73\x5b\x69\x5d\x2e\x6d\x65\x74\x68\x6f\x64\x5f\x6e\x61\x6d\x65\x2c\
\x20\x6d\x65\x74\x68\x6f\x64\x5f\x6c\x65\x6e\x20\x2b\x20\x31\x2c\x20\x6d\x65\
\x74\x68\x6f\x64\x5f\x6e\x61\x6d\x65\x29\x3b\0\x20\x20\x20\x20\x20\x20\x20\x20\
\x20\x20\x20\x20\x20\x20\x20\x20\x20\x20\x20\x20\x20\x20\x20\x20\x69\x6e\x66\
\x6f\x2d\x3e\x63\x6c\x73\x5f\x6f\x70\x73\x5b\x69\x5d\x2e\x6d\x65\x74\x68\x6f\
\x64\x5f\x6e\x61\x6d\x65\x5b\x30\x5d\x20\x3d\x20\x27\x5c\x30\x27\x3b\0\x20\x20\
\x20\x20\x73\x74\x72\x75\x63\x74\x20\x63\x65\x70\x68\x5f\x63\x6f\x6e\x6e\x65\
\x63\x74\x69\x6f\x6e\x20\x2a\x63\x6f\x6e\x20\x3d\x20\x28\x73\x74\x72\x75\x63\
\x74\x20\x63\x65\x70\x68\x5f\x63\x6f\x6e\x6e\x65\x63\x74\x69\x6f\x6e\x20\x2a\
\x29\x50\x54\x5f\x52\x45\x47\x53\x5f\x50\x41\x52\x4d\x31\x28\x63\x74\x78\x29\
\x3b\0\x20\x20\x20\x20\x73\x74\x72\x75\x63\x74\x20\x63\x65\x70\x68\x5f\x6d\x73\
\x67\x20\x2a\x6d\x73\x67\x20\x3d\x20\x28\x73\x74\x72\x75\x63\x74\x20\x63\x65\
\x70\x68\x5f\x6d\x73\x67\x20\x2a\x29\x50\x54\x5f\x52\x45\x47\x53\x5f\x50\x41\
\x52\x4d\x32\x28\x63\x74\x78\x29\x3b\0\x20\x20\x20\x20\x73\x74\x72\x75\x63\x74\
\x20\x72\x65\x71\x75\x65\x73\x74\x5f\x6b\x65\x79\x20\x6b\x65\x79\x20\x3d\x20\
\x7b\x7d\x3b\0\x20\x20\x20\x20\x62\x70\x66\x5f\x70\x72\x69\x6e\x74\x6b\x28\x22\
\x74\x72\x61\x63\x65\x5f\x6f\x73\x64\x5f\x64\x69\x73\x70\x61\x74\x63\x68\x3a\
\x20\x65\x6e\x74\x65\x72\x65\x64\x5c\x6e\x22\x29\x3b\0\x20\x20\x20\x20\x69\x66\
\x20\x28\x62\x70\x66\x5f\x63\x6f\x72\x65\x5f\x72\x65\x61\x64\x28\x26\x6b\x65\
\x79\x2e\x74\x69\x64\x2c\x20\x73\x69\x7a\x65\x6f\x66\x28\x6b\x65\x79\x2e\x74\
\x69\x64\x29\x2c\x20\x26\x6d\x73\x67\x2d\x3e\x68\x64\x72\x2e\x74\x69\x64\x29\
\x20\x21\x3d\x20\x30\x29\x20\x7b\0\x20\x20\x20\x20\x20\x20\x20\x20\x62\x70\x66\
\x5f\x70\x72\x69\x6e\x74\x6b\x28\x22\x74\x72\x61\x63\x65\x5f\x6f\x73\x64\x5f\
\x64\x69\x73\x70\x61\x74\x63\x68\x3a\x20\x66\x61\x69\x6c\x65\x64\x20\x74\x6f\
\x20\x72\x65\x61\x64\x20\x74\x69\x64\x5c\x6e\x22\x29\x3b\0\x20\x20\x20\x20\x62\
\x70\x66\x5f\x70\x72\x69\x6e\x74\x6b\x28\x22\x74\x72\x61\x63\x65\x5f\x6f\x73\
\x64\x5f\x64\x69\x73\x70\x61\x74\x63\x68\x3a\x20\x74\x69\x64\x3d\x25\x6c\x6c\
\x75\x5c\x6e\x22\x2c\x20\x6b\x65\x79\x2e\x74\x69\x64\x29\x3b\0\x20\x20\x20\x20\
\x69\x66\x20\x28\x62\x70\x66\x5f\x63\x6f\x72\x65\x5f\x72\x65\x61\x64\x28\x26\
\x6f\x73\x64\x2c\x20\x73\x69\x7a\x65\x6f\x66\x28\x6f\x73\x64\x29\x2c\x20\x26\
\x63\x6f\x6e\x2d\x3e\x70\x72\x69\x76\x61\x74\x65\x29\x20\x3d\x3d\x20\x30\x20\
\x26\x26\0\x20\x20\x20\x20\x20\x20\x20\x20\x62\x70\x66\x5f\x63\x6f\x72\x65\x5f\
\x72\x65\x61\x64\x28\x26\x6f\x73\x64\x63\x2c\x20\x73\x69\x7a\x65\x6f\x66\x28\
\x6f\x73\x64\x63\x29\x2c\x20\x26\x6f\x73\x64\x2d\x3e\x6f\x5f\x6f\x73\x64\x63\
\x29\x20\x3d\x3d\x20\x30\x20\x26\x26\0\x20\x20\x20\x20\x20\x20\x20\x20\x62\x70\
\x66\x5f\x63\x6f\x72\x65\x5f\x72\x65\x61\x64\x28\x26\x63\x6c\x69\x65\x6e\x74\
\x2c\x20\x73\x69\x7a\x65\x6f\x66\x28\x63\x6c\x69\x65\x6e\x74\x29\x2c\x20\x26\
\x6f\x73\x64\x63\x2d\x3e\x63\x6c\x69\x65\x6e\x74\x29\x20\x3d\x3d\x20\x30\x29\
\x20\x7b\0\x20\x20\x20\x20\x20\x20\x20\x20\x69\x66\x20\x28\x62\x70\x66\x5f\x63\
\x6f\x72\x65\x5f\x72\x65\x61\x64\x28\x26\x65\x6e\x74\x69\x74\x79\x5f\x6e\x61\
\x6d\x65\x2c\x20\x73\x69\x7a\x65\x6f\x66\x28\x65\x6e\x74\x69\x74\x79\x5f\x6e\
\x61\x6d\x65\x29\x2c\x20\x26\x63\x6c\x69\x65\x6e\x74\x2d\x3e\x6d\x73\x67\x72\
\x2e\x69\x6e\x73\x74\x2e\x6e\x61\x6d\x65\x29\x20\x3d\x3d\x20\x30\x29\x20\x7b\0\
\x20\x20\x20\x20\x20\x20\x20\x20\x20\x20\x20\x20\x63\x6c\x69\x65\x6e\x74\x5f\
\x69\x64\x20\x3d\x20\x65\x6e\x74\x69\x74\x79\x5f\x6e\x61\x6d\x65\x2e\x6e\x75\
\x6d\x3b\0\x20\x20\x20\x20\x62\x70\x66\x5f\x70\x72\x69\x6e\x74\x6b\x28\x22\x74\
\x72\x61\x63\x65\x5f\x6f\x73\x64\x5f\x64\x69\x73\x70\x61\x74\x63\x68\x3a\x20\
\x63\x6c\x69\x65\x6e\x74\x5f\x69\x64\x3d\x25\x6c\x6c\x75\x5c\x6e\x22\x2c\x20\
\x6b\x65\x79\x2e\x63\x6c\x69\x65\x6e\x74\x5f\x69\x64\x29\x3b\0\x20\x20\x20\x20\
\x20\x20\x20\x20\x62\x70\x66\x5f\x70\x72\x69\x6e\x74\x6b\x28\x22\x74\x72\x61\
\x63\x65\x5f\x6f\x73\x64\x5f\x64\x69\x73\x70\x61\x74\x63\x68\x3a\x20\x6e\x6f\
\x20\x70\x65\x6e\x64\x69\x6e\x67\x20\x72\x65\x71\x75\x65\x73\x74\x20\x66\x6f\
\x75\x6e\x64\x20\x66\x6f\x72\x20\x63\x6c\x69\x65\x6e\x74\x5f\x69\x64\x3d\x25\
\x6c\x6c\x75\x20\x74\x69\x64\x3d\x25\x6c\x6c\x75\x5c\x6e\x22\x2c\x20\x6b\x65\
\x79\x2e\x63\x6c\x69\x65\x6e\x74\x5f\x69\x64\x2c\x20\x6b\x65\x79\x2e\x74\x69\
\x64\x29\x3b\0\x20\x20\x20\x20\x62\x70\x66\x5f\x70\x72\x69\x6e\x74\x6b\x28\x22\
\x74\x72\x61\x63\x65\x5f\x6f\x73\x64\x5f\x64\x69\x73\x70\x61\x74\x63\x68\x3a\
\x20\x66\x6f\x75\x6e\x64\x20\x70\x65\x6e\x64\x69\x6e\x67\x20\x72\x65\x71\x75\
\x65\x73\x74\x5c\x6e\x22\x29\x3b\0\x20\x20\x20\x20\x65\x6e\x64\x5f\x74\x69\x6d\
\x65\x20\x3d\x20\x62\x70\x66\x5f\x6b\x74\x69\x6d\x65\x5f\x67\x65\x74\x5f\x6e\
\x73\x28\x29\x3b\0\x20\x20\x20\x20\x65\x76\x65\x6e\x74\x20\x3d\x20\x62\x70\x66\
\x5f\x72\x69\x6e\x67\x62\x75\x66\x5f\x72\x65\x73\x65\x72\x76\x65\x28\x26\x72\
\x62\x2c\x20\x73\x69\x7a\x65\x6f\x66\x28\x73\x74\x72\x75\x63\x74\x20\x6b\x65\
\x72\x6e\x65\x6c\x5f\x74\x72\x61\x63\x65\x5f\x65\x76\x65\x6e\x74\x29\x2c\x20\
\x30\x29\x3b\0\x20\x20\x20\x20\x69\x66\x20\x28\x21\x65\x76\x65\x6e\x74\x29\0\
\x20\x20\x20\x20\x2a\x65\x76\x65\x6e\x74\x20\x3d\x20\x2a\x69\x6e\x66\x6f\x3b\0\
\x20\x20\x20\x20\x65\x76\x65\x6e\x74\x2d\x3e\x65\x6e\x64\x5f\x74\x69\x6d\x65\
\x20\x3d\x20\x65\x6e\x64\x5f\x74\x69\x6d\x65\x3b\0\x20\x20\x20\x20\x65\x76\x65\
\x6e\x74\x2d\x3e\x6c\x61\x74\x65\x6e\x63\x79\x5f\x75\x73\x20\x3d\x20\x28\x65\
\x6e\x64\x5f\x74\x69\x6d\x65\x20\x2d\x20\x69\x6e\x66\x6f\x2d\x3e\x73\x74\x61\
\x72\x74\x5f\x74\x69\x6d\x65\x29\x20\x2f\x20\x31\x30\x30\x30\x3b\0\x20\x20\x20\
\x20\x62\x70\x66\x5f\x72\x69\x6e\x67\x62\x75\x66\x5f\x73\x75\x62\x6d\x69\x74\
\x28\x65\x76\x65\x6e\x74\x2c\x20\x30\x29\x3b\0\x63\x6c\x65\x61\x6e\x75\x70\x3a\
\0\x20\x20\x20\x20\x62\x70\x66\x5f\x6d\x61\x70\x5f\x64\x65\x6c\x65\x74\x65\x5f\
\x65\x6c\x65\x6d\x28\x26\x70\x65\x6e\x64\x69\x6e\x67\x5f\x72\x65\x71\x75\x65\
\x73\x74\x73\x2c\x20\x26\x6b\x65\x79\x29\x3b\0\x69\x6e\x74\x20\x74\x72\x61\x63\
\x65\x5f\x70\x72\x65\x70\x61\x72\x65\x5f\x73\x65\x6e\x64\x5f\x72\x65\x71\x75\
\x65\x73\x74\x28\x73\x74\x72\x75\x63\x74\x20\x70\x74\x5f\x72\x65\x67\x73\x20\
\x2a\x63\x74\x78\x29\0\x20\x20\x20\x20\x62\x70\x66\x5f\x70\x72\x69\x6e\x74\x6b\
\x28\x22\x3d\x3d\x3d\x20\x4d\x44\x53\x20\x50\x52\x45\x50\x41\x52\x45\x5f\x53\
\x45\x4e\x44\x3a\x20\x46\x75\x6e\x63\x74\x69\x6f\x6e\x20\x63\x61\x6c\x6c\x65\
\x64\x20\x3d\x3d\x3d\x5c\x6e\x22\x29\x3b\0\x20\x20\x20\x20\x73\x74\x72\x75\x63\
\x74\x20\x63\x65\x70\x68\x5f\x6d\x64\x73\x5f\x73\x65\x73\x73\x69\x6f\x6e\x20\
\x2a\x73\x65\x73\x73\x69\x6f\x6e\x20\x3d\x20\x28\x73\x74\x72\x75\x63\x74\x20\
\x63\x65\x70\x68\x5f\x6d\x64\x73\x5f\x73\x65\x73\x73\x69\x6f\x6e\x20\x2a\x29\
\x50\x54\x5f\x52\x45\x47\x53\x5f\x50\x41\x52\x4d\x31\x28\x63\x74\x78\x29\x3b\0\
\x20\x20\x20\x20\x73\x74\x72\x75\x63\x74\x20\x63\x65\x70\x68\x5f\x6d\x64\x73\
\x5f\x72\x65\x71\x75\x65\x73\x74\x20\x2a\x72\x65\x71\x20\x3d\x20\x28\x73\x74\
\x72\x75\x63\x74\x20\x63\x65\x70\x68\x5f\x6d\x64\x73\x5f\x72\x65\x71\x75\x65\
\x73\x74\x20\x2a\x29\x50\x54\x5f\x52\x45\x47\x53\x5f\x50\x41\x52\x4d\x32\x28\
\x63\x74\x78\x29\x3b\0\x20\x20\x20\x20\x69\x66\x20\x28\x21\x72\x65\x71\x29\x20\
\x7b\0\x20\x20\x20\x20\x20\x20\x20\x20\x62\x70\x66\x5f\x70\x72\x69\x6e\x74\x6b\
\x28\x22\x4d\x44\x53\x20\x50\x52\x45\x50\x41\x52\x45\x5f\x53\x45\x4e\x44\x3a\
\x20\x72\x65\x71\x20\x69\x73\x20\x4e\x55\x4c\x4c\x5c\x6e\x22\x29\x3b\0\x20\x20\
\x20\x20\x73\x74\x72\x75\x63\x74\x20\x6d\x64\x73\x5f\x72\x65\x71\x75\x65\x73\
\x74\x5f\x6b\x65\x79\x20\x6b\x65\x79\x20\x3d\x20\x7b\x7d\x3b\0\x20\x20\x20\x20\
\x20\x20\x20\x20\x62\x70\x66\x5f\x70\x72\x69\x6e\x74\x6b\x28\x22\x4d\x44\x53\
\x20\x50\x52\x45\x50\x41\x52\x45\x5f\x53\x45\x4e\x44\x3a\x20\x46\x41\x49\x4c\
\x45\x44\x20\x74\x6f\x20\x72\x65\x61\x64\x20\x54\x49\x44\x20\x66\x72\x6f\x6d\
\x20\x72\x65\x71\x5c\x6e\x22\x29\x3b\0\x20\x20\x20\x20\x69\x66\x20\x28\x62\x70\
\x66\x5f\x63\x6f\x72\x65\x5f\x72\x65\x61\x64\x28\x26\x6f\x70\x2c\x20\x73\x69\
\x7a\x65\x6f\x66\x28\x6f\x70\x29\x2c\x20\x26\x72\x65\x71\x2d\x3e\x72\x5f\x6f\
\x70\x29\x20\x21\x3d\x20\x30\x29\x20\x7b\0\x20\x20\x20\x20\x20\x20\x20\x20\x62\
\x70\x66\x5f\x70\x72\x69\x6e\x74\x6b\x28\x22\x4d\x44\x53\x20\x50\x52\x45\x50\
\x41\x52\x45\x5f\x53\x45\x4e\x44\x3a\x20\x46\x41\x49\x4c\x45\x44\x20\x74\x6f\
\x20\x72\x65\x61\x64\x20\x6f\x70\x65\x72\x61\x74\x69\x6f\x6e\x20\x66\x72\x6f\
\x6d\x20\x72\x65\x71\x5c\x6e\x22\x29\x3b\0\x20\x20\x20\x20\x62\x70\x66\x5f\x70\
\x72\x69\x6e\x74\x6b\x28\x22\x4d\x44\x53\x20\x50\x52\x45\x50\x41\x52\x45\x5f\
\x53\x45\x4e\x44\x3a\x20\x53\x55\x43\x43\x45\x53\x53\x20\x2d\x20\x54\x49\x44\
\x3d\x25\x6c\x6c\x75\x20\x4f\x50\x3d\x30\x78\x25\x78\x5c\x6e\x22\x2c\x20\x74\
\x69\x64\x2c\x20\x6f\x70\x29\x3b\0\x20\x20\x20\x20\x69\x66\x20\x28\x62\x70\x66\
\x5f\x63\x6f\x72\x65\x5f\x72\x65\x61\x64\x28\x26\x6d\x64\x73\x63\x2c\x20\x73\
\x69\x7a\x65\x6f\x66\x28\x6d\x64\x73\x63\x29\x2c\x20\x26\x73\x65\x73\x73\x69\
\x6f\x6e\x2d\x3e\x73\x5f\x6d\x64\x73\x63\x29\x20\x3d\x3d\x20\x30\x20\x26\x26\
\x20\x6d\x64\x73\x63\x20\x26\x26\0\x20\x20\x20\x20\x20\x20\x20\x20\x62\x70\x66\
\x5f\x63\x6f\x72\x65\x5f\x72\x65\x61\x64\x28\x26\x66\x73\x63\x2c\x20\x73\x69\
\x7a\x65\x6f\x66\x28\x66\x73\x63\x29\x2c\x20\x26\x6d\x64\x73\x63\x2d\x3e\x66\
\x73\x63\x29\x20\x3d\x3d\x20\x30\x20\x26\x26\x20\x66\x73\x63\x20\x26\x26\0\x20\
\x20\x20\x20\x20\x20\x20\x20\x62\x70\x66\x5f\x63\x6f\x72\x65\x5f\x72\x65\x61\
\x64\x28\x26\x63\x6c\x69\x65\x6e\x74\x2c\x20\x73\x69\x7a\x65\x6f\x66\x28\x63\
\x6c\x69\x65\x6e\x74\x29\x2c\x20\x26\x66\x73\x63\x2d\x3e\x63\x6c\x69\x65\x6e\
\x74\x29\x20\x3d\x3d\x20\x30\x20\x26\x26\0\x20\x20\x20\x20\x20\x20\x20\x20\x62\
\x70\x66\x5f\x70\x72\x69\x6e\x74\x6b\x28\x22\x4d\x44\x53\x20\x50\x52\x45\x50\
\x41\x52\x45\x5f\x53\x45\x4e\x44\x3a\x20\x43\x4c\x49\x45\x4e\x54\x5f\x49\x44\
\x3d\x25\x6c\x6c\x75\x5c\x6e\x22\x2c\x20\x63\x6c\x69\x65\x6e\x74\x5f\x69\x64\
\x29\x3b\0\x20\x20\x20\x20\x69\x66\x20\x28\x73\x65\x73\x73\x69\x6f\x6e\x20\x26\
\x26\x20\x62\x70\x66\x5f\x63\x6f\x72\x65\x5f\x72\x65\x61\x64\x28\x26\x6d\x64\
\x73\x5f\x72\x61\x6e\x6b\x2c\x20\x73\x69\x7a\x65\x6f\x66\x28\x6d\x64\x73\x5f\
\x72\x61\x6e\x6b\x29\x2c\x20\x26\x73\x65\x73\x73\x69\x6f\x6e\x2d\x3e\x73\x5f\
\x6d\x64\x73\x29\x20\x3d\x3d\x20\x30\x29\x20\x7b\0\x20\x20\x20\x20\x20\x20\x20\
\x20\x6d\x64\x73\x5f\x72\x61\x6e\x6b\x20\x3d\x20\x30\x3b\0\x20\x20\x20\x20\x20\
\x20\x20\x20\x62\x70\x66\x5f\x70\x72\x69\x6e\x74\x6b\x28\x22\x4d\x44\x53\x20\
\x50\x52\x45\x50\x41\x52\x45\x5f\x53\x45\x4e\x44\x3a\x20\x46\x61\x69\x6c\x65\
\x64\x20\x74\x6f\x20\x67\x65\x74\x20\x4d\x44\x53\x20\x72\x61\x6e\x6b\x5c\x6e\
\x22\x29\x3b\0\x20\x20\x20\x20\x20\x20\x20\x20\x62\x70\x66\x5f\x70\x72\x69\x6e\
\x74\x6b\x28\x22\x4d\x44\x53\x20\x50\x52\x45\x50\x41\x52\x45\x5f\x53\x45\x4e\
\x44\x3a\x20\x46\x61\x69\x6c\x65\x64\x20\x74\x6f\x20\x67\x65\x74\x20\x43\x4c\
\x49\x45\x4e\x54\x5f\x49\x44\x5c\x6e\x22\x29\x3b\0\x20\x20\x20\x20\x20\x20\x20\
\x20\x62\x70\x66\x5f\x70\x72\x69\x6e\x74\x6b\x28\x22\x4d\x44\x53\x20\x50\x52\
\x45\x50\x41\x52\x45\x5f\x53\x45\x4e\x44\x3a\x20\x4d\x44\x53\x5f\x52\x41\x4e\
\x4b\x3d\x25\x75\x5c\x6e\x22\x2c\x20\x6d\x64\x73\x5f\x72\x61\x6e\x6b\x29\x3b\0\
\x20\x20\x20\x20\x73\x74\x72\x75\x63\x74\x20\x6d\x64\x73\x5f\x74\x72\x61\x63\
\x65\x5f\x65\x76\x65\x6e\x74\x20\x2a\x65\x78\x69\x73\x74\x69\x6e\x67\x5f\x65\
\x76\x65\x6e\x74\x20\x3d\x20\x62\x70\x66\x5f\x6d\x61\x70\x5f\x6c\x6f\x6f\x6b\
\x75\x70\x5f\x65\x6c\x65\x6d\x28\x26\x70\x65\x6e\x64\x69\x6e\x67\x5f\x6d\x64\
\x73\x5f\x72\x65\x71\x75\x65\x73\x74\x73\x2c\x20\x26\x6b\x65\x79\x29\x3b\0\x20\
\x20\x20\x20\x69\x66\x20\x28\x65\x78\x69\x73\x74\x69\x6e\x67\x5f\x65\x76\x65\
\x6e\x74\x29\x20\x7b\0\x20\x20\x20\x20\x20\x20\x20\x20\x65\x78\x69\x73\x74\x69\
\x6e\x67\x5f\x65\x76\x65\x6e\x74\x2d\x3e\x61\x74\x74\x65\x6d\x70\x74\x73\x2b\
\x2b\x3b\0\x20\x20\x20\x20\x20\x20\x20\x20\x62\x70\x66\x5f\x70\x72\x69\x6e\x74\
\x6b\x28\x22\x4d\x44\x53\x20\x50\x52\x45\x50\x41\x52\x45\x5f\x53\x45\x4e\x44\
\x3a\x20\x52\x65\x74\x72\x79\x20\x64\x65\x74\x65\x63\x74\x65\x64\x20\x54\x49\
\x44\x3d\x25\x6c\x6c\x75\x2c\x20\x61\x74\x74\x65\x6d\x70\x74\x73\x3d\x25\x75\
\x5c\x6e\x22\x2c\x20\x74\x69\x64\x2c\x20\x65\x78\x69\x73\x74\x69\x6e\x67\x5f\
\x65\x76\x65\x6e\x74\x2d\x3e\x61\x74\x74\x65\x6d\x70\x74\x73\x29\x3b\0\x20\x20\
\x20\x20\x73\x74\x72\x75\x63\x74\x20\x6d\x64\x73\x5f\x74\x72\x61\x63\x65\x5f\
\x65\x76\x65\x6e\x74\x20\x7a\x65\x72\x6f\x5f\x65\x76\x65\x6e\x74\x20\x3d\x20\
\x7b\x7d\x3b\0\x20\x20\x20\x20\x62\x70\x66\x5f\x6d\x61\x70\x5f\x75\x70\x64\x61\
\x74\x65\x5f\x65\x6c\x65\x6d\x28\x26\x70\x65\x6e\x64\x69\x6e\x67\x5f\x6d\x64\
\x73\x5f\x72\x65\x71\x75\x65\x73\x74\x73\x2c\x20\x6b\x65\x79\x2c\x20\x26\x7a\
\x65\x72\x6f\x5f\x65\x76\x65\x6e\x74\x2c\x20\x42\x50\x46\x5f\x41\x4e\x59\x29\
\x3b\0\x20\x20\x20\x20\x65\x76\x65\x6e\x74\x20\x3d\x20\x62\x70\x66\x5f\x6d\x61\
\x70\x5f\x6c\x6f\x6f\x6b\x75\x70\x5f\x65\x6c\x65\x6d\x28\x26\x70\x65\x6e\x64\
\x69\x6e\x67\x5f\x6d\x64\x73\x5f\x72\x65\x71\x75\x65\x73\x74\x73\x2c\x20\x26\
\x6b\x65\x79\x29\x3b\0\x20\x20\x20\x20\x69\x66\x20\x28\x21\x65\x76\x65\x6e\x74\
\x29\x20\x7b\0\x20\x20\x20\x20\x65\x76\x65\x6e\x74\x2d\x3e\x63\x6c\x69\x65\x6e\
\x74\x5f\x69\x64\x20\x3d\x20\x63\x6c\x69\x65\x6e\x74\x5f\x69\x64\x3b\0\x20\x20\
\x20\x20\x65\x76\x65\x6e\x74\x2d\x3e\x74\x69\x64\x20\x3d\x20\x74\x69\x64\x3b\0\
\x20\x20\x20\x20\x65\x76\x65\x6e\x74\x2d\x3e\x73\x75\x62\x6d\x69\x74\x5f\x74\
\x69\x6d\x65\x20\x3d\x20\x62\x70\x66\x5f\x6b\x74\x69\x6d\x65\x5f\x67\x65\x74\
\x5f\x6e\x73\x28\x29\x3b\0\x20\x20\x20\x20\x65\x76\x65\x6e\x74\x2d\x3e\x73\x61\
\x66\x65\x5f\x72\x65\x70\x6c\x79\x5f\x74\x69\x6d\x65\x20\x3d\x20\x30\x3b\0\x20\
\x20\x20\x20\x65\x76\x65\x6e\x74\x2d\x3e\x6f\x70\x20\x3d\x20\x6f\x70\x3b\0\x20\
\x20\x20\x20\x65\x76\x65\x6e\x74\x2d\x3e\x70\x69\x64\x20\x3d\x20\x62\x70\x66\
\x5f\x67\x65\x74\x5f\x63\x75\x72\x72\x65\x6e\x74\x5f\x70\x69\x64\x5f\x74\x67\
\x69\x64\x28\x29\x20\x3e\x3e\x20\x33\x32\x3b\0\x20\x20\x20\x20\x62\x70\x66\x5f\
\x67\x65\x74\x5f\x63\x75\x72\x72\x65\x6e\x74\x5f\x63\x6f\x6d\x6d\x28\x26\x65\
\x76\x65\x6e\x74\x2d\x3e\x63\x6f\x6d\x6d\x2c\x20\x73\x69\x7a\x65\x6f\x66\x28\
\x65\x76\x65\x6e\x74\x2d\x3e\x63\x6f\x6d\x6d\x29\x29\x3b\0\x20\x20\x20\x20\x65\
\x76\x65\x6e\x74\x2d\x3e\x6d\x64\x73\x5f\x72\x61\x6e\x6b\x20\x3d\x20\x6d\x64\
\x73\x5f\x72\x61\x6e\x6b\x3b\0\x20\x20\x20\x20\x65\x76\x65\x6e\x74\x2d\x3e\x61\
\x74\x74\x65\x6d\x70\x74\x73\x20\x3d\x20\x31\x3b\x20\x20\x2f\x2f\x20\x46\x69\
\x72\x73\x74\x20\x61\x74\x74\x65\x6d\x70\x74\0\x20\x20\x20\x20\x65\x76\x65\x6e\
\x74\x2d\x3e\x72\x65\x73\x75\x6c\x74\x20\x3d\x20\x30\x3b\0\x20\x20\x20\x20\x65\
\x76\x65\x6e\x74\x2d\x3e\x67\x6f\x74\x5f\x75\x6e\x73\x61\x66\x65\x5f\x72\x65\
\x70\x6c\x79\x20\x3d\x20\x30\x3b\0\x20\x20\x20\x20\x65\x76\x65\x6e\x74\x2d\x3e\
\x67\x6f\x74\x5f\x73\x61\x66\x65\x5f\x72\x65\x70\x6c\x79\x20\x3d\x20\x30\x3b\0\
\x20\x20\x20\x20\x65\x76\x65\x6e\x74\x2d\x3e\x69\x73\x5f\x77\x72\x69\x74\x65\
\x5f\x6f\x70\x20\x3d\x20\x69\x73\x5f\x6d\x64\x73\x5f\x77\x72\x69\x74\x65\x5f\
\x6f\x70\x28\x6f\x70\x29\x3b\0\x20\x20\x20\x20\x20\x20\x20\x20\x6e\x61\x6d\x65\
\x5b\x69\x5d\x20\x3d\x20\x27\x5c\x30\x27\x3b\0\x20\x20\x20\x20\x72\x65\x74\x75\
\x72\x6e\x20\x28\x6f\x70\x20\x26\x20\x30\x78\x30\x30\x31\x30\x30\x30\x29\x20\
\x21\x3d\x20\x30\x3b\0\x20\x20\x20\x20\x67\x65\x74\x5f\x6d\x64\x73\x5f\x6f\x70\
\x5f\x6e\x61\x6d\x65\x28\x6f\x70\x2c\x20\x65\x76\x65\x6e\x74\x2d\x3e\x6f\x70\
\x5f\x6e\x61\x6d\x65\x2c\x20\x43\x45\x50\x48\x5f\x4d\x44\x53\x5f\x4f\x50\x5f\
\x4e\x41\x4d\x45\x5f\x4d\x41\x58\x29\x3b\0\x20\x20\x20\x20\x73\x77\x69\x74\x63\
\x68\x20\x28\x6f\x70\x29\x20\x7b\0\x20\x20\x20\x20\x20\x20\x20\x20\x20\x20\x20\
\x20\x5f\x5f\x62\x75\x69\x6c\x74\x69\x6e\x5f\x6d\x65\x6d\x63\x70\x79\x28\x6e\
\x61\x6d\x65\x2c\x20\x22\x47\x45\x54\x41\x54\x54\x52\x22\x2c\x20\x38\x29\x3b\0\
\x20\x20\x20\x20\x20\x20\x20\x20\x20\x20\x20\x20\x5f\x5f\x62\x75\x69\x6c\x74\
\x69\x6e\x5f\x6d\x65\x6d\x63\x70\x79\x28\x6e\x61\x6d\x65\x2c\x20\x22\x52\x45\
\x4e\x41\x4d\x45\x22\x2c\x20\x37\x29\x3b\0\x20\x20\x20\x20\x20\x20\x20\x20\x20\
\x20\x20\x20\x5f\x5f\x62\x75\x69\x6c\x74\x69\x6e\x5f\x6d\x65\x6d\x63\x70\x79\
\x28\x6e\x61\x6d\x65\x2c\x20\x22\x53\x45\x54\x41\x54\x54\x52\x22\x2c\x20\x38\
\x29\x3b\0\x20\x20\x20\x20\x20\x20\x20\x20\x20\x20\x20\x20\x5f\x5f\x62\x75\x69\
\x6c\x74\x69\x6e\x5f\x6d\x65\x6d\x63\x70\x79\x28\x6e\x61\x6d\x65\x2c\x20\x22\
\x43\x52\x45\x41\x54\x45\x22\x2c\x20\x37\x29\x3b\0\x20\x20\x20\x20\x20\x20\x20\
\x20\x20\x20\x20\x20\x5f\x5f\x62\x75\x69\x6c\x74\x69\x6e\x5f\x6d\x65\x6d\x63\
\x70\x79\x28\x6e\x61\x6d\x65\x2c\x20\x22\x4c\x4f\x4f\x4b\x55\x50\x22\x2c\x20\
\x37\x29\x3b\0\x20\x20\x20\x20\x20\x20\x20\x20\x20\x20\x20\x20\x5f\x5f\x62\x75\
\x69\x6c\x74\x69\x6e\x5f\x6d\x65\x6d\x63\x70\x79\x28\x6e\x61\x6d\x65\x2c\x20\
\x22\x55\x4e\x4c\x49\x4e\x4b\x22\x2c\x20\x37\x29\x3b\0\x20\x20\x20\x20\x65\x76\
\x65\x6e\x74\x2d\x3e\x70\x61\x74\x68\x5b\x30\x5d\x20\x3d\x20\x27\x5c\x30\x27\
\x3b\0\x20\x20\x20\x20\x5f\x5f\x75\x33\x32\x20\x66\x69\x6c\x65\x6e\x61\x6d\x65\
\x5f\x6c\x65\x6e\x20\x3d\x20\x30\x3b\0\x20\x20\x20\x20\x69\x66\x20\x28\x62\x70\
\x66\x5f\x63\x6f\x72\x65\x5f\x72\x65\x61\x64\x28\x26\x64\x65\x6e\x74\x72\x79\
\x2c\x20\x73\x69\x7a\x65\x6f\x66\x28\x64\x65\x6e\x74\x72\x79\x29\x2c\x20\x26\
\x72\x65\x71\x2d\x3e\x72\x5f\x64\x65\x6e\x74\x72\x79\x29\x20\x3d\x3d\x20\x30\
\x20\x26\x26\x20\x64\x65\x6e\x74\x72\x79\x29\x20\x7b\0\x20\x20\x20\x20\x20\x20\
\x20\x20\x69\x66\x20\x28\x62\x70\x66\x5f\x63\x6f\x72\x65\x5f\x72\x65\x61\x64\
\x28\x26\x66\x69\x6c\x65\x6e\x61\x6d\x65\x2c\x20\x73\x69\x7a\x65\x6f\x66\x28\
\x66\x69\x6c\x65\x6e\x61\x6d\x65\x29\x2c\x20\x26\x64\x65\x6e\x74\x72\x79\x2d\
\x3e\x64\x5f\x6e\x61\x6d\x65\x2e\x6e\x61\x6d\x65\x29\x20\x3d\x3d\x20\x30\x20\
\x26\x26\x20\x66\x69\x6c\x65\x6e\x61\x6d\x65\x20\x26\x26\0\x20\x20\x20\x20\x20\
\x20\x20\x20\x20\x20\x20\x20\x62\x70\x66\x5f\x63\x6f\x72\x65\x5f\x72\x65\x61\
\x64\x28\x26\x66\x69\x6c\x65\x6e\x61\x6d\x65\x5f\x6c\x65\x6e\x2c\x20\x73\x69\
\x7a\x65\x6f\x66\x28\x66\x69\x6c\x65\x6e\x61\x6d\x65\x5f\x6c\x65\x6e\x29\x2c\
\x20\x26\x64\x65\x6e\x74\x72\x79\x2d\x3e\x64\x5f\x6e\x61\x6d\x65\x2e\x6c\x65\
\x6e\x29\x20\x3d\x3d\x20\x30\x20\x26\x26\x20\x66\x69\x6c\x65\x6e\x61\x6d\x65\
\x5f\x6c\x65\x6e\x20\x3e\x20\x30\x29\x20\x7b\0\x20\x20\x20\x20\x20\x20\x20\x20\
\x20\x20\x20\x20\x69\x66\x20\x28\x66\x69\x6c\x65\x6e\x61\x6d\x65\x5f\x6c\x65\
\x6e\x20\x3e\x3d\x20\x43\x45\x50\x48\x5f\x4d\x44\x53\x5f\x50\x41\x54\x48\x5f\
\x4d\x41\x58\x29\x20\x7b\0\x20\x20\x20\x20\x20\x20\x20\x20\x20\x20\x20\x20\x20\
\x20\x20\x20\x66\x69\x6c\x65\x6e\x61\x6d\x65\x5f\x6c\x65\x6e\x20\x3d\x20\x43\
\x45\x50\x48\x5f\x4d\x44\x53\x5f\x50\x41\x54\x48\x5f\x4d\x41\x58\x20\x2d\x20\
\x31\x3b\0\x20\x20\x20\x20\x20\x20\x20\x20\x20\x20\x20\x20\x69\x66\x20\x28\x62\
\x70\x66\x5f\x63\x6f\x72\x65\x5f\x72\x65\x61\x64\x5f\x73\x74\x72\x28\x65\x76\
\x65\x6e\x74\x2d\x3e\x70\x61\x74\x68\x2c\x20\x66\x69\x6c\x65\x6e\x61\x6d\x65\
\x5f\x6c\x65\x6e\x20\x2b\x20\x31\x2c\x20\x66\x69\x6c\x65\x6e\x61\x6d\x65\x29\
\x20\x3c\x3d\x20\x30\x29\x20\x7b\0\x20\x20\x20\x20\x20\x20\x20\x20\x20\x20\x20\
\x20\x20\x20\x20\x20\x65\x76\x65\x6e\x74\x2d\x3e\x70\x61\x74\x68\x5b\x30\x5d\
\x20\x3d\x20\x27\x5c\x30\x27\x3b\0\x20\x20\x20\x20\x20\x20\x20\x20\x20\x20\x20\
\x20\x62\x70\x66\x5f\x70\x72\x69\x6e\x74\x6b\x28\x22\x4d\x44\x53\x20\x50\x52\
\x45\x50\x41\x52\x45\x5f\x53\x45\x4e\x44\x3a\x20\x64\x65\x6e\x74\x72\x79\x20\
\x6e\x61\x6d\x65\x3d\x27\x25\x73\x27\x5c\x6e\x22\x2c\x20\x65\x76\x65\x6e\x74\
\x2d\x3e\x70\x61\x74\x68\x29\x3b\0\x20\x20\x20\x20\x69\x66\x20\x28\x65\x76\x65\
\x6e\x74\x2d\x3e\x70\x61\x74\x68\x5b\x30\x5d\x20\x3d\x3d\x20\x27\x5c\x30\x27\
\x29\x20\x7b\0\x20\x20\x20\x20\x20\x20\x20\x20\x65\x76\x65\x6e\x74\x2d\x3e\x70\
\x61\x74\x68\x5b\x31\x5d\x20\x3d\x20\x27\x5c\x30\x27\x3b\0\x20\x20\x20\x20\x20\
\x20\x20\x20\x65\x76\x65\x6e\x74\x2d\x3e\x70\x61\x74\x68\x5b\x30\x5d\x20\x3d\
\x20\x27\x3f\x27\x3b\0\x20\x20\x20\x20\x62\x70\x66\x5f\x70\x72\x69\x6e\x74\x6b\
\x28\x22\x4d\x44\x53\x20\x50\x52\x45\x50\x41\x52\x45\x5f\x53\x45\x4e\x44\x3a\
\x20\x53\x74\x6f\x72\x65\x64\x20\x54\x49\x44\x3d\x25\x6c\x6c\x75\x20\x43\x4c\
\x49\x45\x4e\x54\x5f\x49\x44\x3d\x25\x6c\x6c\x75\x5c\x6e\x22\x2c\x20\x74\x69\
\x64\x2c\x20\x63\x6c\x69\x65\x6e\x74\x5f\x69\x64\x29\x3b\0\x20\x20\x20\x20\x20\
\x20\x20\x20\x20\x20\x20\x20\x5f\x5f\x62\x75\x69\x6c\x74\x69\x6e\x5f\x6d\x65\
\x6d\x63\x70\x79\x28\x6e\x61\x6d\x65\x2c\x20\x22\x4f\x50\x45\x4e\x22\x2c\x20\
\x35\x29\x3b\0\x20\x20\x20\x20\x20\x20\x20\x20\x20\x20\x20\x20\x5f\x5f\x62\x75\
\x69\x6c\x74\x69\x6e\x5f\x6d\x65\x6d\x63\x70\x79\x28\x6e\x61\x6d\x65\x2c\x20\
\x22\x4d\x4b\x44\x49\x52\x22\x2c\x20\x36\x29\x3b\0\x20\x20\x20\x20\x20\x20\x20\
\x20\x20\x20\x20\x20\x5f\x5f\x62\x75\x69\x6c\x74\x69\x6e\x5f\x6d\x65\x6d\x63\
\x70\x79\x28\x6e\x61\x6d\x65\x2c\x20\x22\x52\x45\x41\x44\x44\x49\x52\x22\x2c\
\x20\x38\x29\x3b\0\x20\x20\x20\x20\x20\x20\x20\x20\x20\x20\x20\x20\x5f\x5f\x62\
\x75\x69\x6c\x74\x69\x6e\x5f\x6d\x65\x6d\x63\x70\x79\x28\x6e\x61\x6d\x65\x2c\
\x20\x22\x52\x4d\x44\x49\x52\x22\x2c\x20\x36\x29\x3b\0\x20\x20\x20\x20\x20\x20\
\x20\x20\x20\x20\x20\x20\x20\x20\x20\x20\x76\x61\x6c\x20\x3e\x3e\x3d\x20\x34\
\x3b\0\x20\x20\x20\x20\x20\x20\x20\x20\x20\x20\x20\x20\x20\x20\x20\x20\x5f\x5f\
\x75\x38\x20\x64\x69\x67\x69\x74\x20\x3d\x20\x76\x61\x6c\x20\x26\x20\x30\x78\
\x46\x3b\0\x20\x20\x20\x20\x20\x20\x20\x20\x20\x20\x20\x20\x20\x20\x20\x20\x6e\
\x61\x6d\x65\x5b\x69\x5d\x20\x3d\x20\x28\x64\x69\x67\x69\x74\x20\x3c\x20\x31\
\x30\x29\x20\x3f\x20\x28\x27\x30\x27\x20\x2b\x20\x64\x69\x67\x69\x74\x29\x20\
\x3a\x20\x28\x27\x41\x27\x20\x2b\x20\x64\x69\x67\x69\x74\x20\x2d\x20\x31\x30\
\x29\x3b\0\x20\x20\x20\x20\x20\x20\x20\x20\x20\x20\x20\x20\x6e\x61\x6d\x65\x5b\
\x32\x5d\x20\x3d\x20\x27\x5f\x27\x3b\0\x20\x20\x20\x20\x20\x20\x20\x20\x20\x20\
\x20\x20\x6e\x61\x6d\x65\x5b\x31\x5d\x20\x3d\x20\x27\x50\x27\x3b\0\x20\x20\x20\
\x20\x20\x20\x20\x20\x20\x20\x20\x20\x6e\x61\x6d\x65\x5b\x30\x5d\x20\x3d\x20\
\x27\x4f\x27\x3b\0\x20\x20\x20\x20\x69\x66\x20\x28\x62\x70\x66\x5f\x63\x6f\x72\
\x65\x5f\x72\x65\x61\x64\x28\x26\x6d\x73\x67\x5f\x74\x79\x70\x65\x2c\x20\x73\
\x69\x7a\x65\x6f\x66\x28\x6d\x73\x67\x5f\x74\x79\x70\x65\x29\x2c\x20\x26\x6d\
\x73\x67\x2d\x3e\x68\x64\x72\x2e\x74\x79\x70\x65\x29\x20\x21\x3d\x20\x30\x29\
\x20\x7b\0\x20\x20\x20\x20\x62\x70\x66\x5f\x70\x72\x69\x6e\x74\x6b\x28\x22\x3d\
\x3d\x3d\x20\x4d\x44\x53\x20\x44\x49\x53\x50\x41\x54\x43\x48\x3a\x20\x43\x4c\
\x49\x45\x4e\x54\x5f\x52\x45\x50\x4c\x59\x20\x6d\x65\x73\x73\x61\x67\x65\x20\
\x3d\x3d\x3d\x5c\x6e\x22\x29\x3b\0\x20\x20\x20\x20\x69\x66\x20\x28\x62\x70\x66\
\x5f\x63\x6f\x72\x65\x5f\x72\x65\x61\x64\x28\x26\x74\x69\x64\x2c\x20\x73\x69\
\x7a\x65\x6f\x66\x28\x74\x69\x64\x29\x2c\x20\x26\x68\x64\x72\x2d\x3e\x74\x69\
\x64\x29\x20\x21\x3d\x20\x30\x29\x20\x7b\0\x20\x20\x20\x20\x20\x20\x20\x20\x62\
\x70\x66\x5f\x70\x72\x69\x6e\x74\x6b\x28\x22\x4d\x44\x53\x20\x44\x49\x53\x50\
\x41\x54\x43\x48\x3a\x20\x46\x61\x69\x6c\x65\x64\x20\x74\x6f\x20\x72\x65\x61\
\x64\x20\x54\x49\x44\x5c\x6e\x22\x29\x3b\0\x20\x20\x20\x20\x62\x70\x66\x5f\x70\
\x72\x69\x6e\x74\x6b\x28\x22\x4d\x44\x53\x20\x44\x49\x53\x50\x41\x54\x43\x48\
\x3a\x20\x54\x49\x44\x3d\x25\x6c\x6c\x75\x5c\x6e\x22\x2c\x20\x74\x69\x64\x29\
\x3b\0\x20\x20\x20\x20\x69\x66\x20\x28\x62\x70\x66\x5f\x63\x6f\x72\x65\x5f\x72\
\x65\x61\x64\x28\x26\x73\x65\x73\x73\x69\x6f\x6e\x2c\x20\x73\x69\x7a\x65\x6f\
\x66\x28\x73\x65\x73\x73\x69\x6f\x6e\x29\x2c\x20\x26\x63\x6f\x6e\x2d\x3e\x70\
\x72\x69\x76\x61\x74\x65\x29\x20\x21\x3d\x20\x30\x20\x7c\x7c\x20\x21\x73\x65\
\x73\x73\x69\x6f\x6e\x29\x20\x7b\0\x20\x20\x20\x20\x69\x66\x20\x28\x62\x70\x66\
\x5f\x63\x6f\x72\x65\x5f\x72\x65\x61\x64\x28\x26\x6d\x64\x73\x63\x2c\x20\x73\
\x69\x7a\x65\x6f\x66\x28\x6d\x64\x73\x63\x29\x2c\x20\x26\x73\x65\x73\x73\x69\
\x6f\x6e\x2d\x3e\x73\x5f\x6d\x64\x73\x63\x29\x20\x3d\x3d\x20\x30\x20\x26\x26\0\
\x20\x20\x20\x20\x20\x20\x20\x20\x62\x70\x66\x5f\x70\x72\x69\x6e\x74\x6b\x28\
\x22\x4d\x44\x53\x20\x44\x49\x53\x50\x41\x54\x43\x48\x3a\x20\x4e\x6f\x20\x70\
\x65\x6e\x64\x69\x6e\x67\x20\x72\x65\x71\x75\x65\x73\x74\x20\x66\x6f\x72\x20\
\x54\x49\x44\x3d\x25\x6c\x6c\x75\x5c\x6e\x22\x2c\x20\x74\x69\x64\x29\x3b\0\x20\
\x20\x20\x20\x62\x70\x66\x5f\x70\x72\x69\x6e\x74\x6b\x28\x22\x4d\x44\x53\x20\
\x44\x49\x53\x50\x41\x54\x43\x48\x3a\x20\x46\x6f\x75\x6e\x64\x20\x70\x65\x6e\
\x64\x69\x6e\x67\x20\x54\x49\x44\x3d\x25\x6c\x6c\x75\x5c\x6e\x22\x2c\x20\x74\
\x69\x64\x29\x3b\0\x20\x20\x20\x20\x69\x66\x20\x28\x62\x70\x66\x5f\x63\x6f\x72\
\x65\x5f\x72\x65\x61\x64\x28\x26\x68\x65\x61\x64\x2c\x20\x73\x69\x7a\x65\x6f\
\x66\x28\x68\x65\x61\x64\x29\x2c\x20\x26\x6d\x73\x67\x2d\x3e\x66\x72\x6f\x6e\
\x74\x2e\x69\x6f\x76\x5f\x62\x61\x73\x65\x29\x20\x21\x3d\x20\x30\x29\x20\x7b\0\
\x20\x20\x20\x20\x69\x66\x20\x28\x62\x70\x66\x5f\x63\x6f\x72\x65\x5f\x72\x65\
\x61\x64\x28\x26\x73\x61\x66\x65\x5f\x66\x6c\x61\x67\x2c\x20\x73\x69\x7a\x65\
\x6f\x66\x28\x73\x61\x66\x65\x5f\x66\x6c\x61\x67\x29\x2c\x20\x26\x68\x65\x61\
\x64\x2d\x3e\x73\x61\x66\x65\x29\x20\x21\x3d\x20\x30\x20\x7c\x7c\0\x20\x20\x20\
\x20\x20\x20\x20\x20\x62\x70\x66\x5f\x63\x6f\x72\x65\x5f\x72\x65\x61\x64\x28\
\x26\x72\x65\x73\x75\x6c\x74\x2c\x20\x73\x69\x7a\x65\x6f\x66\x28\x72\x65\x73\
\x75\x6c\x74\x29\x2c\x20\x26\x68\x65\x61\x64\x2d\x3e\x72\x65\x73\x75\x6c\x74\
\x29\x20\x21\x3d\x20\x30\x29\x20\x7b\0\x20\x20\x20\x20\x62\x70\x66\x5f\x70\x72\
\x69\x6e\x74\x6b\x28\x22\x74\x72\x61\x63\x65\x5f\x6d\x64\x73\x5f\x68\x61\x6e\
\x64\x6c\x65\x5f\x72\x65\x70\x6c\x79\x3a\x20\x74\x69\x64\x3d\x25\x6c\x6c\x75\
\x20\x73\x61\x66\x65\x3d\x25\x75\x20\x72\x65\x73\x75\x6c\x74\x3d\x25\x64\x5c\
\x6e\x22\x2c\x20\x74\x69\x64\x2c\x20\x73\x61\x66\x65\x5f\x66\x6c\x61\x67\x2c\
\x20\x72\x65\x73\x75\x6c\x74\x29\x3b\0\x20\x20\x20\x20\x63\x75\x72\x72\x65\x6e\
\x74\x5f\x74\x69\x6d\x65\x20\x3d\x20\x62\x70\x66\x5f\x6b\x74\x69\x6d\x65\x5f\
\x67\x65\x74\x5f\x6e\x73\x28\x29\x3b\0\x20\x20\x20\x20\x65\x76\x65\x6e\x74\x2d\
\x3e\x72\x65\x73\x75\x6c\x74\x20\x3d\x20\x72\x65\x73\x75\x6c\x74\x3b\0\x20\x20\
\x20\x20\x69\x66\x20\x28\x73\x61\x66\x65\x5f\x66\x6c\x61\x67\x29\x20\x7b\0\x20\
\x20\x20\x20\x20\x20\x20\x20\x65\x76\x65\x6e\x74\x2d\x3e\x73\x61\x66\x65\x5f\
\x6c\x61\x74\x65\x6e\x63\x79\x5f\x75\x73\x20\x3d\x20\x28\x63\x75\x72\x72\x65\
\x6e\x74\x5f\x74\x69\x6d\x65\x20\x2d\x20\x65\x76\x65\x6e\x74\x2d\x3e\x73\x75\
\x62\x6d\x69\x74\x5f\x74\x69\x6d\x65\x29\x20\x2f\x20\x31\x30\x30\x30\x3b\0\x20\
\x20\x20\x20\x20\x20\x20\x20\x65\x76\x65\x6e\x74\x2d\x3e\x67\x6f\x74\x5f\x73\
\x61\x66\x65\x5f\x72\x65\x70\x6c\x79\x20\x3d\x20\x31\x3b\0\x20\x20\x20\x20\x20\
\x20\x20\x20\x65\x76\x65\x6e\x74\x2d\x3e\x73\x61\x66\x65\x5f\x72\x65\x70\x6c\
\x79\x5f\x74\x69\x6d\x65\x20\x3d\x20\x63\x75\x72\x72\x65\x6e\x74\x5f\x74\x69\
\x6d\x65\x3b\0\x20\x20\x20\x20\x20\x20\x20\x20\x6f\x75\x74\x70\x75\x74\x5f\x65\
\x76\x65\x6e\x74\x20\x3d\x20\x62\x70\x66\x5f\x72\x69\x6e\x67\x62\x75\x66\x5f\
\x72\x65\x73\x65\x72\x76\x65\x28\x26\x6d\x64\x73\x5f\x72\x62\x2c\x20\x73\x69\
\x7a\x65\x6f\x66\x28\x73\x74\x72\x75\x63\x74\x20\x6d\x64\x73\x5f\x74\x72\x61\
\x63\x65\x5f\x65\x76\x65\x6e\x74\x29\x2c\x20\x30\x29\x3b\0\x20\x20\x20\x20\x20\
\x20\x20\x20\x69\x66\x20\x28\x6f\x75\x74\x70\x75\x74\x5f\x65\x76\x65\x6e\x74\
\x29\x20\x7b\0\x20\x20\x20\x20\x20\x20\x20\x20\x20\x20\x20\x20\x2a\x6f\x75\x74\
\x70\x75\x74\x5f\x65\x76\x65\x6e\x74\x20\x3d\x20\x2a\x65\x76\x65\x6e\x74\x3b\0\
\x20\x20\x20\x20\x20\x20\x20\x20\x20\x20\x20\x20\x62\x70\x66\x5f\x72\x69\x6e\
\x67\x62\x75\x66\x5f\x73\x75\x62\x6d\x69\x74\x28\x6f\x75\x74\x70\x75\x74\x5f\
\x65\x76\x65\x6e\x74\x2c\x20\x30\x29\x3b\0\x20\x20\x20\x20\x20\x20\x20\x20\x62\
\x70\x66\x5f\x6d\x61\x70\x5f\x64\x65\x6c\x65\x74\x65\x5f\x65\x6c\x65\x6d\x28\
\x26\x70\x65\x6e\x64\x69\x6e\x67\x5f\x6d\x64\x73\x5f\x72\x65\x71\x75\x65\x73\
\x74\x73\x2c\x20\x26\x6b\x65\x79\x29\x3b\0\x20\x20\x20\x20\x20\x20\x20\x20\x62\
\x70\x66\x5f\x70\x72\x69\x6e\x74\x6b\x28\x22\x74\x72\x61\x63\x65\x5f\x6d\x64\
\x73\x5f\x68\x61\x6e\x64\x6c\x65\x5f\x72\x65\x70\x6c\x79\x3a\x20\x63\x6f\x6d\
\x70\x6c\x65\x74\x65\x64\x20\x72\x65\x71\x75\x65\x73\x74\x20\x28\x73\x61\x66\
\x65\x20\x72\x65\x70\x6c\x79\x29\x20\x74\x69\x64\x3d\x25\x6c\x6c\x75\x5c\x6e\
\x22\x2c\x20\x74\x69\x64\x29\x3b\0\x20\x20\x20\x20\x20\x20\x20\x20\x65\x76\x65\
\x6e\x74\x2d\x3e\x75\x6e\x73\x61\x66\x65\x5f\x6c\x61\x74\x65\x6e\x63\x79\x5f\
\x75\x73\x20\x3d\x20\x28\x63\x75\x72\x72\x65\x6e\x74\x5f\x74\x69\x6d\x65\x20\
\x2d\x20\x65\x76\x65\x6e\x74\x2d\x3e\x73\x75\x62\x6d\x69\x74\x5f\x74\x69\x6d\
\x65\x29\x20\x2f\x20\x31\x30\x30\x30\x3b\0\x20\x20\x20\x20\x20\x20\x20\x20\x65\
\x76\x65\x6e\x74\x2d\x3e\x67\x6f\x74\x5f\x75\x6e\x73\x61\x66\x65\x5f\x72\x65\
\x70\x6c\x79\x20\x3d\x20\x31\x3b\0\x20\x20\x20\x20\x20\x20\x20\x20\x65\x76\x65\
\x6e\x74\x2d\x3e\x75\x6e\x73\x61\x66\x65\x5f\x72\x65\x70\x6c\x79\x5f\x74\x69\
\x6d\x65\x20\x3d\x20\x63\x75\x72\x72\x65\x6e\x74\x5f\x74\x69\x6d\x65\x3b\0\x20\
\x20\x20\x20\x20\x20\x20\x20\x62\x70\x66\x5f\x6d\x61\x70\x5f\x75\x70\x64\x61\
\x74\x65\x5f\x65\x6c\x65\x6d\x28\x26\x70\x65\x6e\x64\x69\x6e\x67\x5f\x6d\x64\
\x73\x5f\x72\x65\x71\x75\x65\x73\x74\x73\x2c\x20\x26\x6b\x65\x79\x2c\x20\x65\
\x76\x65\x6e\x74\x2c\x20\x42\x50\x46\x5f\x45\x58\x49\x53\x54\x29\x3b\0\x20\x20\
\x20\x20\x20\x20\x20\x20\x62\x70\x66\x5f\x70\x72\x69\x6e\x74\x6b\x28\x22\x74\
\x72\x61\x63\x65\x5f\x6d\x64\x73\x5f\x68\x61\x6e\x64\x6c\x65\x5f\x72\x65\x70\
\x6c\x79\x3a\x20\x67\x6f\x74\x20\x75\x6e\x73\x61\x66\x65\x20\x72\x65\x70\x6c\
\x79\x2c\x20\x77\x61\x69\x74\x69\x6e\x67\x20\x66\x6f\x72\x20\x73\x61\x66\x65\
\x20\x72\x65\x70\x6c\x79\x20\x74\x69\x64\x3d\x25\x6c\x6c\x75\x5c\x6e\x22\x2c\
\x20\x74\x69\x64\x29\x3b\0\x30\x3a\x31\x34\0\x30\x3a\x30\0\x30\x3a\x34\0\x30\
\x3a\x33\0\x30\x3a\x31\x31\0\x30\x3a\x31\x30\x3a\x30\x3a\x30\0\x30\x3a\x31\0\
\x30\x3a\x35\0\x30\x3a\x38\x3a\x31\0\x30\x3a\x38\x3a\x30\0\x30\x3a\x32\x3a\x32\
\0\x30\x3a\x32\x3a\x31\0\x30\x3a\x30\x3a\x30\0\x30\x3a\x30\x3a\x31\0\x30\x3a\
\x39\0\x30\x3a\x33\x31\0\x30\x3a\x35\x3a\x31\x3a\x30\0\x30\x3a\x35\x3a\x31\x3a\
\x31\0\x30\x3a\x35\x3a\x33\x3a\x30\0\x30\x3a\x35\x3a\x33\x3a\x35\0\x30\x3a\x35\
\x3a\x33\x3a\x31\0\x30\x3a\x35\x3a\x33\x3a\x36\0\x30\x3a\x31\x33\0\x30\x3a\x32\
\0\x30\x3a\x36\0\x30\x3a\x34\x3a\x31\0\x30\x3a\x34\x3a\x30\x3a\x30\x3a\x31\0\
\x30\x3a\x30\x3a\x32\0\x30\x3a\x32\x3a\x30\0\x6c\x69\x63\x65\x6e\x73\x65\0\x2e\
\x72\x6f\x64\x61\x74\x61\0\x2e\x6d\x61\x70\x73\0\x6b\x70\x72\x6f\x62\x65\x2f\
\x73\x65\x6e\x64\x5f\x72\x65\x71\x75\x65\x73\x74\0\x6b\x70\x72\x6f\x62\x65\x2f\
\x6f\x73\x64\x5f\x64\x69\x73\x70\x61\x74\x63\x68\0\x6b\x70\x72\x6f\x62\x65\x2f\
\x5f\x5f\x70\x72\x65\x70\x61\x72\x65\x5f\x73\x65\x6e\x64\x5f\x72\x65\x71\x75\
\x65\x73\x74\0\x6b\x70\x72\x6f\x62\x65\x2f\x6d\x64\x73\x5f\x64\x69\x73\x70\x61\
\x74\x63\x68\0\0\0\0\0\0\0\0\x9f\xeb\x01\0\x20\0\0\0\0\0\0\0\x44\0\0\0\x44\0\0\
\0\xc4\x16\0\0\x08\x17\0\0\x94\x04\0\0\x08\0\0\0\xd3\x61\0\0\x01\0\0\0\0\0\0\0\
\x36\0\0\0\xe7\x61\0\0\x01\0\0\0\0\0\0\0\x1c\x01\0\0\xfb\x61\0\0\x01\0\0\0\0\0\
\0\0\x1d\x01\0\0\x19\x62\0\0\x01\0\0\0\0\0\0\0\x7a\x01\0\0\x10\0\0\0\xd3\x61\0\
\0\x7e\0\0\0\0\0\0\0\x5e\x31\0\0\x87\x31\0\0\x3f\x44\x03\0\x08\0\0\0\x5e\x31\0\
\0\xd9\x31\0\0\x05\x5c\x03\0\x48\0\0\0\x5e\x31\0\0\0\0\0\0\0\0\0\0\x50\0\0\0\
\x5e\x31\0\0\x0a\x32\0\0\x09\x68\x03\0\x60\0\0\0\x5e\x31\0\0\x0a\x32\0\0\x09\
\x68\x03\0\x68\0\0\0\x5e\x31\0\0\x48\x32\0\0\x09\x6c\x03\0\x88\0\0\0\x5e\x31\0\
\0\x88\x32\0\0\x01\xec\x05\0\x98\0\0\0\x5e\x31\0\0\x8a\x32\0\0\x05\x7c\x03\0\
\xe8\0\0\0\x5e\x31\0\0\xc1\x32\0\0\x09\x8c\x03\0\xf8\0\0\0\x5e\x31\0\0\xc1\x32\
\0\0\x09\x8c\x03\0\x08\x01\0\0\x5e\x31\0\0\xfd\x32\0\0\x09\x98\x03\0\x38\x01\0\
\0\x5e\x31\0\0\xfd\x32\0\0\x09\x98\x03\0\x60\x01\0\0\x5e\x31\0\0\0\0\0\0\0\0\0\
\0\x68\x01\0\0\x5e\x31\0\0\x49\x33\0\0\x09\xc0\x03\0\x80\x01\0\0\x5e\x31\0\0\
\x49\x33\0\0\x3f\xc0\x03\0\x90\x01\0\0\x5e\x31\0\0\x8a\x33\0\0\x09\xc4\x03\0\
\xc0\x01\0\0\x5e\x31\0\0\x8a\x33\0\0\x44\xc4\x03\0\xd0\x01\0\0\x5e\x31\0\0\xd0\
\x33\0\0\x09\xc8\x03\0\0\x02\0\0\x5e\x31\0\0\x49\x33\0\0\x09\xc0\x03\0\x18\x02\
\0\0\x5e\x31\0\0\x2a\x34\0\0\x21\xcc\x03\0\xe0\x02\0\0\x5e\x31\0\0\x4f\x34\0\0\
\x05\xd8\x03\0\x08\x03\0\0\x5e\x31\0\0\x92\x34\0\0\x13\xe4\x03\0\x10\x03\0\0\
\x5e\x31\0\0\xb1\x34\0\0\x0f\xe8\x03\0\x18\x03\0\0\x5e\x31\0\0\xb1\x34\0\0\x0d\
\xe8\x03\0\x28\x03\0\0\x5e\x31\0\0\0\0\0\0\0\0\0\0\x30\x03\0\0\x5e\x31\0\0\xc4\
\x34\0\0\x30\xf4\x03\0\x48\x03\0\0\x5e\x31\0\0\x21\x35\0\0\x09\xf8\x03\0\x50\
\x03\0\0\x5e\x31\0\0\x3a\x35\0\0\x20\0\x04\0\xf8\x03\0\0\x5e\x31\0\0\x5d\x35\0\
\0\x09\x04\x04\0\x18\x04\0\0\x5e\x31\0\0\0\0\0\0\0\0\0\0\x30\x04\0\0\x5e\x31\0\
\0\xcd\x35\0\0\x1f\x10\x03\0\x60\x05\0\0\x5e\x31\0\0\0\0\0\0\0\0\0\0\x78\x05\0\
\0\x5e\x31\0\0\xfc\x35\0\0\x05\x14\x03\0\xa0\x05\0\0\x5e\x31\0\0\x43\x36\0\0\
\x0c\x20\x04\0\xc0\x05\0\0\x5e\x31\0\0\x7c\x36\0\0\x09\x24\x04\0\xc8\x05\0\0\
\x5e\x31\0\0\x8d\x36\0\0\x15\x3c\x04\0\xd8\x05\0\0\x5e\x31\0\0\xae\x36\0\0\x11\
\x38\x04\0\xe0\x05\0\0\x5e\x31\0\0\x8d\x36\0\0\x15\x3c\x04\0\x78\x06\0\0\x5e\
\x31\0\0\xae\x36\0\0\x0f\x38\x04\0\x28\x07\0\0\x5e\x31\0\0\xc3\x36\0\0\x18\x40\
\x04\0\x30\x07\0\0\x5e\x31\0\0\xc3\x36\0\0\x16\x40\x04\0\xd8\x07\0\0\x5e\x31\0\
\0\xee\x36\0\0\x19\x44\x04\0\xe0\x07\0\0\x5e\x31\0\0\xee\x36\0\0\x17\x44\x04\0\
\x28\x08\0\0\x5e\x31\0\0\x13\x37\0\0\x11\x48\x04\0\x30\x08\0\0\x5e\x31\0\0\x13\
\x37\0\0\x0f\x48\x04\0\x78\x08\0\0\x5e\x31\0\0\x13\x37\0\0\x2c\x48\x04\0\x80\
\x08\0\0\x5e\x31\0\0\x13\x37\0\0\x0f\x48\x04\0\x88\x08\0\0\x5e\x31\0\0\x45\x37\
\0\0\x21\x4c\x04\0\x98\x08\0\0\x5e\x31\0\0\x45\x37\0\0\x05\x4c\x04\0\xa8\x08\0\
\0\x5e\x31\0\0\x80\x37\0\0\x14\x50\x04\0\xf0\x08\0\0\x5e\x31\0\0\xaa\x37\0\0\
\x09\x68\x04\0\x28\x09\0\0\x5e\x31\0\0\xaa\x37\0\0\x09\x68\x04\0\x30\x09\0\0\
\x5e\x31\0\0\x0d\x38\0\0\x13\x6c\x04\0\x88\x09\0\0\x5e\x31\0\0\x0d\x38\0\0\x0d\
\x6c\x04\0\x98\x09\0\0\x5e\x31\0\0\x3f\x38\0\0\x1f\x70\x04\0\xd8\x09\0\0\x5e\
\x31\0\0\x71\x38\0\0\x09\x7c\x04\0\x18\x0a\0\0\x5e\x31\0\0\xd3\x38\0\0\x09\x90\
\x04\0\x30\x0a\0\0\x5e\x31\0\0\xd3\x38\0\0\x09\x90\x04\0\x38\x0a\0\0\x5e\x31\0\
\0\x2c\x39\0\0\x21\x94\x04\0\x50\x0a\0\0\x5e\x31\0\0\x56\x39\0\0\x0d\x98\x04\0\
\x60\x0a\0\0\x5e\x31\0\0\0\0\0\0\0\0\0\0\xc8\x0a\0\0\x5e\x31\0\0\x93\x39\0\0\
\x09\xa8\x04\0\x08\x0b\0\0\x5e\x31\0\0\xfd\x39\0\0\x09\xbc\x04\0\x20\x0b\0\0\
\x5e\x31\0\0\xfd\x39\0\0\x09\xbc\x04\0\x30\x0b\0\0\x5e\x31\0\0\x42\x3a\0\0\x24\
\xc0\x04\0\x40\x0b\0\0\x5e\x31\0\0\x42\x3a\0\0\x17\xc0\x04\0\xf8\x0b\0\0\x5e\
\x31\0\0\x6b\x3a\0\0\x09\xc8\x04\0\0\x0c\0\0\x5e\x31\0\0\xcb\x3a\0\0\x15\xc4\
\x04\0\x50\x0c\0\0\x5e\x31\0\0\x6b\x3a\0\0\x09\xc8\x04\0\x88\x0c\0\0\x5e\x31\0\
\0\x1a\x3b\0\0\x09\xdc\x04\0\xa8\x0c\0\0\x5e\x31\0\0\x1a\x3b\0\0\x09\xdc\x04\0\
\xb0\x0c\0\0\x5e\x31\0\0\x5f\x3b\0\0\x09\xe8\x04\0\xb8\x0c\0\0\x5e\x31\0\0\xd6\
\x3b\0\0\x1a\xe0\x04\0\xd8\x0c\0\0\x5e\x31\0\0\xd6\x3b\0\0\x18\xe0\x04\0\xe0\
\x0c\0\0\x5e\x31\0\0\x16\x3c\0\0\x19\xe4\x04\0\xf0\x0c\0\0\x5e\x31\0\0\x16\x3c\
\0\0\x17\xe4\x04\0\xf8\x0c\0\0\x5e\x31\0\0\x5f\x3b\0\0\x09\xe8\x04\0\x38\x0d\0\
\0\x5e\x31\0\0\x60\x3c\0\0\x09\xfc\x04\0\x50\x0d\0\0\x5e\x31\0\0\x60\x3c\0\0\
\x4c\xfc\x04\0\x70\x0d\0\0\x5e\x31\0\0\xbf\x3c\0\0\x1a\0\x05\0\x88\x0d\0\0\x5e\
\x31\0\0\xbf\x3c\0\0\x18\0\x05\0\x98\x0d\0\0\x5e\x31\0\0\x15\x3d\0\0\x16\x08\
\x05\0\x18\x0e\0\0\x5e\x31\0\0\x2f\x3d\0\0\x09\x14\x05\0\x38\x0e\0\0\x5e\x31\0\
\0\x15\x3d\0\0\x0f\x08\x05\0\x50\x0e\0\0\x5e\x31\0\0\x7a\x3d\0\0\x0f\x04\x05\0\
\x50\x0f\0\0\x5e\x31\0\0\x2f\x3d\0\0\x09\x14\x05\0\x58\x0f\0\0\x5e\x31\0\0\x2f\
\x3d\0\0\0\x14\x05\0\x88\x0f\0\0\x5e\x31\0\0\x2f\x3d\0\0\x09\x14\x05\0\x90\x0f\
\0\0\x5e\x31\0\0\x94\x3d\0\0\x05\xe0\x05\0\xc0\x0f\0\0\x5e\x31\0\0\xf8\x3d\0\0\
\x11\x1c\x05\0\xe0\x0f\0\0\x5e\x31\0\0\0\0\0\0\0\0\0\0\xe8\x0f\0\0\x5e\x31\0\0\
\xf8\x3d\0\0\x11\x1c\x05\0\xf8\x0f\0\0\x5e\x31\0\0\xf8\x3d\0\0\x11\x1c\x05\0\0\
\x10\0\0\x5e\x31\0\0\x4c\x3e\0\0\x20\x20\x05\0\x08\x10\0\0\x5e\x31\0\0\x4c\x3e\
\0\0\x1e\x20\x05\0\x28\x10\0\0\x5e\x31\0\0\x74\x3e\0\0\x23\xfc\0\0\xc8\x10\0\0\
\x5e\x31\0\0\x99\x3e\0\0\x3a\x30\x05\0\x78\x11\0\0\x5e\x31\0\0\x99\x3e\0\0\x46\
\x30\x05\0\x88\x11\0\0\x5e\x31\0\0\x99\x3e\0\0\x4f\x30\x05\0\x38\x12\0\0\x5e\
\x31\0\0\x99\x3e\0\0\x15\x30\x05\0\x40\x12\0\0\x5e\x31\0\0\xf6\x3e\0\0\x15\x34\
\x05\0\x70\x12\0\0\x5e\x31\0\0\x5c\x3f\0\0\x15\x38\x05\0\xa8\x12\0\0\x5e\x31\0\
\0\xc2\x3f\0\0\x15\x3c\x05\0\x38\x14\0\0\x5e\x31\0\0\x30\x40\0\0\x1c\x40\x05\0\
\x48\x14\0\0\x5e\x31\0\0\x68\x40\0\0\x21\x48\x05\0\x50\x14\0\0\x5e\x31\0\0\x9b\
\x40\0\0\x21\x4c\x05\0\x58\x14\0\0\x5e\x31\0\0\xcf\x40\0\0\x1a\x50\x05\0\x60\
\x14\0\0\x5e\x31\0\0\xf7\x40\0\0\x1a\x54\x05\0\x68\x14\0\0\x5e\x31\0\0\x20\x41\
\0\0\x19\x60\x05\0\x88\x14\0\0\x5e\x31\0\0\x68\x40\0\0\x21\x48\x05\0\x90\x14\0\
\0\x5e\x31\0\0\x20\x41\0\0\x19\x60\x05\0\xa0\x14\0\0\x5e\x31\0\0\x20\x41\0\0\
\x6c\x60\x05\0\xa8\x14\0\0\x5e\x31\0\0\x8e\x41\0\0\x19\x64\x05\0\xe0\x14\0\0\
\x5e\x31\0\0\x8e\x41\0\0\x69\x64\x05\0\x08\x15\0\0\x5e\x31\0\0\xf9\x41\0\0\x1d\
\x74\x05\0\x20\x15\0\0\x5e\x31\0\0\x47\x42\0\0\x27\x78\x05\0\x28\x15\0\0\x5e\
\x31\0\0\x96\x42\0\0\x19\x80\x05\0\x58\x15\0\0\x5e\x31\0\0\xf7\x42\0\0\x36\x88\
\x05\0\x68\x15\0\0\x5e\x31\0\0\x34\x43\0\0\x19\x98\x05\0\xa0\x15\0\0\x5e\x31\0\
\0\x34\x43\0\0\x6f\x98\x05\0\xa8\x15\0\0\x5e\x31\0\0\xa5\x43\0\0\x19\x9c\x05\0\
\xe0\x15\0\0\x5e\x31\0\0\xa5\x43\0\0\x6c\x9c\x05\0\x08\x16\0\0\x5e\x31\0\0\x13\
\x44\0\0\x1d\xac\x05\0\x20\x16\0\0\x5e\x31\0\0\x65\x44\0\0\x28\xb0\x05\0\x28\
\x16\0\0\x5e\x31\0\0\xb8\x44\0\0\x19\xb8\x05\0\x50\x16\0\0\x5e\x31\0\0\x1e\x45\
\0\0\x39\xc0\x05\0\xe7\x61\0\0\x26\0\0\0\0\0\0\0\x5e\x31\0\0\x5e\x45\0\0\x3d\0\
\x06\0\x08\0\0\0\x5e\x31\0\0\xae\x45\0\0\x2f\x04\x06\0\x18\0\0\0\x5e\x31\0\0\
\xf0\x45\0\0\x18\x08\x06\0\x28\0\0\0\x5e\x31\0\0\x11\x46\0\0\x05\x1c\x06\0\x58\
\0\0\0\x5e\x31\0\0\xf0\x45\0\0\x18\x08\x06\0\x68\0\0\0\x5e\x31\0\0\x42\x46\0\0\
\x09\x28\x06\0\x80\0\0\0\x5e\x31\0\0\x42\x46\0\0\x09\x28\x06\0\x88\0\0\0\x5e\
\x31\0\0\x8a\x46\0\0\x09\x2c\x06\0\xb0\0\0\0\x5e\x31\0\0\xca\x46\0\0\x05\x3c\
\x06\0\xf8\0\0\0\x5e\x31\0\0\x05\x47\0\0\x09\x60\x06\0\x10\x01\0\0\x5e\x31\0\0\
\x05\x47\0\0\x3e\x60\x06\0\x20\x01\0\0\x5e\x31\0\0\x45\x47\0\0\x09\x64\x06\0\
\x50\x01\0\0\x5e\x31\0\0\x45\x47\0\0\x3f\x64\x06\0\x60\x01\0\0\x5e\x31\0\0\x86\
\x47\0\0\x09\x68\x06\0\x90\x01\0\0\x5e\x31\0\0\x05\x47\0\0\x09\x60\x06\0\xa0\
\x01\0\0\x5e\x31\0\0\xcc\x47\0\0\x0d\x6c\x06\0\xd0\x01\0\0\x5e\x31\0\0\xcc\x47\
\0\0\x0d\x6c\x06\0\xe8\x01\0\0\x5e\x31\0\0\x2a\x48\0\0\x25\x70\x06\0\xb0\x02\0\
\0\x5e\x31\0\0\x92\x34\0\0\x13\x80\x06\0\xb8\x02\0\0\x5e\x31\0\0\x53\x48\0\0\
\x05\x84\x06\0\xe8\x02\0\0\x5e\x31\0\0\0\0\0\0\0\0\0\0\xf0\x02\0\0\x5e\x31\0\0\
\x43\x36\0\0\x0c\x8c\x06\0\x10\x03\0\0\x5e\x31\0\0\x7c\x36\0\0\x09\x90\x06\0\
\x18\x03\0\0\x5e\x31\0\0\x9a\x48\0\0\x09\x94\x06\0\x50\x03\0\0\x5e\x31\0\0\x14\
\x49\0\0\x05\xa4\x06\0\x70\x03\0\0\x5e\x31\0\0\x53\x49\0\0\x10\xac\x06\0\x88\
\x03\0\0\x5e\x31\0\0\x76\x49\0\0\x0d\xb8\x06\0\xb0\x03\0\0\x5e\x31\0\0\xc2\x49\
\0\0\x09\xbc\x06\0\xb8\x03\0\0\x5e\x31\0\0\xd2\x49\0\0\x0e\xcc\x06\0\xc8\x15\0\
\0\x5e\x31\0\0\xe6\x49\0\0\x15\xd8\x06\0\x78\x16\0\0\x5e\x31\0\0\x06\x4a\0\0\
\x2b\xdc\x06\0\x28\x17\0\0\x5e\x31\0\0\x06\x4a\0\0\x23\xdc\x06\0\x30\x17\0\0\
\x5e\x31\0\0\x06\x4a\0\0\x37\xdc\x06\0\x38\x17\0\0\x5e\x31\0\0\x06\x4a\0\0\x17\
\xdc\x06\0\xd0\x17\0\0\x5e\x31\0\0\x44\x4a\0\0\x05\xe4\x06\0\xf0\x17\0\0\x5e\
\x31\0\0\x66\x4a\0\0\x01\xec\x06\0\xf8\x17\0\0\x5e\x31\0\0\x6f\x4a\0\0\x05\xf0\
\x06\0\x10\x18\0\0\x5e\x31\0\0\x88\x32\0\0\x01\xf8\x06\0\xfb\x61\0\0\x81\0\0\0\
\0\0\0\0\x5e\x31\0\0\xa1\x4a\0\0\0\x08\x07\0\x08\0\0\0\x5e\x31\0\0\xd5\x4a\0\0\
\x05\x10\x07\0\x28\0\0\0\x5e\x31\0\0\x14\x4b\0\0\x43\x18\x07\0\x30\0\0\0\x5e\
\x31\0\0\x6a\x4b\0\0\x3f\x1c\x07\0\x38\0\0\0\x5e\x31\0\0\xbc\x4b\0\0\x09\x24\
\x07\0\x40\0\0\0\x5e\x31\0\0\xcc\x4b\0\0\x09\x28\x07\0\x70\0\0\0\x5e\x31\0\0\
\x03\x4c\0\0\x1c\x38\x07\0\xa8\0\0\0\x5e\x31\0\0\x0a\x32\0\0\x09\x54\x07\0\xb8\
\0\0\0\x5e\x31\0\0\x0a\x32\0\0\x09\x54\x07\0\xc0\0\0\0\x5e\x31\0\0\x28\x4c\0\0\
\x09\x58\x07\0\x08\x01\0\0\x5e\x31\0\0\x6f\x4c\0\0\x09\x6c\x07\0\x20\x01\0\0\
\x5e\x31\0\0\x6f\x4c\0\0\x09\x6c\x07\0\x28\x01\0\0\x5e\x31\0\0\xaa\x4c\0\0\x09\
\x70\x07\0\x50\x01\0\0\x5e\x31\0\0\xf7\x4c\0\0\x05\x80\x07\0\xa8\x01\0\0\x5e\
\x31\0\0\x42\x4d\0\0\x09\xa4\x07\0\xb8\x01\0\0\x5e\x31\0\0\x42\x4d\0\0\x43\xa4\
\x07\0\xe8\x01\0\0\x5e\x31\0\0\x8f\x4d\0\0\x09\xa8\x07\0\0\x02\0\0\x5e\x31\0\0\
\x8f\x4d\0\0\x3b\xa8\x07\0\x30\x02\0\0\x5e\x31\0\0\xd3\x4d\0\0\x09\xac\x07\0\
\x48\x02\0\0\x5e\x31\0\0\xd3\x4d\0\0\x43\xac\x07\0\x58\x02\0\0\x5e\x31\0\0\xd0\
\x33\0\0\x09\xb0\x07\0\x88\x02\0\0\x5e\x31\0\0\x42\x4d\0\0\x09\xa4\x07\0\xa0\
\x02\0\0\x5e\x31\0\0\x2a\x34\0\0\x21\xb4\x07\0\x68\x03\0\0\x5e\x31\0\0\x18\x4e\
\0\0\x09\xb8\x07\0\x90\x03\0\0\x5e\x31\0\0\x5d\x4e\0\0\x11\xd0\x07\0\xa8\x03\0\
\0\x5e\x31\0\0\xb4\x4e\0\0\x12\xdc\x07\0\xb0\x03\0\0\x5e\x31\0\0\xca\x4e\0\0\
\x09\xe0\x07\0\xd8\x03\0\0\x5e\x31\0\0\x0c\x4f\0\0\x09\xc0\x07\0\0\x04\0\0\x5e\
\x31\0\0\x5d\x4e\0\0\x11\xd0\x07\0\x20\x04\0\0\x5e\x31\0\0\x5d\x4e\0\0\x14\xd0\
\x07\0\x40\x04\0\0\x5e\x31\0\0\x5d\x4e\0\0\x09\xd0\x07\0\x48\x04\0\0\x5e\x31\0\
\0\x4f\x4f\0\0\x09\xd4\x07\0\x70\x04\0\0\x5e\x31\0\0\x92\x34\0\0\x13\xf0\x07\0\
\x78\x04\0\0\x5e\x31\0\0\xb1\x34\0\0\x0f\xf4\x07\0\x80\x04\0\0\x5e\x31\0\0\xb1\
\x34\0\0\x0d\xf4\x07\0\x90\x04\0\0\x5e\x31\0\0\x92\x34\0\0\x13\xf0\x07\0\x98\
\x04\0\0\x5e\x31\0\0\x90\x4f\0\0\x2e\0\x08\0\xb0\x04\0\0\x5e\x31\0\0\xef\x4f\0\
\0\x09\x04\x08\0\xb8\x04\0\0\x5e\x31\0\0\x09\x50\0\0\x21\x0c\x08\0\x60\x05\0\0\
\x5e\x31\0\0\x2d\x50\0\0\x09\x10\x08\0\x90\x05\0\0\x5e\x31\0\0\x9c\x50\0\0\x1c\
\x28\x03\0\x68\x06\0\0\x5e\x31\0\0\0\0\0\0\0\0\0\0\x80\x06\0\0\x5e\x31\0\0\xc8\
\x50\0\0\x05\x2c\x03\0\xa8\x06\0\0\x5e\x31\0\0\x13\x51\0\0\x0d\x2c\x08\0\xd0\
\x06\0\0\x5e\x31\0\0\x51\x51\0\0\x09\x30\x08\0\xe0\x06\0\0\x5e\x31\0\0\0\0\0\0\
\0\0\0\0\xe8\x06\0\0\x5e\x31\0\0\x63\x51\0\0\x16\x48\x08\0\xf8\x06\0\0\x5e\x31\
\0\0\x85\x51\0\0\x12\x44\x08\0\0\x07\0\0\x5e\x31\0\0\x63\x51\0\0\x16\x48\x08\0\
\xa8\x07\0\0\x5e\x31\0\0\x85\x51\0\0\x10\x44\x08\0\x50\x08\0\0\x5e\x31\0\0\x9b\
\x51\0\0\x1a\x4c\x08\0\x58\x08\0\0\x5e\x31\0\0\x9b\x51\0\0\x18\x4c\x08\0\0\x09\
\0\0\x5e\x31\0\0\xc8\x51\0\0\x1c\x54\x08\0\0\x0a\0\0\x5e\x31\0\0\xe8\x51\0\0\
\x11\x60\x08\0\x08\x0a\0\0\x5e\x31\0\0\xe8\x51\0\0\x0f\x60\x08\0\x50\x0a\0\0\
\x5e\x31\0\0\xfc\x51\0\0\x12\x64\x08\0\x58\x0a\0\0\x5e\x31\0\0\xfc\x51\0\0\x10\
\x64\x08\0\xa0\x0a\0\0\x5e\x31\0\0\xfc\x51\0\0\x2d\x64\x08\0\xa8\x0a\0\0\x5e\
\x31\0\0\xfc\x51\0\0\x10\x64\x08\0\xb0\x0a\0\0\x5e\x31\0\0\x2f\x52\0\0\x22\x68\
\x08\0\xc0\x0a\0\0\x5e\x31\0\0\x2f\x52\0\0\x05\x68\x08\0\xd8\x0a\0\0\x5e\x31\0\
\0\x6c\x52\0\0\x17\x6c\x08\0\xe0\x0a\0\0\x5e\x31\0\0\x8c\x52\0\0\x15\x74\x08\0\
\xe8\x0a\0\0\x5e\x31\0\0\x6c\x52\0\0\x15\x6c\x08\0\x30\x0b\0\0\x5e\x31\0\0\xb7\
\x52\0\0\x13\x70\x08\0\x50\x0b\0\0\x5e\x31\0\0\x8c\x52\0\0\x15\x74\x08\0\x68\
\x0b\0\0\x5e\x31\0\0\xce\x52\0\0\x1d\x78\x08\0\x70\x0b\0\0\x5e\x31\0\0\xef\x52\
\0\0\x1b\x7c\x08\0\x78\x0b\0\0\x5e\x31\0\0\x0e\x53\0\0\x2a\x80\x08\0\x80\x0b\0\
\0\x5e\x31\0\0\x3c\x53\0\0\x11\x54\x01\0\x80\x0c\0\0\x5e\x31\0\0\x54\x53\0\0\
\x1c\x34\x02\0\x90\x0c\0\0\x5e\x31\0\0\x0e\x53\0\0\x1a\x80\x08\0\xa0\x0c\0\0\
\x5e\x31\0\0\x0e\x53\0\0\x18\x80\x08\0\xa8\x0c\0\0\x5e\x31\0\0\x75\x53\0\0\x20\
\x8c\x08\0\xb8\x0c\0\0\x5e\x31\0\0\xb4\x53\0\0\x05\x64\x01\0\xe8\x0c\0\0\x5e\
\x31\0\0\xc6\x53\0\0\x0d\x78\x01\0\x58\x0d\0\0\x5e\x31\0\0\xb4\x53\0\0\x05\x64\
\x01\0\x80\x0d\0\0\x5e\x31\0\0\xf8\x53\0\0\x0d\xa8\x01\0\xd0\x0d\0\0\x5e\x31\0\
\0\xb4\x53\0\0\x05\x64\x01\0\xf8\x0d\0\0\x5e\x31\0\0\x29\x54\0\0\x0d\xcc\x01\0\
\x68\x0e\0\0\x5e\x31\0\0\xb4\x53\0\0\x05\x64\x01\0\x90\x0e\0\0\x5e\x31\0\0\x5b\
\x54\0\0\x0d\x90\x01\0\xe8\x0e\0\0\x5e\x31\0\0\x8c\x54\0\0\x0d\x6c\x01\0\x40\
\x0f\0\0\x5e\x31\0\0\xbd\x54\0\0\x0d\x9c\x01\0\x88\x0f\0\0\x5e\x31\0\0\0\0\0\0\
\0\0\0\0\xa8\x0f\0\0\x5e\x31\0\0\xee\x54\0\0\x14\x9c\x08\0\xb0\x0f\0\0\x5e\x31\
\0\0\x09\x55\0\0\x0b\xac\x08\0\xd0\x0f\0\0\x5e\x31\0\0\xee\x54\0\0\x14\x9c\x08\
\0\xd8\x0f\0\0\x5e\x31\0\0\x25\x55\0\0\x09\xb4\x08\0\xf0\x0f\0\0\x5e\x31\0\0\
\xee\x54\0\0\x0c\x9c\x08\0\xf8\x0f\0\0\x5e\x31\0\0\x25\x55\0\0\x45\xb4\x08\0\
\x28\x10\0\0\x5e\x31\0\0\x76\x55\0\0\x0d\xb8\x08\0\x40\x10\0\0\x5e\x31\0\0\x76\
\x55\0\0\x53\xb8\x08\0\x60\x10\0\0\x5e\x31\0\0\xd7\x55\0\0\x0d\xbc\x08\0\x90\
\x10\0\0\x5e\x31\0\0\xd7\x55\0\0\x5a\xbc\x08\0\xb0\x10\0\0\x5e\x31\0\0\x47\x56\
\0\0\x11\xc8\x08\0\xc0\x10\0\0\x5e\x31\0\0\x7c\x56\0\0\x1e\xcc\x08\0\xc8\x10\0\
\0\x5e\x31\0\0\xb2\x56\0\0\x11\xdc\x08\0\xe8\x10\0\0\x5e\x31\0\0\xb2\x56\0\0\
\x11\xdc\x08\0\xf8\x10\0\0\x5e\x31\0\0\x05\x57\0\0\x20\xe0\x08\0\0\x11\0\0\x5e\
\x31\0\0\x2c\x57\0\0\x0d\xe8\x08\0\x28\x11\0\0\x5e\x31\0\0\x79\x57\0\0\x09\xfc\
\x08\0\x30\x11\0\0\x5e\x31\0\0\x79\x57\0\0\x09\xfc\x08\0\x40\x11\0\0\x5e\x31\0\
\0\x9b\x57\0\0\x18\x04\x09\0\x50\x11\0\0\x5e\x31\0\0\xba\x57\0\0\x18\0\x09\0\
\x58\x11\0\0\x5e\x31\0\0\xd8\x57\0\0\x05\x14\x09\0\x80\x11\0\0\x5e\x31\0\0\0\0\
\0\0\0\0\0\0\x88\x11\0\0\x5e\x31\0\0\x88\x32\0\0\x01\x20\x09\0\xa0\x11\0\0\x5e\
\x31\0\0\x2e\x58\0\0\x0d\xd8\x01\0\xf8\x11\0\0\x5e\x31\0\0\x5d\x58\0\0\x0d\xb4\
\x01\0\x60\x12\0\0\x5e\x31\0\0\x8d\x58\0\0\x0d\x84\x01\0\xd8\x12\0\0\x5e\x31\0\
\0\xbf\x58\0\0\x0d\xc0\x01\0\x30\x13\0\0\x5e\x31\0\0\xef\x58\0\0\x15\x08\x02\0\
\x40\x13\0\0\x5e\x31\0\0\x0a\x59\0\0\x1e\0\x02\0\x48\x13\0\0\x5e\x31\0\0\x32\
\x59\0\0\x1b\x04\x02\0\x78\x13\0\0\x5e\x31\0\0\xef\x58\0\0\x15\x08\x02\0\x88\
\x13\0\0\x5e\x31\0\0\x0a\x59\0\0\x1e\0\x02\0\x90\x13\0\0\x5e\x31\0\0\x32\x59\0\
\0\x1b\x04\x02\0\xb8\x13\0\0\x5e\x31\0\0\xef\x58\0\0\x15\x08\x02\0\xc8\x13\0\0\
\x5e\x31\0\0\x0a\x59\0\0\x1e\0\x02\0\xd0\x13\0\0\x5e\x31\0\0\x32\x59\0\0\x1b\
\x04\x02\0\xf8\x13\0\0\x5e\x31\0\0\x0a\x59\0\0\x1e\0\x02\0\0\x14\0\0\x5e\x31\0\
\0\x32\x59\0\0\x1b\x04\x02\0\x28\x14\0\0\x5e\x31\0\0\x0a\x59\0\0\x1e\0\x02\0\
\x30\x14\0\0\x5e\x31\0\0\x32\x59\0\0\x1b\x04\x02\0\x60\x14\0\0\x5e\x31\0\0\x7f\
\x59\0\0\x15\xf0\x01\0\x70\x14\0\0\x5e\x31\0\0\x9a\x59\0\0\x15\xec\x01\0\x80\
\x14\0\0\x5e\x31\0\0\xb5\x59\0\0\x15\xe8\x01\0\x88\x14\0\0\x5e\x31\0\0\x32\x59\
\0\0\x19\x04\x02\0\x19\x62\0\0\x45\0\0\0\0\0\0\0\x5e\x31\0\0\x5e\x45\0\0\x3d\
\x38\x09\0\x08\0\0\0\x5e\x31\0\0\xae\x45\0\0\x2f\x3c\x09\0\x30\0\0\0\x5e\x31\0\
\0\0\0\0\0\0\0\0\0\x38\0\0\0\x5e\x31\0\0\xd0\x59\0\0\x09\x4c\x09\0\x48\0\0\0\
\x5e\x31\0\0\xd0\x59\0\0\x09\x4c\x09\0\x60\0\0\0\x5e\x31\0\0\x1b\x5a\0\0\x05\
\x6c\x09\0\xb8\0\0\0\x5e\x31\0\0\x5b\x5a\0\0\x09\x9c\x09\0\xc8\0\0\0\x5e\x31\0\
\0\x5b\x5a\0\0\x09\x9c\x09\0\xd0\0\0\0\x5e\x31\0\0\x97\x5a\0\0\x09\xa0\x09\0\
\xf0\0\0\0\x5e\x31\0\0\x88\x32\0\0\x01\x0c\x0b\0\0\x01\0\0\x5e\x31\0\0\xd1\x5a\
\0\0\x05\xb0\x09\0\x48\x01\0\0\x5e\x31\0\0\x02\x5b\0\0\x09\xc0\x09\0\x60\x01\0\
\0\x5e\x31\0\0\x02\x5b\0\0\x46\xc0\x09\0\x90\x01\0\0\x5e\x31\0\0\0\0\0\0\0\0\0\
\0\x98\x01\0\0\x5e\x31\0\0\x56\x5b\0\0\x09\xec\x09\0\xb0\x01\0\0\x5e\x31\0\0\
\x56\x5b\0\0\x43\xec\x09\0\xc0\x01\0\0\x5e\x31\0\0\x8f\x4d\0\0\x09\xf0\x09\0\
\xf0\x01\0\0\x5e\x31\0\0\x8f\x4d\0\0\x3b\xf0\x09\0\x20\x02\0\0\x5e\x31\0\0\xd3\
\x4d\0\0\x09\xf4\x09\0\x38\x02\0\0\x5e\x31\0\0\xd3\x4d\0\0\x43\xf4\x09\0\x48\
\x02\0\0\x5e\x31\0\0\xd0\x33\0\0\x09\xf8\x09\0\x78\x02\0\0\x5e\x31\0\0\x56\x5b\
\0\0\x09\xec\x09\0\x90\x02\0\0\x5e\x31\0\0\x2a\x34\0\0\x21\xfc\x09\0\x58\x03\0\
\0\x5e\x31\0\0\x92\x34\0\0\x13\x0c\x0a\0\x60\x03\0\0\x5e\x31\0\0\xb1\x34\0\0\
\x0f\x10\x0a\0\x68\x03\0\0\x5e\x31\0\0\xb1\x34\0\0\x0d\x10\x0a\0\x78\x03\0\0\
\x5e\x31\0\0\0\0\0\0\0\0\0\0\x80\x03\0\0\x5e\x31\0\0\x13\x51\0\0\x0d\x1c\x0a\0\
\x98\x03\0\0\x5e\x31\0\0\0\0\0\0\0\0\0\0\xa0\x03\0\0\x5e\x31\0\0\x51\x51\0\0\
\x09\x20\x0a\0\xa8\x03\0\0\x5e\x31\0\0\x9b\x5b\0\0\x09\x24\x0a\0\xc0\x03\0\0\
\x5e\x31\0\0\0\0\0\0\0\0\0\0\xd8\x03\0\0\x5e\x31\0\0\xe7\x5b\0\0\x05\x34\x0a\0\
\x18\x04\0\0\x5e\x31\0\0\x26\x5c\0\0\x09\x44\x0a\0\x30\x04\0\0\x5e\x31\0\0\x26\
\x5c\0\0\x09\x44\x0a\0\x40\x04\0\0\x5e\x31\0\0\x6f\x5c\0\0\x09\x54\x0a\0\x70\
\x04\0\0\x5e\x31\0\0\x6f\x5c\0\0\x48\x54\x0a\0\x80\x04\0\0\x5e\x31\0\0\xb9\x5c\
\0\0\x09\x58\x0a\0\xb0\x04\0\0\x5e\x31\0\0\x6f\x5c\0\0\x09\x54\x0a\0\xb8\x04\0\
\0\x5e\x31\0\0\xff\x5c\0\0\x05\x68\x0a\0\xf0\x04\0\0\x5e\x31\0\0\x5f\x5d\0\0\
\x14\x78\x0a\0\xf8\x04\0\0\x5e\x31\0\0\x86\x5d\0\0\x15\x7c\x0a\0\0\x05\0\0\x5e\
\x31\0\0\x86\x5d\0\0\x13\x7c\x0a\0\x50\x05\0\0\x5e\x31\0\0\xa2\x5d\0\0\x09\x84\
\x0a\0\x58\x05\0\0\x5e\x31\0\0\xa2\x5d\0\0\x09\x84\x0a\0\x60\x05\0\0\x5e\x31\0\
\0\xb7\x5d\0\0\x39\x94\x0a\0\x18\x06\0\0\x5e\x31\0\0\x04\x5e\0\0\x1f\x8c\x0a\0\
\x20\x06\0\0\x5e\x31\0\0\x27\x5e\0\0\x20\x90\x0a\0\xb0\x06\0\0\x5e\x31\0\0\xb7\
\x5d\0\0\x30\x94\x0a\0\xc0\x06\0\0\x5e\x31\0\0\x27\x5e\0\0\x20\x90\x0a\0\xd8\
\x06\0\0\x5e\x31\0\0\xb7\x5d\0\0\x46\x94\x0a\0\xe0\x06\0\0\x5e\x31\0\0\xb7\x5d\
\0\0\x20\x94\x0a\0\x80\x07\0\0\x5e\x31\0\0\x56\x5e\0\0\x18\xac\x0a\0\xa8\x07\0\
\0\x5e\x31\0\0\xae\x5e\0\0\x0d\xb0\x0a\0\xb8\x07\0\0\x5e\x31\0\0\xca\x5e\0\0\
\x1d\xb4\x0a\0\xa8\x13\0\0\x5e\x31\0\0\xee\x5e\0\0\x0d\xb8\x0a\0\xc8\x13\0\0\
\x5e\x31\0\0\x1f\x5f\0\0\x09\xc8\x0a\0\xe8\x13\0\0\x5e\x31\0\0\x59\x5f\0\0\x09\
\xd0\x0a\0\x10\x14\0\0\x5e\x31\0\0\xb7\x5f\0\0\x3b\xe8\x0a\0\xc8\x14\0\0\x5e\
\x31\0\0\xb7\x5f\0\0\x22\xe8\x0a\0\xd8\x14\0\0\x5e\x31\0\0\x06\x60\0\0\x21\xe0\
\x0a\0\xe0\x14\0\0\x5e\x31\0\0\x2b\x60\0\0\x22\xe4\x0a\0\x70\x15\0\0\x5e\x31\0\
\0\xb7\x5f\0\0\x32\xe8\x0a\0\x80\x15\0\0\x5e\x31\0\0\x2b\x60\0\0\x22\xe4\x0a\0\
\x98\x15\0\0\x5e\x31\0\0\xb7\x5f\0\0\x48\xe8\x0a\0\xa0\x15\0\0\x5e\x31\0\0\xb7\
\x5f\0\0\x22\xe8\x0a\0\x38\x16\0\0\x5e\x31\0\0\xb7\x5f\0\0\x3b\xe8\x0a\0\x40\
\x16\0\0\x5e\x31\0\0\x5c\x60\0\0\x09\xf4\x0a\0\x60\x16\0\0\x5e\x31\0\0\xa8\x60\
\0\0\x09\xfc\x0a\0\x10\0\0\0\xd3\x61\0\0\x21\0\0\0\0\0\0\0\x2d\0\0\0\x10\x61\0\
\0\0\0\0\0\x28\0\0\0\x37\0\0\0\x15\x61\0\0\0\0\0\0\xc0\0\0\0\x37\0\0\0\x19\x61\
\0\0\0\0\0\0\0\x01\0\0\xab\0\0\0\x1d\x61\0\0\0\0\0\0\x40\x01\0\0\x37\0\0\0\x21\
\x61\0\0\0\0\0\0\x88\x01\0\0\xf8\0\0\0\x15\x61\0\0\0\0\0\0\xc8\x01\0\0\x0b\x01\
\0\0\x26\x61\0\0\0\0\0\0\x08\x02\0\0\xb1\0\0\0\x2f\x61\0\0\0\0\0\0\x40\x02\0\0\
\xb1\0\0\0\x2f\x61\0\0\0\0\0\0\xd0\x08\0\0\x37\0\0\0\x33\x61\0\0\0\0\0\0\xf8\
\x08\0\0\x48\0\0\0\x37\x61\0\0\0\0\0\0\xc0\x09\0\0\x48\0\0\0\x3d\x61\0\0\0\0\0\
\0\xf8\x09\0\0\x48\0\0\0\x43\x61\0\0\0\0\0\0\xb0\x0a\0\0\x48\0\0\0\x49\x61\0\0\
\0\0\0\0\xe8\x0a\0\0\x48\0\0\0\x33\x61\0\0\0\0\0\0\x38\x0b\0\0\x52\0\0\0\x4f\
\x61\0\0\0\0\0\0\xf8\x0b\0\0\x52\0\0\0\x55\x61\0\0\0\0\0\0\x70\x0c\0\0\x48\0\0\
\0\x10\x61\0\0\0\0\0\0\x18\x0d\0\0\x37\0\0\0\x5b\x61\0\0\0\0\0\0\x60\x0e\0\0\
\x76\0\0\0\x15\x61\0\0\0\0\0\0\x68\x0e\0\0\x37\0\0\0\x5f\x61\0\0\0\0\0\0\x70\
\x0e\0\0\x37\0\0\0\x5f\x61\0\0\0\0\0\0\x88\x0e\0\0\x76\0\0\0\x64\x61\0\0\0\0\0\
\0\x90\x0e\0\0\x37\0\0\0\x5f\x61\0\0\0\0\0\0\xa8\x0e\0\0\x76\0\0\0\x6c\x61\0\0\
\0\0\0\0\xb0\x0e\0\0\x37\0\0\0\x5f\x61\0\0\0\0\0\0\xc8\x0e\0\0\x76\0\0\0\x74\
\x61\0\0\0\0\0\0\xd0\x0e\0\0\x37\0\0\0\x5f\x61\0\0\0\0\0\0\xe8\x0e\0\0\x76\0\0\
\0\x7c\x61\0\0\0\0\0\0\xf0\x0e\0\0\x37\0\0\0\x5f\x61\0\0\0\0\0\0\x08\x0f\0\0\
\x76\0\0\0\x84\x61\0\0\0\0\0\0\x10\x0f\0\0\x37\0\0\0\x5f\x61\0\0\0\0\0\0\x28\
\x0f\0\0\x76\0\0\0\x8c\x61\0\0\0\0\0\0\xe7\x61\0\0\x09\0\0\0\0\0\0\0\x2d\0\0\0\
\x10\x61\0\0\0\0\0\0\x08\0\0\0\x2d\0\0\0\x94\x61\0\0\0\0\0\0\x48\0\0\0\xef\0\0\
\0\x55\x61\0\0\0\0\0\0\xd8\0\0\0\xac\0\0\0\x15\x61\0\0\0\0\0\0\x18\x01\0\0\xab\
\0\0\0\x99\x61\0\0\0\0\0\0\x58\x01\0\0\xf8\0\0\0\x15\x61\0\0\0\0\0\0\x98\x01\0\
\0\x0b\x01\0\0\x26\x61\0\0\0\0\0\0\xd8\x01\0\0\xb1\0\0\0\x2f\x61\0\0\0\0\0\0\
\x10\x02\0\0\xb1\0\0\0\x2f\x61\0\0\0\0\0\0\xfb\x61\0\0\x0e\0\0\0\x28\0\0\0\x2d\
\0\0\0\x10\x61\0\0\0\0\0\0\x30\0\0\0\x2d\0\0\0\x94\x61\0\0\0\0\0\0\x80\0\0\0\
\x1e\x01\0\0\x15\x61\0\0\0\0\0\0\xe8\0\0\0\x1e\x01\0\0\x19\x61\0\0\0\0\0\0\x80\
\x01\0\0\x52\x01\0\0\x15\x61\0\0\0\0\0\0\xd0\x01\0\0\x45\x01\0\0\x15\x61\0\0\0\
\0\0\0\x18\x02\0\0\x55\x01\0\0\x1d\x61\0\0\0\0\0\0\x50\x02\0\0\x0b\x01\0\0\x26\
\x61\0\0\0\0\0\0\x90\x02\0\0\xb1\0\0\0\x2f\x61\0\0\0\0\0\0\xc8\x02\0\0\xb1\0\0\
\0\x2f\x61\0\0\0\0\0\0\x08\x04\0\0\x52\x01\0\0\x2f\x61\0\0\0\0\0\0\xb8\x0f\0\0\
\x1e\x01\0\0\x9d\x61\0\0\0\0\0\0\x10\x10\0\0\x5e\x01\0\0\xa1\x61\0\0\0\0\0\0\
\x58\x10\0\0\x5e\x01\0\0\xa7\x61\0\0\0\0\0\0\x19\x62\0\0\x0f\0\0\0\0\0\0\0\x2d\
\0\0\0\x10\x61\0\0\0\0\0\0\x08\0\0\0\x2d\0\0\0\x94\x61\0\0\0\0\0\0\x10\0\0\0\
\xef\0\0\0\xb1\x61\0\0\0\0\0\0\x80\0\0\0\xef\0\0\0\x15\x61\0\0\0\0\0\0\x98\0\0\
\0\xce\0\0\0\x2f\x61\0\0\0\0\0\0\x28\x01\0\0\xac\0\0\0\x15\x61\0\0\0\0\0\0\x78\
\x01\0\0\x52\x01\0\0\x15\x61\0\0\0\0\0\0\xb8\x01\0\0\x45\x01\0\0\x15\x61\0\0\0\
\0\0\0\x08\x02\0\0\x55\x01\0\0\x1d\x61\0\0\0\0\0\0\x40\x02\0\0\x0b\x01\0\0\x26\
\x61\0\0\0\0\0\0\x80\x02\0\0\xb1\0\0\0\x2f\x61\0\0\0\0\0\0\xb8\x02\0\0\xb1\0\0\
\0\x2f\x61\0\0\0\0\0\0\xf8\x03\0\0\xef\0\0\0\xb7\x61\0\0\0\0\0\0\x38\x04\0\0\
\x7b\x01\0\0\x1d\x61\0\0\0\0\0\0\x78\x04\0\0\x7b\x01\0\0\x2f\x61\0\0\0\0\0\0\0\
\0\0\0\0\0\0\0\0\0\0\0\0\0\0\0\0\0\0\0\0\0\0\0\0\0\0\0\0\0\0\0\0\0\0\0\0\0\0\0\
\0\0\0\0\0\0\0\0\0\0\0\0\0\0\0\0\0\0\0\0\0\0\0\0\0\0\0\0\x01\0\0\0\x03\0\0\0\
\x20\0\0\0\0\0\0\0\0\0\0\0\0\0\0\0\x40\0\0\0\0\0\0\0\x47\x08\0\0\0\0\0\0\0\0\0\
\0\0\0\0\0\x01\0\0\0\0\0\0\0\0\0\0\0\0\0\0\0\x09\0\0\0\x02\0\0\0\0\0\0\0\0\0\0\
\0\0\0\0\0\0\0\0\0\x88\x08\0\0\0\0\0\0\xb8\x0b\0\0\0\0\0\0\x01\0\0\0\0\0\0\0\
\x08\0\0\0\0\0\0\0\x18\0\0\0\0\0\0\0\x11\0\0\0\x01\0\0\0\x06\0\0\0\0\0\0\0\0\0\
\0\0\0\0\0\0\x40\x14\0\0\0\0\0\0\x68\x16\0\0\0\0\0\0\0\0\0\0\0\0\0\0\x08\0\0\0\
\0\0\0\0\0\0\0\0\0\0\0\0\x25\0\0\0\x01\0\0\0\x06\0\0\0\0\0\0\0\0\0\0\0\0\0\0\0\
\xa8\x2a\0\0\0\0\0\0\x20\x18\0\0\0\0\0\0\0\0\0\0\0\0\0\0\x08\0\0\0\0\0\0\0\0\0\
\0\0\0\0\0\0\x39\0\0\0\x01\0\0\0\x06\0\0\0\0\0\0\0\0\0\0\0\0\0\0\0\xc8\x42\0\0\
\0\0\0\0\xb8\x14\0\0\0\0\0\0\0\0\0\0\0\0\0\0\x08\0\0\0\0\0\0\0\0\0\0\0\0\0\0\0\
\x57\0\0\0\x01\0\0\0\x06\0\0\0\0\0\0\0\0\0\0\0\0\0\0\0\x80\x57\0\0\0\0\0\0\x88\
\x16\0\0\0\0\0\0\0\0\0\0\0\0\0\0\x08\0\0\0\0\0\0\0\0\0\0\0\0\0\0\0\x6b\0\0\0\
\x01\0\0\0\x03\0\0\0\0\0\0\0\0\0\0\0\0\0\0\0\x08\x6e\0\0\0\0\0\0\x0d\0\0\0\0\0\
\0\0\0\0\0\0\0\0\0\0\x01\0\0\0\0\0\0\0\0\0\0\0\0\0\0\0\x73\0\0\0\x01\0\0\0\x02\
\0\0\0\0\0\0\0\0\0\0\0\0\0\0\0\x15\x6e\0\0\0\0\0\0\x03\x06\0\0\0\0\0\0\0\0\0\0\
\0\0\0\0\x01\0\0\0\0\0\0\0\0\0\0\0\0\0\0\0\x7b\0\0\0\x01\0\0\0\x03\0\0\0\0\0\0\
\0\0\0\0\0\0\0\0\0\x18\x74\0\0\0\0\0\0\x60\0\0\0\0\0\0\0\0\0\0\0\0\0\0\0\x08\0\
\0\0\0\0\0\0\0\0\0\0\0\0\0\0\x81\0\0\0\x01\0\0\0\x32\0\0\0\0\0\0\0\0\0\0\0\0\0\
\0\0\x78\x74\0\0\0\0\0\0\x2d\0\0\0\0\0\0\0\0\0\0\0\0\0\0\0\x01\0\0\0\0\0\0\0\
\x01\0\0\0\0\0\0\0\xcf\x07\0\0\x09\0\0\0\x40\0\0\0\0\0\0\0\0\0\0\0\0\0\0\0\xa8\
\x74\0\0\0\0\0\0\xc0\0\0\0\0\0\0\0\x02\0\0\0\x03\0\0\0\x08\0\0\0\0\0\0\0\x10\0\
\0\0\0\0\0\0\xe7\x07\0\0\x09\0\0\0\x40\0\0\0\0\0\0\0\0\0\0\0\0\0\0\0\x68\x75\0\
\0\0\0\0\0\x90\0\0\0\0\0\0\0\x02\0\0\0\x04\0\0\0\x08\0\0\0\0\0\0\0\x10\0\0\0\0\
\0\0\0\xff\x07\0\0\x09\0\0\0\x40\0\0\0\0\0\0\0\0\0\0\0\0\0\0\0\xf8\x75\0\0\0\0\
\0\0\xf0\0\0\0\0\0\0\0\x02\0\0\0\x05\0\0\0\x08\0\0\0\0\0\0\0\x10\0\0\0\0\0\0\0\
\x21\x08\0\0\x09\0\0\0\x40\0\0\0\0\0\0\0\0\0\0\0\0\0\0\0\xe8\x76\0\0\0\0\0\0\
\xc0\0\0\0\0\0\0\0\x02\0\0\0\x06\0\0\0\x08\0\0\0\0\0\0\0\x10\0\0\0\0\0\0\0\x39\
\x08\0\0\x01\0\0\0\0\0\0\0\0\0\0\0\0\0\0\0\0\0\0\0\xa8\x77\0\0\0\0\0\0\x09\xaf\
\0\0\0\0\0\0\0\0\0\0\0\0\0\0\x08\0\0\0\0\0\0\0\0\0\0\0\0\0\0\0\x3e\x08\0\0\x01\
\0\0\0\0\0\0\0\0\0\0\0\0\0\0\0\0\0\0\0\xb8\x26\x01\0\0\0\0\0\xbc\x1b\0\0\0\0\0\
\0\0\0\0\0\0\0\0\0\x08\0\0\0\0\0\0\0\0\0\0\0\0\0\0\0";

	*sz = sizeof(data) - 1;
	return (const void *)data;
}

#ifdef __cplusplus
struct kfstrace_bpf *kfstrace_bpf::open(const struct bpf_object_open_opts *opts) { return kfstrace_bpf__open_opts(opts); }
struct kfstrace_bpf *kfstrace_bpf::open_and_load() { return kfstrace_bpf__open_and_load(); }
int kfstrace_bpf::load(struct kfstrace_bpf *skel) { return kfstrace_bpf__load(skel); }
int kfstrace_bpf::attach(struct kfstrace_bpf *skel) { return kfstrace_bpf__attach(skel); }
void kfstrace_bpf::detach(struct kfstrace_bpf *skel) { kfstrace_bpf__detach(skel); }
void kfstrace_bpf::destroy(struct kfstrace_bpf *skel) { kfstrace_bpf__destroy(skel); }
const void *kfstrace_bpf::elf_bytes(size_t *sz) { return kfstrace_bpf__elf_bytes(sz); }
#endif /* __cplusplus */

__attribute__((unused)) static void
kfstrace_bpf__assert(struct kfstrace_bpf *s __attribute__((unused)))
{
#ifdef __cplusplus
#define _Static_assert static_assert
#endif
#ifdef __cplusplus
#undef _Static_assert
#endif
}

#endif /* __KFSTRACE_BPF_SKEL_H__ */
