/* SPDX-License-Identifier: (LGPL-2.1 OR BSD-2-Clause) */

/* THIS FILE IS AUTOGENERATED BY BPFTOOL! */
#ifndef __OSDTRACE_BPF_SKEL_H__
#define __OSDTRACE_BPF_SKEL_H__

#include <errno.h>
#include <stdlib.h>
#include <bpf/libbpf.h>

#define BPF_SKEL_SUPPORTS_MAP_AUTO_ATTACH 1

struct osdtrace_bpf {
	struct bpf_object_skeleton *skeleton;
	struct bpf_object *obj;
	struct {
		struct bpf_map *hprobes;
		struct bpf_map *ops;
		struct bpf_map *ptid_opk;
		struct bpf_map *ctx_opk;
		struct bpf_map *rb;
		struct bpf_map *rodata;
	} maps;
	struct {
		struct bpf_program *uprobe_enqueue_op;
		struct bpf_program *uprobe_dequeue_op;
		struct bpf_program *uprobe_execute_ctx;
		struct bpf_program *uprobe_submit_transaction;
		struct bpf_program *uprobe_queue_transactions;
		struct bpf_program *uprobe_do_write;
		struct bpf_program *uprobe_wctx_finish;
		struct bpf_program *uprobe_txc_state_proc;
		struct bpf_program *uprobe_log_op_stats;
		struct bpf_program *uprobe_log_op_stats_v2;
		struct bpf_program *uprobe_generate_subop;
		struct bpf_program *uprobe_do_repop_reply;
		struct bpf_program *uprobe_mark_flag_point_string;
		struct bpf_program *uprobe_log_latency;
		struct bpf_program *uprobe_log_subop_stats;
		struct bpf_program *uprobe_ec_submit_transaction;
		struct bpf_program *uprobe_txc_calc_cost;
		struct bpf_program *uprobe_repop_commit;
		struct bpf_program *uprobe_mark_flag_point;
		struct bpf_program *uprobe_log_latency_fn;
	} progs;
	struct {
		struct bpf_link *uprobe_enqueue_op;
		struct bpf_link *uprobe_dequeue_op;
		struct bpf_link *uprobe_execute_ctx;
		struct bpf_link *uprobe_submit_transaction;
		struct bpf_link *uprobe_queue_transactions;
		struct bpf_link *uprobe_do_write;
		struct bpf_link *uprobe_wctx_finish;
		struct bpf_link *uprobe_txc_state_proc;
		struct bpf_link *uprobe_log_op_stats;
		struct bpf_link *uprobe_log_op_stats_v2;
		struct bpf_link *uprobe_generate_subop;
		struct bpf_link *uprobe_do_repop_reply;
		struct bpf_link *uprobe_mark_flag_point_string;
		struct bpf_link *uprobe_log_latency;
		struct bpf_link *uprobe_log_subop_stats;
		struct bpf_link *uprobe_ec_submit_transaction;
		struct bpf_link *uprobe_txc_calc_cost;
		struct bpf_link *uprobe_repop_commit;
		struct bpf_link *uprobe_mark_flag_point;
		struct bpf_link *uprobe_log_latency_fn;
	} links;

#ifdef __cplusplus
	static inline struct osdtrace_bpf *open(const struct bpf_object_open_opts *opts = nullptr);
	static inline struct osdtrace_bpf *open_and_load();
	static inline int load(struct osdtrace_bpf *skel);
	static inline int attach(struct osdtrace_bpf *skel);
	static inline void detach(struct osdtrace_bpf *skel);
	static inline void destroy(struct osdtrace_bpf *skel);
	static inline const void *elf_bytes(size_t *sz);
#endif /* __cplusplus */
};

static void
osdtrace_bpf__destroy(struct osdtrace_bpf *obj)
{
	if (!obj)
		return;
	if (obj->skeleton)
		bpf_object__destroy_skeleton(obj->skeleton);
	free(obj);
}

static inline int
osdtrace_bpf__create_skeleton(struct osdtrace_bpf *obj);

static inline struct osdtrace_bpf *
osdtrace_bpf__open_opts(const struct bpf_object_open_opts *opts)
{
	struct osdtrace_bpf *obj;
	int err;

	obj = (struct osdtrace_bpf *)calloc(1, sizeof(*obj));
	if (!obj) {
		errno = ENOMEM;
		return NULL;
	}

	err = osdtrace_bpf__create_skeleton(obj);
	if (err)
		goto err_out;

	err = bpf_object__open_skeleton(obj->skeleton, opts);
	if (err)
		goto err_out;

	return obj;
err_out:
	osdtrace_bpf__destroy(obj);
	errno = -err;
	return NULL;
}

static inline struct osdtrace_bpf *
osdtrace_bpf__open(void)
{
	return osdtrace_bpf__open_opts(NULL);
}

static inline int
osdtrace_bpf__load(struct osdtrace_bpf *obj)
{
	return bpf_object__load_skeleton(obj->skeleton);
}

static inline struct osdtrace_bpf *
osdtrace_bpf__open_and_load(void)
{
	struct osdtrace_bpf *obj;
	int err;

	obj = osdtrace_bpf__open();
	if (!obj)
		return NULL;
	err = osdtrace_bpf__load(obj);
	if (err) {
		osdtrace_bpf__destroy(obj);
		errno = -err;
		return NULL;
	}
	return obj;
}

static inline int
osdtrace_bpf__attach(struct osdtrace_bpf *obj)
{
	return bpf_object__attach_skeleton(obj->skeleton);
}

static inline void
osdtrace_bpf__detach(struct osdtrace_bpf *obj)
{
	bpf_object__detach_skeleton(obj->skeleton);
}

static inline const void *osdtrace_bpf__elf_bytes(size_t *sz);

static inline int
osdtrace_bpf__create_skeleton(struct osdtrace_bpf *obj)
{
	struct bpf_object_skeleton *s;
	struct bpf_map_skeleton *map __attribute__((unused));
	int err;

	s = (struct bpf_object_skeleton *)calloc(1, sizeof(*s));
	if (!s)	{
		err = -ENOMEM;
		goto err;
	}

	s->sz = sizeof(*s);
	s->name = "osdtrace_bpf";
	s->obj = &obj->obj;

	/* maps */
	s->map_cnt = 6;
	s->map_skel_sz = 24;
	s->maps = (struct bpf_map_skeleton *)calloc(s->map_cnt,
			sizeof(*s->maps) > 24 ? sizeof(*s->maps) : 24);
	if (!s->maps) {
		err = -ENOMEM;
		goto err;
	}

	map = (struct bpf_map_skeleton *)((char *)s->maps + 0 * s->map_skel_sz);
	map->name = "hprobes";
	map->map = &obj->maps.hprobes;

	map = (struct bpf_map_skeleton *)((char *)s->maps + 1 * s->map_skel_sz);
	map->name = "ops";
	map->map = &obj->maps.ops;

	map = (struct bpf_map_skeleton *)((char *)s->maps + 2 * s->map_skel_sz);
	map->name = "ptid_opk";
	map->map = &obj->maps.ptid_opk;

	map = (struct bpf_map_skeleton *)((char *)s->maps + 3 * s->map_skel_sz);
	map->name = "ctx_opk";
	map->map = &obj->maps.ctx_opk;

	map = (struct bpf_map_skeleton *)((char *)s->maps + 4 * s->map_skel_sz);
	map->name = "rb";
	map->map = &obj->maps.rb;

	map = (struct bpf_map_skeleton *)((char *)s->maps + 5 * s->map_skel_sz);
	map->name = "osdtrace.rodata";
	map->map = &obj->maps.rodata;

	/* programs */
	s->prog_cnt = 20;
	s->prog_skel_sz = sizeof(*s->progs);
	s->progs = (struct bpf_prog_skeleton *)calloc(s->prog_cnt, s->prog_skel_sz);
	if (!s->progs) {
		err = -ENOMEM;
		goto err;
	}

	s->progs[0].name = "uprobe_enqueue_op";
	s->progs[0].prog = &obj->progs.uprobe_enqueue_op;
	s->progs[0].link = &obj->links.uprobe_enqueue_op;

	s->progs[1].name = "uprobe_dequeue_op";
	s->progs[1].prog = &obj->progs.uprobe_dequeue_op;
	s->progs[1].link = &obj->links.uprobe_dequeue_op;

	s->progs[2].name = "uprobe_execute_ctx";
	s->progs[2].prog = &obj->progs.uprobe_execute_ctx;
	s->progs[2].link = &obj->links.uprobe_execute_ctx;

	s->progs[3].name = "uprobe_submit_transaction";
	s->progs[3].prog = &obj->progs.uprobe_submit_transaction;
	s->progs[3].link = &obj->links.uprobe_submit_transaction;

	s->progs[4].name = "uprobe_queue_transactions";
	s->progs[4].prog = &obj->progs.uprobe_queue_transactions;
	s->progs[4].link = &obj->links.uprobe_queue_transactions;

	s->progs[5].name = "uprobe_do_write";
	s->progs[5].prog = &obj->progs.uprobe_do_write;
	s->progs[5].link = &obj->links.uprobe_do_write;

	s->progs[6].name = "uprobe_wctx_finish";
	s->progs[6].prog = &obj->progs.uprobe_wctx_finish;
	s->progs[6].link = &obj->links.uprobe_wctx_finish;

	s->progs[7].name = "uprobe_txc_state_proc";
	s->progs[7].prog = &obj->progs.uprobe_txc_state_proc;
	s->progs[7].link = &obj->links.uprobe_txc_state_proc;

	s->progs[8].name = "uprobe_log_op_stats";
	s->progs[8].prog = &obj->progs.uprobe_log_op_stats;
	s->progs[8].link = &obj->links.uprobe_log_op_stats;

	s->progs[9].name = "uprobe_log_op_stats_v2";
	s->progs[9].prog = &obj->progs.uprobe_log_op_stats_v2;
	s->progs[9].link = &obj->links.uprobe_log_op_stats_v2;

	s->progs[10].name = "uprobe_generate_subop";
	s->progs[10].prog = &obj->progs.uprobe_generate_subop;
	s->progs[10].link = &obj->links.uprobe_generate_subop;

	s->progs[11].name = "uprobe_do_repop_reply";
	s->progs[11].prog = &obj->progs.uprobe_do_repop_reply;
	s->progs[11].link = &obj->links.uprobe_do_repop_reply;

	s->progs[12].name = "uprobe_mark_flag_point_string";
	s->progs[12].prog = &obj->progs.uprobe_mark_flag_point_string;
	s->progs[12].link = &obj->links.uprobe_mark_flag_point_string;

	s->progs[13].name = "uprobe_log_latency";
	s->progs[13].prog = &obj->progs.uprobe_log_latency;
	s->progs[13].link = &obj->links.uprobe_log_latency;

	s->progs[14].name = "uprobe_log_subop_stats";
	s->progs[14].prog = &obj->progs.uprobe_log_subop_stats;
	s->progs[14].link = &obj->links.uprobe_log_subop_stats;

	s->progs[15].name = "uprobe_ec_submit_transaction";
	s->progs[15].prog = &obj->progs.uprobe_ec_submit_transaction;
	s->progs[15].link = &obj->links.uprobe_ec_submit_transaction;

	s->progs[16].name = "uprobe_txc_calc_cost";
	s->progs[16].prog = &obj->progs.uprobe_txc_calc_cost;
	s->progs[16].link = &obj->links.uprobe_txc_calc_cost;

	s->progs[17].name = "uprobe_repop_commit";
	s->progs[17].prog = &obj->progs.uprobe_repop_commit;
	s->progs[17].link = &obj->links.uprobe_repop_commit;

	s->progs[18].name = "uprobe_mark_flag_point";
	s->progs[18].prog = &obj->progs.uprobe_mark_flag_point;
	s->progs[18].link = &obj->links.uprobe_mark_flag_point;

	s->progs[19].name = "uprobe_log_latency_fn";
	s->progs[19].prog = &obj->progs.uprobe_log_latency_fn;
	s->progs[19].link = &obj->links.uprobe_log_latency_fn;

	s->data = osdtrace_bpf__elf_bytes(&s->data_sz);

	obj->skeleton = s;
	return 0;
err:
	bpf_object__destroy_skeleton(s);
	return err;
}

static inline const void *osdtrace_bpf__elf_bytes(size_t *sz)
{
	static const char data[] __attribute__((__aligned__(8))) = "\
\x7f\x45\x4c\x46\x02\x01\x01\0\0\0\0\0\0\0\0\0\x01\0\xf7\0\x01\0\0\0\0\0\0\0\0\
\0\0\0\0\0\0\0\0\0\0\0\xb8\x59\x01\0\0\0\0\0\0\0\0\0\x40\0\0\0\0\0\x40\0\x0c\0\
\x01\0\0\x2e\x73\x74\x72\x74\x61\x62\0\x2e\x73\x79\x6d\x74\x61\x62\0\x2e\x74\
\x65\x78\x74\0\x75\x70\x72\x6f\x62\x65\0\x2e\x72\x6f\x64\x61\x74\x61\0\x6c\x69\
\x63\x65\x6e\x73\x65\0\x2e\x6d\x61\x70\x73\0\x6f\x73\x64\x74\x72\x61\x63\x65\
\x2e\x62\x70\x66\x2e\x63\0\x4c\x42\x42\x32\x5f\x31\x32\0\x4c\x42\x42\x32\x5f\
\x37\0\x4c\x42\x42\x32\x5f\x35\0\x4c\x42\x42\x32\x5f\x32\x33\0\x4c\x42\x42\x32\
\x5f\x32\x34\0\x4c\x42\x42\x32\x5f\x33\x39\0\x4c\x42\x42\x32\x5f\x34\x30\0\x4c\
\x42\x42\x32\x5f\x31\x38\0\x4c\x42\x42\x32\x5f\x31\x36\0\x4c\x42\x42\x32\x5f\
\x33\x31\0\x4c\x42\x42\x32\x5f\x33\x32\0\x4c\x42\x42\x32\x5f\x31\x30\0\x4c\x42\
\x42\x32\x5f\x32\x37\0\x4c\x42\x42\x32\x5f\x32\x38\0\x4c\x42\x42\x32\x5f\x32\
\x31\0\x4c\x42\x42\x32\x5f\x33\x35\0\x4c\x42\x42\x32\x5f\x33\x36\0\x4c\x42\x42\
\x32\x5f\x32\x35\0\x4c\x42\x42\x32\x5f\x32\x36\0\x4c\x42\x42\x32\x5f\x33\x33\0\
\x4c\x42\x42\x32\x5f\x33\x34\0\x4c\x42\x42\x32\x5f\x32\x39\0\x4c\x42\x42\x32\
\x5f\x33\x30\0\x4c\x42\x42\x32\x5f\x33\x37\0\x4c\x42\x42\x32\x5f\x33\x38\0\x66\
\x65\x74\x63\x68\x5f\x72\x65\x67\x69\x73\x74\x65\x72\x2e\x5f\x5f\x5f\x5f\x66\
\x6d\x74\0\x4c\x42\x42\x33\x5f\x33\x33\0\x4c\x42\x42\x33\x5f\x35\0\x4c\x42\x42\
\x33\x5f\x38\0\x4c\x42\x42\x33\x5f\x39\0\x4c\x42\x42\x33\x5f\x31\x32\0\x4c\x42\
\x42\x33\x5f\x31\x33\0\x4c\x42\x42\x33\x5f\x31\x36\0\x4c\x42\x42\x33\x5f\x31\
\x37\0\x4c\x42\x42\x33\x5f\x32\x30\0\x4c\x42\x42\x33\x5f\x32\x31\0\x4c\x42\x42\
\x33\x5f\x32\x34\0\x4c\x42\x42\x33\x5f\x32\x35\0\x4c\x42\x42\x33\x5f\x32\x38\0\
\x4c\x42\x42\x33\x5f\x32\x39\0\x4c\x42\x42\x33\x5f\x33\x32\0\x4c\x42\x42\x34\
\x5f\x37\0\x70\x72\x69\x6e\x74\x5f\x76\x66\x2e\x5f\x5f\x5f\x5f\x66\x6d\x74\0\
\x70\x72\x69\x6e\x74\x5f\x76\x66\x2e\x5f\x5f\x5f\x5f\x66\x6d\x74\x2e\x31\0\x70\
\x72\x69\x6e\x74\x5f\x76\x66\x2e\x5f\x5f\x5f\x5f\x66\x6d\x74\x2e\x32\0\x70\x72\
\x69\x6e\x74\x5f\x76\x66\x2e\x5f\x5f\x5f\x5f\x66\x6d\x74\x2e\x33\0\x70\x72\x69\
\x6e\x74\x5f\x76\x66\x2e\x5f\x5f\x5f\x5f\x66\x6d\x74\x2e\x34\0\x70\x72\x69\x6e\
\x74\x5f\x76\x66\x2e\x5f\x5f\x5f\x5f\x66\x6d\x74\x2e\x35\0\x4c\x42\x42\x35\x5f\
\x32\0\x75\x70\x72\x6f\x62\x65\x5f\x65\x6e\x71\x75\x65\x75\x65\x5f\x6f\x70\x2e\
\x5f\x5f\x5f\x5f\x66\x6d\x74\0\x4c\x42\x42\x35\x5f\x34\0\x4c\x42\x42\x35\x5f\
\x35\0\x75\x70\x72\x6f\x62\x65\x5f\x65\x6e\x71\x75\x65\x75\x65\x5f\x6f\x70\x2e\
\x5f\x5f\x5f\x5f\x66\x6d\x74\x2e\x36\0\x4c\x42\x42\x35\x5f\x32\x32\0\x4c\x42\
\x42\x35\x5f\x37\0\x4c\x42\x42\x35\x5f\x39\0\x4c\x42\x42\x35\x5f\x31\x32\0\x4c\
\x42\x42\x35\x5f\x32\x34\0\x75\x70\x72\x6f\x62\x65\x5f\x65\x6e\x71\x75\x65\x75\
\x65\x5f\x6f\x70\x2e\x5f\x5f\x5f\x5f\x66\x6d\x74\x2e\x31\x30\0\x4c\x42\x42\x35\
\x5f\x31\x34\0\x4c\x42\x42\x35\x5f\x31\x36\0\x4c\x42\x42\x35\x5f\x31\x38\0\x4c\
\x42\x42\x35\x5f\x32\x30\0\x4c\x42\x42\x35\x5f\x32\x33\0\x75\x70\x72\x6f\x62\
\x65\x5f\x65\x6e\x71\x75\x65\x75\x65\x5f\x6f\x70\x2e\x5f\x5f\x5f\x5f\x66\x6d\
\x74\x2e\x37\0\x4c\x42\x42\x35\x5f\x32\x31\0\x75\x70\x72\x6f\x62\x65\x5f\x65\
\x6e\x71\x75\x65\x75\x65\x5f\x6f\x70\x2e\x5f\x5f\x5f\x5f\x66\x6d\x74\x2e\x38\0\
\x75\x70\x72\x6f\x62\x65\x5f\x65\x6e\x71\x75\x65\x75\x65\x5f\x6f\x70\x2e\x5f\
\x5f\x5f\x5f\x66\x6d\x74\x2e\x39\0\x75\x70\x72\x6f\x62\x65\x5f\x65\x6e\x71\x75\
\x65\x75\x65\x5f\x6f\x70\x2e\x5f\x5f\x5f\x5f\x66\x6d\x74\x2e\x31\x31\0\x75\x70\
\x72\x6f\x62\x65\x5f\x65\x6e\x71\x75\x65\x75\x65\x5f\x6f\x70\x2e\x5f\x5f\x5f\
\x5f\x66\x6d\x74\x2e\x31\x32\0\x75\x70\x72\x6f\x62\x65\x5f\x65\x6e\x71\x75\x65\
\x75\x65\x5f\x6f\x70\x2e\x5f\x5f\x5f\x5f\x66\x6d\x74\x2e\x31\x33\0\x75\x70\x72\
\x6f\x62\x65\x5f\x65\x6e\x71\x75\x65\x75\x65\x5f\x6f\x70\x2e\x5f\x5f\x5f\x5f\
\x66\x6d\x74\x2e\x31\x34\0\x75\x70\x72\x6f\x62\x65\x5f\x64\x65\x71\x75\x65\x75\
\x65\x5f\x6f\x70\x2e\x5f\x5f\x5f\x5f\x66\x6d\x74\0\x4c\x42\x42\x36\x5f\x32\0\
\x75\x70\x72\x6f\x62\x65\x5f\x64\x65\x71\x75\x65\x75\x65\x5f\x6f\x70\x2e\x5f\
\x5f\x5f\x5f\x66\x6d\x74\x2e\x31\x35\0\x4c\x42\x42\x36\x5f\x34\0\x4c\x42\x42\
\x36\x5f\x35\0\x75\x70\x72\x6f\x62\x65\x5f\x64\x65\x71\x75\x65\x75\x65\x5f\x6f\
\x70\x2e\x5f\x5f\x5f\x5f\x66\x6d\x74\x2e\x31\x36\0\x4c\x42\x42\x36\x5f\x32\x30\
\0\x4c\x42\x42\x36\x5f\x37\0\x4c\x42\x42\x36\x5f\x38\0\x75\x70\x72\x6f\x62\x65\
\x5f\x64\x65\x71\x75\x65\x75\x65\x5f\x6f\x70\x2e\x5f\x5f\x5f\x5f\x66\x6d\x74\
\x2e\x31\x37\0\x4c\x42\x42\x36\x5f\x31\x30\0\x75\x70\x72\x6f\x62\x65\x5f\x64\
\x65\x71\x75\x65\x75\x65\x5f\x6f\x70\x2e\x5f\x5f\x5f\x5f\x66\x6d\x74\x2e\x31\
\x39\0\x4c\x42\x42\x36\x5f\x31\x31\0\x4c\x42\x42\x36\x5f\x31\x34\0\x4c\x42\x42\
\x36\x5f\x31\x36\0\x4c\x42\x42\x36\x5f\x31\x38\0\x4c\x42\x42\x36\x5f\x32\x31\0\
\x75\x70\x72\x6f\x62\x65\x5f\x64\x65\x71\x75\x65\x75\x65\x5f\x6f\x70\x2e\x5f\
\x5f\x5f\x5f\x66\x6d\x74\x2e\x31\x38\0\x4c\x42\x42\x36\x5f\x31\x39\0\x75\x70\
\x72\x6f\x62\x65\x5f\x64\x65\x71\x75\x65\x75\x65\x5f\x6f\x70\x2e\x5f\x5f\x5f\
\x5f\x66\x6d\x74\x2e\x32\x30\0\x75\x70\x72\x6f\x62\x65\x5f\x64\x65\x71\x75\x65\
\x75\x65\x5f\x6f\x70\x2e\x5f\x5f\x5f\x5f\x66\x6d\x74\x2e\x32\x31\0\x75\x70\x72\
\x6f\x62\x65\x5f\x64\x65\x71\x75\x65\x75\x65\x5f\x6f\x70\x2e\x5f\x5f\x5f\x5f\
\x66\x6d\x74\x2e\x32\x32\0\x75\x70\x72\x6f\x62\x65\x5f\x65\x78\x65\x63\x75\x74\
\x65\x5f\x63\x74\x78\x2e\x5f\x5f\x5f\x5f\x66\x6d\x74\0\x4c\x42\x42\x37\x5f\x32\
\0\x4c\x42\x42\x37\x5f\x33\0\x75\x70\x72\x6f\x62\x65\x5f\x65\x78\x65\x63\x75\
\x74\x65\x5f\x63\x74\x78\x2e\x5f\x5f\x5f\x5f\x66\x6d\x74\x2e\x32\x33\0\x4c\x42\
\x42\x37\x5f\x35\0\x75\x70\x72\x6f\x62\x65\x5f\x65\x78\x65\x63\x75\x74\x65\x5f\
\x63\x74\x78\x2e\x5f\x5f\x5f\x5f\x66\x6d\x74\x2e\x32\x35\0\x4c\x42\x42\x37\x5f\
\x37\0\x4c\x42\x42\x37\x5f\x38\0\x75\x70\x72\x6f\x62\x65\x5f\x65\x78\x65\x63\
\x75\x74\x65\x5f\x63\x74\x78\x2e\x5f\x5f\x5f\x5f\x66\x6d\x74\x2e\x32\x34\0\x75\
\x70\x72\x6f\x62\x65\x5f\x65\x78\x65\x63\x75\x74\x65\x5f\x63\x74\x78\x2e\x5f\
\x5f\x5f\x5f\x66\x6d\x74\x2e\x32\x36\0\x75\x70\x72\x6f\x62\x65\x5f\x73\x75\x62\
\x6d\x69\x74\x5f\x74\x72\x61\x6e\x73\x61\x63\x74\x69\x6f\x6e\x2e\x5f\x5f\x5f\
\x5f\x66\x6d\x74\0\x4c\x42\x42\x38\x5f\x32\0\x4c\x42\x42\x38\x5f\x33\0\x75\x70\
\x72\x6f\x62\x65\x5f\x73\x75\x62\x6d\x69\x74\x5f\x74\x72\x61\x6e\x73\x61\x63\
\x74\x69\x6f\x6e\x2e\x5f\x5f\x5f\x5f\x66\x6d\x74\x2e\x32\x37\0\x4c\x42\x42\x38\
\x5f\x35\0\x75\x70\x72\x6f\x62\x65\x5f\x73\x75\x62\x6d\x69\x74\x5f\x74\x72\x61\
\x6e\x73\x61\x63\x74\x69\x6f\x6e\x2e\x5f\x5f\x5f\x5f\x66\x6d\x74\x2e\x32\x39\0\
\x4c\x42\x42\x38\x5f\x37\0\x4c\x42\x42\x38\x5f\x38\0\x75\x70\x72\x6f\x62\x65\
\x5f\x73\x75\x62\x6d\x69\x74\x5f\x74\x72\x61\x6e\x73\x61\x63\x74\x69\x6f\x6e\
\x2e\x5f\x5f\x5f\x5f\x66\x6d\x74\x2e\x32\x38\0\x75\x70\x72\x6f\x62\x65\x5f\x73\
\x75\x62\x6d\x69\x74\x5f\x74\x72\x61\x6e\x73\x61\x63\x74\x69\x6f\x6e\x2e\x5f\
\x5f\x5f\x5f\x66\x6d\x74\x2e\x33\x30\0\x75\x70\x72\x6f\x62\x65\x5f\x71\x75\x65\
\x75\x65\x5f\x74\x72\x61\x6e\x73\x61\x63\x74\x69\x6f\x6e\x73\x2e\x5f\x5f\x5f\
\x5f\x66\x6d\x74\0\x4c\x42\x42\x39\x5f\x34\0\x4c\x42\x42\x39\x5f\x33\0\x4c\x42\
\x42\x39\x5f\x35\0\x75\x70\x72\x6f\x62\x65\x5f\x71\x75\x65\x75\x65\x5f\x74\x72\
\x61\x6e\x73\x61\x63\x74\x69\x6f\x6e\x73\x2e\x5f\x5f\x5f\x5f\x66\x6d\x74\x2e\
\x33\x32\0\x75\x70\x72\x6f\x62\x65\x5f\x71\x75\x65\x75\x65\x5f\x74\x72\x61\x6e\
\x73\x61\x63\x74\x69\x6f\x6e\x73\x2e\x5f\x5f\x5f\x5f\x66\x6d\x74\x2e\x33\x31\0\
\x75\x70\x72\x6f\x62\x65\x5f\x64\x6f\x5f\x77\x72\x69\x74\x65\x2e\x5f\x5f\x5f\
\x5f\x66\x6d\x74\0\x4c\x42\x42\x31\x30\x5f\x34\0\x4c\x42\x42\x31\x30\x5f\x33\0\
\x4c\x42\x42\x31\x30\x5f\x35\0\x75\x70\x72\x6f\x62\x65\x5f\x64\x6f\x5f\x77\x72\
\x69\x74\x65\x2e\x5f\x5f\x5f\x5f\x66\x6d\x74\x2e\x33\x34\0\x75\x70\x72\x6f\x62\
\x65\x5f\x64\x6f\x5f\x77\x72\x69\x74\x65\x2e\x5f\x5f\x5f\x5f\x66\x6d\x74\x2e\
\x33\x33\0\x75\x70\x72\x6f\x62\x65\x5f\x77\x63\x74\x78\x5f\x66\x69\x6e\x69\x73\
\x68\x2e\x5f\x5f\x5f\x5f\x66\x6d\x74\0\x4c\x42\x42\x31\x31\x5f\x36\0\x4c\x42\
\x42\x31\x31\x5f\x35\0\x4c\x42\x42\x31\x31\x5f\x37\0\x75\x70\x72\x6f\x62\x65\
\x5f\x77\x63\x74\x78\x5f\x66\x69\x6e\x69\x73\x68\x2e\x5f\x5f\x5f\x5f\x66\x6d\
\x74\x2e\x33\x36\0\x75\x70\x72\x6f\x62\x65\x5f\x77\x63\x74\x78\x5f\x66\x69\x6e\
\x69\x73\x68\x2e\x5f\x5f\x5f\x5f\x66\x6d\x74\x2e\x33\x35\0\x75\x70\x72\x6f\x62\
\x65\x5f\x74\x78\x63\x5f\x73\x74\x61\x74\x65\x5f\x70\x72\x6f\x63\x2e\x5f\x5f\
\x5f\x5f\x66\x6d\x74\0\x4c\x42\x42\x31\x32\x5f\x35\0\x4c\x42\x42\x31\x32\x5f\
\x36\0\x75\x70\x72\x6f\x62\x65\x5f\x74\x78\x63\x5f\x73\x74\x61\x74\x65\x5f\x70\
\x72\x6f\x63\x2e\x5f\x5f\x5f\x5f\x66\x6d\x74\x2e\x33\x37\0\x4c\x42\x42\x31\x32\
\x5f\x34\0\x4c\x42\x42\x31\x32\x5f\x31\x33\0\x4c\x42\x42\x31\x32\x5f\x31\x36\0\
\x4c\x42\x42\x31\x32\x5f\x31\x32\0\x75\x70\x72\x6f\x62\x65\x5f\x74\x78\x63\x5f\
\x73\x74\x61\x74\x65\x5f\x70\x72\x6f\x63\x2e\x5f\x5f\x5f\x5f\x66\x6d\x74\x2e\
\x33\x39\0\x4c\x42\x42\x31\x32\x5f\x32\x30\0\x4c\x42\x42\x31\x32\x5f\x31\x39\0\
\x4c\x42\x42\x31\x32\x5f\x31\x35\0\x75\x70\x72\x6f\x62\x65\x5f\x74\x78\x63\x5f\
\x73\x74\x61\x74\x65\x5f\x70\x72\x6f\x63\x2e\x5f\x5f\x5f\x5f\x66\x6d\x74\x2e\
\x34\x31\0\x4c\x42\x42\x31\x32\x5f\x31\x38\0\x75\x70\x72\x6f\x62\x65\x5f\x74\
\x78\x63\x5f\x73\x74\x61\x74\x65\x5f\x70\x72\x6f\x63\x2e\x5f\x5f\x5f\x5f\x66\
\x6d\x74\x2e\x33\x38\0\x75\x70\x72\x6f\x62\x65\x5f\x74\x78\x63\x5f\x73\x74\x61\
\x74\x65\x5f\x70\x72\x6f\x63\x2e\x5f\x5f\x5f\x5f\x66\x6d\x74\x2e\x34\x30\0\x75\
\x70\x72\x6f\x62\x65\x5f\x6c\x6f\x67\x5f\x6f\x70\x5f\x73\x74\x61\x74\x73\x2e\
\x5f\x5f\x5f\x5f\x66\x6d\x74\0\x4c\x42\x42\x31\x33\x5f\x32\0\x4c\x42\x42\x31\
\x33\x5f\x33\0\x75\x70\x72\x6f\x62\x65\x5f\x6c\x6f\x67\x5f\x6f\x70\x5f\x73\x74\
\x61\x74\x73\x2e\x5f\x5f\x5f\x5f\x66\x6d\x74\x2e\x34\x32\0\x4c\x42\x42\x31\x33\
\x5f\x35\0\x4c\x42\x42\x31\x33\x5f\x38\0\x4c\x42\x42\x31\x33\x5f\x31\x30\0\x4c\
\x42\x42\x31\x33\x5f\x39\0\x75\x70\x72\x6f\x62\x65\x5f\x6c\x6f\x67\x5f\x6f\x70\
\x5f\x73\x74\x61\x74\x73\x2e\x5f\x5f\x5f\x5f\x66\x6d\x74\x2e\x34\x33\0\x75\x70\
\x72\x6f\x62\x65\x5f\x6c\x6f\x67\x5f\x6f\x70\x5f\x73\x74\x61\x74\x73\x2e\x5f\
\x5f\x5f\x5f\x66\x6d\x74\x2e\x34\x34\0\x75\x70\x72\x6f\x62\x65\x5f\x6c\x6f\x67\
\x5f\x6f\x70\x5f\x73\x74\x61\x74\x73\x5f\x76\x32\x2e\x5f\x5f\x5f\x5f\x66\x6d\
\x74\0\x4c\x42\x42\x31\x34\x5f\x32\0\x4c\x42\x42\x31\x34\x5f\x33\0\x75\x70\x72\
\x6f\x62\x65\x5f\x6c\x6f\x67\x5f\x6f\x70\x5f\x73\x74\x61\x74\x73\x5f\x76\x32\
\x2e\x5f\x5f\x5f\x5f\x66\x6d\x74\x2e\x34\x35\0\x4c\x42\x42\x31\x34\x5f\x35\0\
\x4c\x42\x42\x31\x34\x5f\x38\0\x4c\x42\x42\x31\x34\x5f\x31\x30\0\x75\x70\x72\
\x6f\x62\x65\x5f\x6c\x6f\x67\x5f\x6f\x70\x5f\x73\x74\x61\x74\x73\x5f\x76\x32\
\x2e\x5f\x5f\x5f\x5f\x66\x6d\x74\x2e\x34\x39\0\x75\x70\x72\x6f\x62\x65\x5f\x6c\
\x6f\x67\x5f\x6f\x70\x5f\x73\x74\x61\x74\x73\x5f\x76\x32\x2e\x5f\x5f\x5f\x5f\
\x66\x6d\x74\x2e\x35\x30\0\x4c\x42\x42\x31\x34\x5f\x31\x32\0\x75\x70\x72\x6f\
\x62\x65\x5f\x6c\x6f\x67\x5f\x6f\x70\x5f\x73\x74\x61\x74\x73\x5f\x76\x32\x2e\
\x5f\x5f\x5f\x5f\x66\x6d\x74\x2e\x34\x36\0\x4c\x42\x42\x31\x34\x5f\x36\0\x75\
\x70\x72\x6f\x62\x65\x5f\x6c\x6f\x67\x5f\x6f\x70\x5f\x73\x74\x61\x74\x73\x5f\
\x76\x32\x2e\x5f\x5f\x5f\x5f\x66\x6d\x74\x2e\x34\x37\0\x75\x70\x72\x6f\x62\x65\
\x5f\x6c\x6f\x67\x5f\x6f\x70\x5f\x73\x74\x61\x74\x73\x5f\x76\x32\x2e\x5f\x5f\
\x5f\x5f\x66\x6d\x74\x2e\x34\x38\0\x75\x70\x72\x6f\x62\x65\x5f\x67\x65\x6e\x65\
\x72\x61\x74\x65\x5f\x73\x75\x62\x6f\x70\x2e\x5f\x5f\x5f\x5f\x66\x6d\x74\0\x4c\
\x42\x42\x31\x35\x5f\x32\0\x4c\x42\x42\x31\x35\x5f\x33\0\x75\x70\x72\x6f\x62\
\x65\x5f\x67\x65\x6e\x65\x72\x61\x74\x65\x5f\x73\x75\x62\x6f\x70\x2e\x5f\x5f\
\x5f\x5f\x66\x6d\x74\x2e\x35\x31\0\x4c\x42\x42\x31\x35\x5f\x35\0\x4c\x42\x42\
\x31\x35\x5f\x36\0\x4c\x42\x42\x31\x35\x5f\x31\x31\0\x4c\x42\x42\x31\x35\x5f\
\x31\x30\0\x4c\x42\x42\x31\x35\x5f\x31\x33\0\x75\x70\x72\x6f\x62\x65\x5f\x67\
\x65\x6e\x65\x72\x61\x74\x65\x5f\x73\x75\x62\x6f\x70\x2e\x5f\x5f\x5f\x5f\x66\
\x6d\x74\x2e\x35\x32\0\x4c\x42\x42\x31\x35\x5f\x31\x32\0\x75\x70\x72\x6f\x62\
\x65\x5f\x67\x65\x6e\x65\x72\x61\x74\x65\x5f\x73\x75\x62\x6f\x70\x2e\x5f\x5f\
\x5f\x5f\x66\x6d\x74\x2e\x35\x33\0\x75\x70\x72\x6f\x62\x65\x5f\x67\x65\x6e\x65\
\x72\x61\x74\x65\x5f\x73\x75\x62\x6f\x70\x2e\x5f\x5f\x5f\x5f\x66\x6d\x74\x2e\
\x35\x34\0\x75\x70\x72\x6f\x62\x65\x5f\x64\x6f\x5f\x72\x65\x70\x6f\x70\x5f\x72\
\x65\x70\x6c\x79\x2e\x5f\x5f\x5f\x5f\x66\x6d\x74\0\x4c\x42\x42\x31\x36\x5f\x32\
\0\x4c\x42\x42\x31\x36\x5f\x33\0\x75\x70\x72\x6f\x62\x65\x5f\x64\x6f\x5f\x72\
\x65\x70\x6f\x70\x5f\x72\x65\x70\x6c\x79\x2e\x5f\x5f\x5f\x5f\x66\x6d\x74\x2e\
\x35\x35\0\x4c\x42\x42\x31\x36\x5f\x35\0\x4c\x42\x42\x31\x36\x5f\x38\0\x4c\x42\
\x42\x31\x36\x5f\x31\x33\0\x4c\x42\x42\x31\x36\x5f\x31\x31\0\x4c\x42\x42\x31\
\x36\x5f\x31\x34\0\x75\x70\x72\x6f\x62\x65\x5f\x64\x6f\x5f\x72\x65\x70\x6f\x70\
\x5f\x72\x65\x70\x6c\x79\x2e\x5f\x5f\x5f\x5f\x66\x6d\x74\x2e\x35\x36\0\x4c\x42\
\x42\x31\x36\x5f\x36\0\x75\x70\x72\x6f\x62\x65\x5f\x64\x6f\x5f\x72\x65\x70\x6f\
\x70\x5f\x72\x65\x70\x6c\x79\x2e\x5f\x5f\x5f\x5f\x66\x6d\x74\x2e\x35\x37\0\x75\
\x70\x72\x6f\x62\x65\x5f\x64\x6f\x5f\x72\x65\x70\x6f\x70\x5f\x72\x65\x70\x6c\
\x79\x2e\x5f\x5f\x5f\x5f\x66\x6d\x74\x2e\x35\x38\0\x75\x70\x72\x6f\x62\x65\x5f\
\x6d\x61\x72\x6b\x5f\x66\x6c\x61\x67\x5f\x70\x6f\x69\x6e\x74\x5f\x73\x74\x72\
\x69\x6e\x67\x2e\x5f\x5f\x5f\x5f\x66\x6d\x74\0\x75\x70\x72\x6f\x62\x65\x5f\x6d\
\x61\x72\x6b\x5f\x66\x6c\x61\x67\x5f\x70\x6f\x69\x6e\x74\x5f\x73\x74\x72\x69\
\x6e\x67\x2e\x5f\x5f\x5f\x5f\x66\x6d\x74\x2e\x35\x39\0\x4c\x42\x42\x31\x37\x5f\
\x31\x32\0\x4c\x42\x42\x31\x37\x5f\x33\0\x4c\x42\x42\x31\x37\x5f\x34\0\x75\x70\
\x72\x6f\x62\x65\x5f\x6d\x61\x72\x6b\x5f\x66\x6c\x61\x67\x5f\x70\x6f\x69\x6e\
\x74\x5f\x73\x74\x72\x69\x6e\x67\x2e\x5f\x5f\x5f\x5f\x66\x6d\x74\x2e\x36\x30\0\
\x4c\x42\x42\x31\x37\x5f\x36\0\x75\x70\x72\x6f\x62\x65\x5f\x6d\x61\x72\x6b\x5f\
\x66\x6c\x61\x67\x5f\x70\x6f\x69\x6e\x74\x5f\x73\x74\x72\x69\x6e\x67\x2e\x5f\
\x5f\x5f\x5f\x66\x6d\x74\x2e\x36\x31\0\x75\x70\x72\x6f\x62\x65\x5f\x6c\x6f\x67\
\x5f\x6c\x61\x74\x65\x6e\x63\x79\x2e\x5f\x5f\x5f\x5f\x66\x6d\x74\0\x4c\x42\x42\
\x31\x38\x5f\x33\0\x75\x70\x72\x6f\x62\x65\x5f\x6c\x6f\x67\x5f\x73\x75\x62\x6f\
\x70\x5f\x73\x74\x61\x74\x73\x2e\x5f\x5f\x5f\x5f\x66\x6d\x74\0\x4c\x42\x42\x31\
\x39\x5f\x32\0\x4c\x42\x42\x31\x39\x5f\x33\0\x75\x70\x72\x6f\x62\x65\x5f\x6c\
\x6f\x67\x5f\x73\x75\x62\x6f\x70\x5f\x73\x74\x61\x74\x73\x2e\x5f\x5f\x5f\x5f\
\x66\x6d\x74\x2e\x36\x32\0\x4c\x42\x42\x31\x39\x5f\x35\0\x4c\x42\x42\x31\x39\
\x5f\x31\x31\0\x4c\x42\x42\x31\x39\x5f\x39\0\x75\x70\x72\x6f\x62\x65\x5f\x6c\
\x6f\x67\x5f\x73\x75\x62\x6f\x70\x5f\x73\x74\x61\x74\x73\x2e\x5f\x5f\x5f\x5f\
\x66\x6d\x74\x2e\x36\x33\0\x4c\x42\x42\x31\x39\x5f\x36\0\x75\x70\x72\x6f\x62\
\x65\x5f\x6c\x6f\x67\x5f\x73\x75\x62\x6f\x70\x5f\x73\x74\x61\x74\x73\x2e\x5f\
\x5f\x5f\x5f\x66\x6d\x74\x2e\x36\x34\0\x75\x70\x72\x6f\x62\x65\x5f\x65\x63\x5f\
\x73\x75\x62\x6d\x69\x74\x5f\x74\x72\x61\x6e\x73\x61\x63\x74\x69\x6f\x6e\x2e\
\x5f\x5f\x5f\x5f\x66\x6d\x74\0\x4c\x42\x42\x32\x30\x5f\x32\0\x4c\x42\x42\x32\
\x30\x5f\x33\0\x75\x70\x72\x6f\x62\x65\x5f\x65\x63\x5f\x73\x75\x62\x6d\x69\x74\
\x5f\x74\x72\x61\x6e\x73\x61\x63\x74\x69\x6f\x6e\x2e\x5f\x5f\x5f\x5f\x66\x6d\
\x74\x2e\x36\x35\0\x4c\x42\x42\x32\x30\x5f\x35\0\x4c\x42\x42\x32\x30\x5f\x37\0\
\x75\x70\x72\x6f\x62\x65\x5f\x65\x63\x5f\x73\x75\x62\x6d\x69\x74\x5f\x74\x72\
\x61\x6e\x73\x61\x63\x74\x69\x6f\x6e\x2e\x5f\x5f\x5f\x5f\x66\x6d\x74\x2e\x36\
\x36\0\x75\x70\x72\x6f\x62\x65\x5f\x74\x78\x63\x5f\x63\x61\x6c\x63\x5f\x63\x6f\
\x73\x74\x2e\x5f\x5f\x5f\x5f\x66\x6d\x74\0\x4c\x42\x42\x32\x31\x5f\x36\0\x4c\
\x42\x42\x32\x31\x5f\x35\0\x4c\x42\x42\x32\x31\x5f\x37\0\x75\x70\x72\x6f\x62\
\x65\x5f\x74\x78\x63\x5f\x63\x61\x6c\x63\x5f\x63\x6f\x73\x74\x2e\x5f\x5f\x5f\
\x5f\x66\x6d\x74\x2e\x36\x38\0\x75\x70\x72\x6f\x62\x65\x5f\x74\x78\x63\x5f\x63\
\x61\x6c\x63\x5f\x63\x6f\x73\x74\x2e\x5f\x5f\x5f\x5f\x66\x6d\x74\x2e\x36\x37\0\
\x75\x70\x72\x6f\x62\x65\x5f\x72\x65\x70\x6f\x70\x5f\x63\x6f\x6d\x6d\x69\x74\
\x2e\x5f\x5f\x5f\x5f\x66\x6d\x74\0\x4c\x42\x42\x32\x32\x5f\x32\0\x4c\x42\x42\
\x32\x32\x5f\x33\0\x75\x70\x72\x6f\x62\x65\x5f\x72\x65\x70\x6f\x70\x5f\x63\x6f\
\x6d\x6d\x69\x74\x2e\x5f\x5f\x5f\x5f\x66\x6d\x74\x2e\x36\x39\0\x4c\x42\x42\x32\
\x32\x5f\x35\0\x4c\x42\x42\x32\x32\x5f\x37\0\x4c\x42\x42\x32\x32\x5f\x31\x30\0\
\x4c\x42\x42\x32\x32\x5f\x31\x32\0\x75\x70\x72\x6f\x62\x65\x5f\x72\x65\x70\x6f\
\x70\x5f\x63\x6f\x6d\x6d\x69\x74\x2e\x5f\x5f\x5f\x5f\x66\x6d\x74\x2e\x37\x30\0\
\x4c\x42\x42\x32\x32\x5f\x36\0\x75\x70\x72\x6f\x62\x65\x5f\x72\x65\x70\x6f\x70\
\x5f\x63\x6f\x6d\x6d\x69\x74\x2e\x5f\x5f\x5f\x5f\x66\x6d\x74\x2e\x37\x31\0\x75\
\x70\x72\x6f\x62\x65\x5f\x72\x65\x70\x6f\x70\x5f\x63\x6f\x6d\x6d\x69\x74\x2e\
\x5f\x5f\x5f\x5f\x66\x6d\x74\x2e\x37\x32\0\x75\x70\x72\x6f\x62\x65\x5f\x6d\x61\
\x72\x6b\x5f\x66\x6c\x61\x67\x5f\x70\x6f\x69\x6e\x74\x2e\x5f\x5f\x5f\x5f\x66\
\x6d\x74\0\x75\x70\x72\x6f\x62\x65\x5f\x6d\x61\x72\x6b\x5f\x66\x6c\x61\x67\x5f\
\x70\x6f\x69\x6e\x74\x2e\x5f\x5f\x5f\x5f\x66\x6d\x74\x2e\x37\x33\0\x4c\x42\x42\
\x32\x33\x5f\x39\0\x4c\x42\x42\x32\x33\x5f\x33\0\x4c\x42\x42\x32\x33\x5f\x34\0\
\x75\x70\x72\x6f\x62\x65\x5f\x6d\x61\x72\x6b\x5f\x66\x6c\x61\x67\x5f\x70\x6f\
\x69\x6e\x74\x2e\x5f\x5f\x5f\x5f\x66\x6d\x74\x2e\x37\x34\0\x4c\x42\x42\x32\x33\
\x5f\x36\0\x75\x70\x72\x6f\x62\x65\x5f\x6d\x61\x72\x6b\x5f\x66\x6c\x61\x67\x5f\
\x70\x6f\x69\x6e\x74\x2e\x5f\x5f\x5f\x5f\x66\x6d\x74\x2e\x37\x35\0\x75\x70\x72\
\x6f\x62\x65\x5f\x6c\x6f\x67\x5f\x6c\x61\x74\x65\x6e\x63\x79\x5f\x66\x6e\x2e\
\x5f\x5f\x5f\x5f\x66\x6d\x74\0\x4c\x42\x42\x32\x34\x5f\x33\0\x67\x65\x74\x5f\
\x70\x69\x64\0\x67\x65\x74\x5f\x74\x69\x64\0\x66\x65\x74\x63\x68\x5f\x72\x65\
\x67\x69\x73\x74\x65\x72\0\x66\x65\x74\x63\x68\x5f\x76\x61\x72\x5f\x6d\x65\x6d\
\x62\x65\x72\x5f\x61\x64\x64\x72\0\x70\x72\x69\x6e\x74\x5f\x76\x66\0\x75\x70\
\x72\x6f\x62\x65\x5f\x65\x6e\x71\x75\x65\x75\x65\x5f\x6f\x70\0\x68\x70\x72\x6f\
\x62\x65\x73\0\x6f\x70\x73\0\x75\x70\x72\x6f\x62\x65\x5f\x64\x65\x71\x75\x65\
\x75\x65\x5f\x6f\x70\0\x70\x74\x69\x64\x5f\x6f\x70\x6b\0\x75\x70\x72\x6f\x62\
\x65\x5f\x65\x78\x65\x63\x75\x74\x65\x5f\x63\x74\x78\0\x75\x70\x72\x6f\x62\x65\
\x5f\x73\x75\x62\x6d\x69\x74\x5f\x74\x72\x61\x6e\x73\x61\x63\x74\x69\x6f\x6e\0\
\x75\x70\x72\x6f\x62\x65\x5f\x71\x75\x65\x75\x65\x5f\x74\x72\x61\x6e\x73\x61\
\x63\x74\x69\x6f\x6e\x73\0\x75\x70\x72\x6f\x62\x65\x5f\x64\x6f\x5f\x77\x72\x69\
\x74\x65\0\x75\x70\x72\x6f\x62\x65\x5f\x77\x63\x74\x78\x5f\x66\x69\x6e\x69\x73\
\x68\0\x63\x74\x78\x5f\x6f\x70\x6b\0\x75\x70\x72\x6f\x62\x65\x5f\x74\x78\x63\
\x5f\x73\x74\x61\x74\x65\x5f\x70\x72\x6f\x63\0\x75\x70\x72\x6f\x62\x65\x5f\x6c\
\x6f\x67\x5f\x6f\x70\x5f\x73\x74\x61\x74\x73\0\x72\x62\0\x75\x70\x72\x6f\x62\
\x65\x5f\x6c\x6f\x67\x5f\x6f\x70\x5f\x73\x74\x61\x74\x73\x5f\x76\x32\0\x75\x70\
\x72\x6f\x62\x65\x5f\x67\x65\x6e\x65\x72\x61\x74\x65\x5f\x73\x75\x62\x6f\x70\0\
\x75\x70\x72\x6f\x62\x65\x5f\x64\x6f\x5f\x72\x65\x70\x6f\x70\x5f\x72\x65\x70\
\x6c\x79\0\x75\x70\x72\x6f\x62\x65\x5f\x6d\x61\x72\x6b\x5f\x66\x6c\x61\x67\x5f\
\x70\x6f\x69\x6e\x74\x5f\x73\x74\x72\x69\x6e\x67\0\x75\x70\x72\x6f\x62\x65\x5f\
\x6c\x6f\x67\x5f\x6c\x61\x74\x65\x6e\x63\x79\0\x75\x70\x72\x6f\x62\x65\x5f\x6c\
\x6f\x67\x5f\x73\x75\x62\x6f\x70\x5f\x73\x74\x61\x74\x73\0\x75\x70\x72\x6f\x62\
\x65\x5f\x65\x63\x5f\x73\x75\x62\x6d\x69\x74\x5f\x74\x72\x61\x6e\x73\x61\x63\
\x74\x69\x6f\x6e\0\x75\x70\x72\x6f\x62\x65\x5f\x74\x78\x63\x5f\x63\x61\x6c\x63\
\x5f\x63\x6f\x73\x74\0\x75\x70\x72\x6f\x62\x65\x5f\x72\x65\x70\x6f\x70\x5f\x63\
\x6f\x6d\x6d\x69\x74\0\x75\x70\x72\x6f\x62\x65\x5f\x6d\x61\x72\x6b\x5f\x66\x6c\
\x61\x67\x5f\x70\x6f\x69\x6e\x74\0\x75\x70\x72\x6f\x62\x65\x5f\x6c\x6f\x67\x5f\
\x6c\x61\x74\x65\x6e\x63\x79\x5f\x66\x6e\0\x4c\x49\x43\x45\x4e\x53\x45\0\x2e\
\x72\x65\x6c\x2e\x74\x65\x78\x74\0\x2e\x72\x65\x6c\x75\x70\x72\x6f\x62\x65\0\
\x2e\x42\x54\x46\0\x2e\x42\x54\x46\x2e\x65\x78\x74\0\0\0\0\0\0\0\0\0\0\0\0\0\0\
\0\0\0\0\0\0\0\0\0\0\0\0\0\0\0\0\0\0\x34\0\0\0\x04\0\xf1\xff\0\0\0\0\0\0\0\0\0\
\0\0\0\0\0\0\0\0\0\0\0\x03\0\x03\0\0\0\0\0\0\0\0\0\0\0\0\0\0\0\0\0\x43\0\0\0\0\
\0\x03\0\x80\0\0\0\0\0\0\0\0\0\0\0\0\0\0\0\x4b\0\0\0\0\0\x03\0\xb8\0\0\0\0\0\0\
\0\0\0\0\0\0\0\0\0\x52\0\0\0\0\0\x03\0\x18\x01\0\0\0\0\0\0\0\0\0\0\0\0\0\0\x59\
\0\0\0\0\0\x03\0\xb8\x01\0\0\0\0\0\0\0\0\0\0\0\0\0\0\x61\0\0\0\0\0\x03\0\x70\0\
\0\0\0\0\0\0\0\0\0\0\0\0\0\0\x69\0\0\0\0\0\x03\0\x38\x02\0\0\0\0\0\0\0\0\0\0\0\
\0\0\0\x71\0\0\0\0\0\x03\0\x60\x02\0\0\0\0\0\0\0\0\0\0\0\0\0\0\x79\0\0\0\0\0\
\x03\0\xe8\0\0\0\0\0\0\0\0\0\0\0\0\0\0\0\x81\0\0\0\0\0\x03\0\x40\x01\0\0\0\0\0\
\0\0\0\0\0\0\0\0\0\x89\0\0\0\0\0\x03\0\xc8\x01\0\0\0\0\0\0\0\0\0\0\0\0\0\0\x91\
\0\0\0\0\0\x03\0\xa8\0\0\0\0\0\0\0\0\0\0\0\0\0\0\0\x99\0\0\0\0\0\x03\0\x68\x01\
\0\0\0\0\0\0\0\0\0\0\0\0\0\0\xa1\0\0\0\0\0\x03\0\xd8\x01\0\0\0\0\0\0\0\0\0\0\0\
\0\0\0\xa9\0\0\0\0\0\x03\0\xd8\0\0\0\0\0\0\0\0\0\0\0\0\0\0\0\xb1\0\0\0\0\0\x03\
\0\x90\x01\0\0\0\0\0\0\0\0\0\0\0\0\0\0\xb9\0\0\0\0\0\x03\0\xe8\x01\0\0\0\0\0\0\
\0\0\0\0\0\0\0\0\xc1\0\0\0\0\0\x03\0\x08\x01\0\0\0\0\0\0\0\0\0\0\0\0\0\0\xc9\0\
\0\0\0\0\x03\0\xf8\x01\0\0\0\0\0\0\0\0\0\0\0\0\0\0\xd1\0\0\0\0\0\x03\0\x30\x01\
\0\0\0\0\0\0\0\0\0\0\0\0\0\0\xd9\0\0\0\0\0\x03\0\x08\x02\0\0\0\0\0\0\0\0\0\0\0\
\0\0\0\xe1\0\0\0\0\0\x03\0\x58\x01\0\0\0\0\0\0\0\0\0\0\0\0\0\0\xe9\0\0\0\0\0\
\x03\0\x18\x02\0\0\0\0\0\0\0\0\0\0\0\0\0\0\xf1\0\0\0\0\0\x03\0\x80\x01\0\0\0\0\
\0\0\0\0\0\0\0\0\0\0\xf9\0\0\0\0\0\x03\0\x28\x02\0\0\0\0\0\0\0\0\0\0\0\0\0\0\
\x01\x01\0\0\0\0\x03\0\xa8\x01\0\0\0\0\0\0\0\0\0\0\0\0\0\0\x09\x01\0\0\x01\0\
\x05\0\0\0\0\0\0\0\0\0\x2f\0\0\0\0\0\0\0\x20\x01\0\0\0\0\x03\0\xf0\x07\0\0\0\0\
\0\0\0\0\0\0\0\0\0\0\x28\x01\0\0\0\0\x03\0\0\x03\0\0\0\0\0\0\0\0\0\0\0\0\0\0\
\x2f\x01\0\0\0\0\x03\0\xb8\x03\0\0\0\0\0\0\0\0\0\0\0\0\0\0\x36\x01\0\0\0\0\x03\
\0\xd8\x03\0\0\0\0\0\0\0\0\0\0\0\0\0\0\x3d\x01\0\0\0\0\x03\0\x70\x04\0\0\0\0\0\
\0\0\0\0\0\0\0\0\0\x45\x01\0\0\0\0\x03\0\x90\x04\0\0\0\0\0\0\0\0\0\0\0\0\0\0\
\x4d\x01\0\0\0\0\x03\0\x28\x05\0\0\0\0\0\0\0\0\0\0\0\0\0\0\x55\x01\0\0\0\0\x03\
\0\x48\x05\0\0\0\0\0\0\0\0\0\0\0\0\0\0\x5d\x01\0\0\0\0\x03\0\xe0\x05\0\0\0\0\0\
\0\0\0\0\0\0\0\0\0\x65\x01\0\0\0\0\x03\0\0\x06\0\0\0\0\0\0\0\0\0\0\0\0\0\0\x6d\
\x01\0\0\0\0\x03\0\x98\x06\0\0\0\0\0\0\0\0\0\0\0\0\0\0\x75\x01\0\0\0\0\x03\0\
\xb8\x06\0\0\0\0\0\0\0\0\0\0\0\0\0\0\x7d\x01\0\0\0\0\x03\0\x50\x07\0\0\0\0\0\0\
\0\0\0\0\0\0\0\0\x85\x01\0\0\0\0\x03\0\x70\x07\0\0\0\0\0\0\0\0\0\0\0\0\0\0\x8d\
\x01\0\0\0\0\x03\0\xd0\x07\0\0\0\0\0\0\0\0\0\0\0\0\0\0\x95\x01\0\0\0\0\x03\0\
\xf8\x09\0\0\0\0\0\0\0\0\0\0\0\0\0\0\x9c\x01\0\0\x01\0\x05\0\x2f\0\0\0\0\0\0\0\
\x1d\0\0\0\0\0\0\0\xad\x01\0\0\x01\0\x05\0\x4c\0\0\0\0\0\0\0\x1e\0\0\0\0\0\0\0\
\xc0\x01\0\0\x01\0\x05\0\x6a\0\0\0\0\0\0\0\x1e\0\0\0\0\0\0\0\xd3\x01\0\0\x01\0\
\x05\0\x88\0\0\0\0\0\0\0\x1e\0\0\0\0\0\0\0\xe6\x01\0\0\x01\0\x05\0\xa6\0\0\0\0\
\0\0\0\x1e\0\0\0\0\0\0\0\xf9\x01\0\0\x01\0\x05\0\xc4\0\0\0\0\0\0\0\x1e\0\0\0\0\
\0\0\0\0\0\0\0\x03\0\x04\0\0\0\0\0\0\0\0\0\0\0\0\0\0\0\0\0\x0c\x02\0\0\0\0\x04\
\0\x98\0\0\0\0\0\0\0\0\0\0\0\0\0\0\0\x13\x02\0\0\x01\0\x05\0\xe2\0\0\0\0\0\0\0\
\x2b\0\0\0\0\0\0\0\x2d\x02\0\0\0\0\x04\0\x10\x01\0\0\0\0\0\0\0\0\0\0\0\0\0\0\
\x34\x02\0\0\0\0\x04\0\x38\x01\0\0\0\0\0\0\0\0\0\0\0\0\0\0\x3b\x02\0\0\x01\0\
\x05\0\x0d\x01\0\0\0\0\0\0\x37\0\0\0\0\0\0\0\x57\x02\0\0\0\0\x04\0\x80\x0a\0\0\
\0\0\0\0\0\0\0\0\0\0\0\0\x5f\x02\0\0\0\0\x04\0\x90\x09\0\0\0\0\0\0\0\0\0\0\0\0\
\0\0\x66\x02\0\0\0\0\x04\0\xb0\x09\0\0\0\0\0\0\0\0\0\0\0\0\0\0\x6d\x02\0\0\0\0\
\x04\0\x40\x03\0\0\0\0\0\0\0\0\0\0\0\0\0\0\x75\x02\0\0\0\0\x04\0\xd0\x09\0\0\0\
\0\0\0\0\0\0\0\0\0\0\0\x7d\x02\0\0\x01\0\x05\0\xfe\x01\0\0\0\0\0\0\x5f\0\0\0\0\
\0\0\0\x9a\x02\0\0\0\0\x04\0\0\x0a\0\0\0\0\0\0\0\0\0\0\0\0\0\0\xa2\x02\0\0\0\0\
\x04\0\x20\x0a\0\0\0\0\0\0\0\0\0\0\0\0\0\0\xaa\x02\0\0\0\0\x04\0\x40\x0a\0\0\0\
\0\0\0\0\0\0\0\0\0\0\0\xb2\x02\0\0\0\0\x04\0\x60\x0a\0\0\0\0\0\0\0\0\0\0\0\0\0\
\0\xba\x02\0\0\0\0\x04\0\x88\x0a\0\0\0\0\0\0\0\0\0\0\0\0\0\0\xc2\x02\0\0\x01\0\
\x05\0\x44\x01\0\0\0\0\0\0\x2b\0\0\0\0\0\0\0\xde\x02\0\0\0\0\x04\0\x78\x0a\0\0\
\0\0\0\0\0\0\0\0\0\0\0\0\xe6\x02\0\0\x01\0\x05\0\x6f\x01\0\0\0\0\0\0\x2b\0\0\0\
\0\0\0\0\x02\x03\0\0\x01\0\x05\0\x9a\x01\0\0\0\0\0\0\x64\0\0\0\0\0\0\0\x1e\x03\
\0\0\x01\0\x05\0\x5d\x02\0\0\0\0\0\0\x2b\0\0\0\0\0\0\0\x3b\x03\0\0\x01\0\x05\0\
\x88\x02\0\0\0\0\0\0\x2b\0\0\0\0\0\0\0\x58\x03\0\0\x01\0\x05\0\xb3\x02\0\0\0\0\
\0\0\x2b\0\0\0\0\0\0\0\x75\x03\0\0\x01\0\x05\0\xde\x02\0\0\0\0\0\0\x2b\0\0\0\0\
\0\0\0\x92\x03\0\0\x01\0\x05\0\x09\x03\0\0\0\0\0\0\x20\0\0\0\0\0\0\0\xac\x03\0\
\0\0\0\x04\0\x58\x0b\0\0\0\0\0\0\0\0\0\0\0\0\0\0\xb3\x03\0\0\x01\0\x05\0\x29\
\x03\0\0\0\0\0\0\x2b\0\0\0\0\0\0\0\xd0\x03\0\0\0\0\x04\0\xd0\x0b\0\0\0\0\0\0\0\
\0\0\0\0\0\0\0\xd7\x03\0\0\0\0\x04\0\xf8\x0b\0\0\0\0\0\0\0\0\0\0\0\0\0\0\xde\
\x03\0\0\x01\0\x05\0\x54\x03\0\0\0\0\0\0\x3a\0\0\0\0\0\0\0\xfb\x03\0\0\0\0\x04\
\0\x78\x10\0\0\0\0\0\0\0\0\0\0\0\0\0\0\x03\x04\0\0\0\0\x04\0\xa8\x0c\0\0\0\0\0\
\0\0\0\0\0\0\0\0\0\x0a\x04\0\0\0\0\x04\0\xd0\x0c\0\0\0\0\0\0\0\0\0\0\0\0\0\0\
\x11\x04\0\0\x01\0\x05\0\x8e\x03\0\0\0\0\0\0\x2b\0\0\0\0\0\0\0\x2e\x04\0\0\0\0\
\x04\0\xe0\x0f\0\0\0\0\0\0\0\0\0\0\0\0\0\0\x36\x04\0\0\x01\0\x05\0\xe4\x03\0\0\
\0\0\0\0\x39\0\0\0\0\0\0\0\x53\x04\0\0\0\0\x04\0\0\x10\0\0\0\0\0\0\0\0\0\0\0\0\
\0\0\x5b\x04\0\0\0\0\x04\0\x18\x0e\0\0\0\0\0\0\0\0\0\0\0\0\0\0\x63\x04\0\0\0\0\
\x04\0\x38\x10\0\0\0\0\0\0\0\0\0\0\0\0\0\0\x6b\x04\0\0\0\0\x04\0\x58\x10\0\0\0\
\0\0\0\0\0\0\0\0\0\0\0\x73\x04\0\0\0\0\x04\0\x80\x10\0\0\0\0\0\0\0\0\0\0\0\0\0\
\0\x7b\x04\0\0\x01\0\x05\0\xb9\x03\0\0\0\0\0\0\x2b\0\0\0\0\0\0\0\x98\x04\0\0\0\
\0\x04\0\x70\x10\0\0\0\0\0\0\0\0\0\0\0\0\0\0\xa0\x04\0\0\x01\0\x05\0\x1d\x04\0\
\0\0\0\0\0\x46\0\0\0\0\0\0\0\xbd\x04\0\0\x01\0\x05\0\x63\x04\0\0\0\0\0\0\x2b\0\
\0\0\0\0\0\0\xda\x04\0\0\x01\0\x05\0\x8e\x04\0\0\0\0\0\0\x2b\0\0\0\0\0\0\0\xf7\
\x04\0\0\x01\0\x05\0\xb9\x04\0\0\0\0\0\0\x21\0\0\0\0\0\0\0\x12\x05\0\0\0\0\x04\
\0\x80\x11\0\0\0\0\0\0\0\0\0\0\0\0\0\0\x19\x05\0\0\0\0\x04\0\xa8\x11\0\0\0\0\0\
\0\0\0\0\0\0\0\0\0\x20\x05\0\0\x01\0\x05\0\xda\x04\0\0\0\0\0\0\x2c\0\0\0\0\0\0\
\0\x3e\x05\0\0\0\0\x04\0\xe8\x12\0\0\0\0\0\0\0\0\0\0\0\0\0\0\x45\x05\0\0\x01\0\
\x05\0\x32\x05\0\0\0\0\0\0\x3b\0\0\0\0\0\0\0\x63\x05\0\0\0\0\x04\0\x18\x13\0\0\
\0\0\0\0\0\0\0\0\0\0\0\0\x6a\x05\0\0\0\0\x04\0\x48\x13\0\0\0\0\0\0\0\0\0\0\0\0\
\0\0\x71\x05\0\0\x01\0\x05\0\x06\x05\0\0\0\0\0\0\x2c\0\0\0\0\0\0\0\x8f\x05\0\0\
\x01\0\x05\0\x6d\x05\0\0\0\0\0\0\x3f\0\0\0\0\0\0\0\xad\x05\0\0\x01\0\x05\0\xac\
\x05\0\0\0\0\0\0\x28\0\0\0\0\0\0\0\xcf\x05\0\0\0\0\x04\0\x48\x14\0\0\0\0\0\0\0\
\0\0\0\0\0\0\0\xd6\x05\0\0\0\0\x04\0\x70\x14\0\0\0\0\0\0\0\0\0\0\0\0\0\0\xdd\
\x05\0\0\x01\0\x05\0\xd4\x05\0\0\0\0\0\0\x33\0\0\0\0\0\0\0\x02\x06\0\0\0\0\x04\
\0\x08\x16\0\0\0\0\0\0\0\0\0\0\0\0\0\0\x09\x06\0\0\x01\0\x05\0\x3a\x06\0\0\0\0\
\0\0\x4a\0\0\0\0\0\0\0\x2e\x06\0\0\0\0\x04\0\x38\x16\0\0\0\0\0\0\0\0\0\0\0\0\0\
\0\x35\x06\0\0\0\0\x04\0\x68\x16\0\0\0\0\0\0\0\0\0\0\0\0\0\0\x3c\x06\0\0\x01\0\
\x05\0\x07\x06\0\0\0\0\0\0\x33\0\0\0\0\0\0\0\x61\x06\0\0\x01\0\x05\0\x84\x06\0\
\0\0\0\0\0\x46\0\0\0\0\0\0\0\x86\x06\0\0\x01\0\x05\0\xca\x06\0\0\0\0\0\0\x28\0\
\0\0\0\0\0\0\xa8\x06\0\0\0\0\x04\0\x28\x17\0\0\0\0\0\0\0\0\0\0\0\0\0\0\xaf\x06\
\0\0\0\0\x04\0\x58\x17\0\0\0\0\0\0\0\0\0\0\0\0\0\0\xb6\x06\0\0\0\0\x04\0\x88\
\x17\0\0\0\0\0\0\0\0\0\0\0\0\0\0\xbd\x06\0\0\x01\0\x05\0\x3a\x07\0\0\0\0\0\0\
\x37\0\0\0\0\0\0\0\xe2\x06\0\0\x01\0\x05\0\xf2\x06\0\0\0\0\0\0\x48\0\0\0\0\0\0\
\0\x07\x07\0\0\x01\0\x05\0\x71\x07\0\0\0\0\0\0\x1e\0\0\0\0\0\0\0\x1f\x07\0\0\0\
\0\x04\0\x48\x18\0\0\0\0\0\0\0\0\0\0\0\0\0\0\x27\x07\0\0\0\0\x04\0\x78\x18\0\0\
\0\0\0\0\0\0\0\0\0\0\0\0\x2f\x07\0\0\0\0\x04\0\xa8\x18\0\0\0\0\0\0\0\0\0\0\0\0\
\0\0\x37\x07\0\0\x01\0\x05\0\xce\x07\0\0\0\0\0\0\x2d\0\0\0\0\0\0\0\x52\x07\0\0\
\x01\0\x05\0\x8f\x07\0\0\0\0\0\0\x3f\0\0\0\0\0\0\0\x6d\x07\0\0\x01\0\x05\0\xfb\
\x07\0\0\0\0\0\0\x21\0\0\0\0\0\0\0\x88\x07\0\0\0\0\x04\0\x68\x1b\0\0\0\0\0\0\0\
\0\0\0\0\0\0\0\x90\x07\0\0\0\0\x04\0\x98\x1b\0\0\0\0\0\0\0\0\0\0\0\0\0\0\x98\
\x07\0\0\0\0\x04\0\xc8\x1b\0\0\0\0\0\0\0\0\0\0\0\0\0\0\xa0\x07\0\0\x01\0\x05\0\
\x5e\x08\0\0\0\0\0\0\x30\0\0\0\0\0\0\0\xbe\x07\0\0\x01\0\x05\0\x1c\x08\0\0\0\0\
\0\0\x42\0\0\0\0\0\0\0\xdc\x07\0\0\x01\0\x05\0\x8e\x08\0\0\0\0\0\0\x24\0\0\0\0\
\0\0\0\xfa\x07\0\0\0\0\x04\0\x08\x1e\0\0\0\0\0\0\0\0\0\0\0\0\0\0\x02\x08\0\0\0\
\0\x04\0\x18\x1e\0\0\0\0\0\0\0\0\0\0\0\0\0\0\x0a\x08\0\0\x01\0\x05\0\xb2\x08\0\
\0\0\0\0\0\x39\0\0\0\0\0\0\0\x2b\x08\0\0\0\0\x04\0\0\x1e\0\0\0\0\0\0\0\0\0\0\0\
\0\0\0\x33\x08\0\0\0\0\x04\0\xd0\x1f\0\0\0\0\0\0\0\0\0\0\0\0\0\0\x3c\x08\0\0\0\
\0\x04\0\x60\x20\0\0\0\0\0\0\0\0\0\0\0\0\0\0\x45\x08\0\0\0\0\x04\0\x90\x1f\0\0\
\0\0\0\0\0\0\0\0\0\0\0\0\x4e\x08\0\0\x01\0\x05\0\x2d\x09\0\0\0\0\0\0\x40\0\0\0\
\0\0\0\0\x6f\x08\0\0\0\0\x04\0\x58\x21\0\0\0\0\0\0\0\0\0\0\0\0\0\0\x78\x08\0\0\
\0\0\x04\0\x20\x21\0\0\0\0\0\0\0\0\0\0\0\0\0\0\x81\x08\0\0\0\0\x04\0\xe8\x1f\0\
\0\0\0\0\0\0\0\0\0\0\0\0\0\x8a\x08\0\0\x01\0\x05\0\xae\x09\0\0\0\0\0\0\x44\0\0\
\0\0\0\0\0\xab\x08\0\0\0\0\x04\0\xf0\x20\0\0\0\0\0\0\0\0\0\0\0\0\0\0\xb4\x08\0\
\0\x01\0\x05\0\xeb\x08\0\0\0\0\0\0\x42\0\0\0\0\0\0\0\xd5\x08\0\0\x01\0\x05\0\
\x6d\x09\0\0\0\0\0\0\x41\0\0\0\0\0\0\0\xf6\x08\0\0\x01\0\x05\0\xf2\x09\0\0\0\0\
\0\0\x22\0\0\0\0\0\0\0\x12\x09\0\0\0\0\x04\0\x58\x22\0\0\0\0\0\0\0\0\0\0\0\0\0\
\0\x1a\x09\0\0\0\0\x04\0\x80\x22\0\0\0\0\0\0\0\0\0\0\0\0\0\0\x22\x09\0\0\x01\0\
\x05\0\x14\x0a\0\0\0\0\0\0\x2d\0\0\0\0\0\0\0\x41\x09\0\0\0\0\x04\0\x18\x27\0\0\
\0\0\0\0\0\0\0\0\0\0\0\0\x49\x09\0\0\0\0\x04\0\x48\x27\0\0\0\0\0\0\0\0\0\0\0\0\
\0\0\x51\x09\0\0\0\0\x04\0\xa0\x27\0\0\0\0\0\0\0\0\0\0\0\0\0\0\x5a\x09\0\0\0\0\
\x04\0\x78\x27\0\0\0\0\0\0\0\0\0\0\0\0\0\0\x62\x09\0\0\x01\0\x05\0\x41\x0a\0\0\
\0\0\0\0\x2d\0\0\0\0\0\0\0\x81\x09\0\0\x01\0\x05\0\x6e\x0a\0\0\0\0\0\0\x40\0\0\
\0\0\0\0\0\xa0\x09\0\0\x01\0\x05\0\xae\x0a\0\0\0\0\0\0\x25\0\0\0\0\0\0\0\xbf\
\x09\0\0\0\0\x04\0\x18\x2a\0\0\0\0\0\0\0\0\0\0\0\0\0\0\xc7\x09\0\0\0\0\x04\0\
\x40\x2a\0\0\0\0\0\0\0\0\0\0\0\0\0\0\xcf\x09\0\0\x01\0\x05\0\xd3\x0a\0\0\0\0\0\
\0\x30\0\0\0\0\0\0\0\xf1\x09\0\0\0\0\x04\0\xc0\x30\0\0\0\0\0\0\0\0\0\0\0\0\0\0\
\xf9\x09\0\0\0\0\x04\0\xe0\x30\0\0\0\0\0\0\0\0\0\0\0\0\0\0\x01\x0a\0\0\0\0\x04\
\0\0\x31\0\0\0\0\0\0\0\0\0\0\0\0\0\0\x0a\x0a\0\0\x01\0\x05\0\x93\x0b\0\0\0\0\0\
\0\x37\0\0\0\0\0\0\0\x2c\x0a\0\0\x01\0\x05\0\xca\x0b\0\0\0\0\0\0\x22\0\0\0\0\0\
\0\0\x4e\x0a\0\0\0\0\x04\0\x28\x31\0\0\0\0\0\0\0\0\0\0\0\0\0\0\x57\x0a\0\0\x01\
\0\x05\0\x03\x0b\0\0\0\0\0\0\x30\0\0\0\0\0\0\0\x79\x0a\0\0\0\0\x04\0\x18\x31\0\
\0\0\0\0\0\0\0\0\0\0\0\0\0\x81\x0a\0\0\x01\0\x05\0\x33\x0b\0\0\0\0\0\0\x30\0\0\
\0\0\0\0\0\xa3\x0a\0\0\x01\0\x05\0\x63\x0b\0\0\0\0\0\0\x30\0\0\0\0\0\0\0\xc5\
\x0a\0\0\x01\0\x05\0\xec\x0b\0\0\0\0\0\0\x24\0\0\0\0\0\0\0\xe3\x0a\0\0\0\0\x04\
\0\x28\x32\0\0\0\0\0\0\0\0\0\0\0\0\0\0\xeb\x0a\0\0\0\0\x04\0\x50\x32\0\0\0\0\0\
\0\0\0\0\0\0\0\0\0\xf3\x0a\0\0\x01\0\x05\0\x10\x0c\0\0\0\0\0\0\x2f\0\0\0\0\0\0\
\0\x14\x0b\0\0\0\0\x04\0\x38\x34\0\0\0\0\0\0\0\0\0\0\0\0\0\0\x1c\x0b\0\0\0\0\
\x04\0\x58\x34\0\0\0\0\0\0\0\0\0\0\0\0\0\0\x24\x0b\0\0\0\0\x04\0\x90\x34\0\0\0\
\0\0\0\0\0\0\0\0\0\0\0\x2d\x0b\0\0\0\0\x04\0\x08\x34\0\0\0\0\0\0\0\0\0\0\0\0\0\
\0\x36\x0b\0\0\0\0\x04\0\xb8\x34\0\0\0\0\0\0\0\0\0\0\0\0\0\0\x3f\x0b\0\0\x01\0\
\x05\0\x3f\x0c\0\0\0\0\0\0\x2f\0\0\0\0\0\0\0\x60\x0b\0\0\0\0\x04\0\xa8\x34\0\0\
\0\0\0\0\0\0\0\0\0\0\0\0\x69\x0b\0\0\x01\0\x05\0\x6e\x0c\0\0\0\0\0\0\x3d\0\0\0\
\0\0\0\0\x8a\x0b\0\0\x01\0\x05\0\xab\x0c\0\0\0\0\0\0\x2f\0\0\0\0\0\0\0\xab\x0b\
\0\0\x01\0\x05\0\xda\x0c\0\0\0\0\0\0\x24\0\0\0\0\0\0\0\xc9\x0b\0\0\0\0\x04\0\
\xb8\x35\0\0\0\0\0\0\0\0\0\0\0\0\0\0\xd1\x0b\0\0\0\0\x04\0\xe0\x35\0\0\0\0\0\0\
\0\0\0\0\0\0\0\0\xd9\x0b\0\0\x01\0\x05\0\xfe\x0c\0\0\0\0\0\0\x2f\0\0\0\0\0\0\0\
\xfa\x0b\0\0\0\0\x04\0\xc8\x37\0\0\0\0\0\0\0\0\0\0\0\0\0\0\x02\x0c\0\0\0\0\x04\
\0\xe8\x37\0\0\0\0\0\0\0\0\0\0\0\0\0\0\x0a\x0c\0\0\0\0\x04\0\x20\x38\0\0\0\0\0\
\0\0\0\0\0\0\0\0\0\x13\x0c\0\0\0\0\x04\0\x58\x38\0\0\0\0\0\0\0\0\0\0\0\0\0\0\
\x1c\x0c\0\0\0\0\x04\0\x10\x38\0\0\0\0\0\0\0\0\0\0\0\0\0\0\x25\x0c\0\0\x01\0\
\x05\0\x2d\x0d\0\0\0\0\0\0\x2f\0\0\0\0\0\0\0\x46\x0c\0\0\0\0\x04\0\0\x38\0\0\0\
\0\0\0\0\0\0\0\0\0\0\0\x4e\x0c\0\0\x01\0\x05\0\x5c\x0d\0\0\0\0\0\0\x2f\0\0\0\0\
\0\0\0\x6f\x0c\0\0\x01\0\x05\0\x8b\x0d\0\0\0\0\0\0\x44\0\0\0\0\0\0\0\x90\x0c\0\
\0\x01\0\x05\0\xcf\x0d\0\0\0\0\0\0\x25\0\0\0\0\0\0\0\xb6\x0c\0\0\x01\0\x05\0\
\xf4\x0d\0\0\0\0\0\0\x0c\0\0\0\0\0\0\0\xdf\x0c\0\0\0\0\x04\0\xd8\x3c\0\0\0\0\0\
\0\0\0\0\0\0\0\0\0\xe8\x0c\0\0\0\0\x04\0\xb8\x39\0\0\0\0\0\0\0\0\0\0\0\0\0\0\
\xf0\x0c\0\0\0\0\x04\0\xe0\x39\0\0\0\0\0\0\0\0\0\0\0\0\0\0\xf8\x0c\0\0\x01\0\
\x05\0\0\x0e\0\0\0\0\0\0\x37\0\0\0\0\0\0\0\x21\x0d\0\0\0\0\x04\0\xb0\x3c\0\0\0\
\0\0\0\0\0\0\0\0\0\0\0\x29\x0d\0\0\x01\0\x05\0\x37\x0e\0\0\0\0\0\0\x37\0\0\0\0\
\0\0\0\x52\x0d\0\0\x01\0\x05\0\x6e\x0e\0\0\0\0\0\0\x1a\0\0\0\0\0\0\0\x6d\x0d\0\
\0\0\0\x04\0\x40\x3e\0\0\0\0\0\0\0\0\0\0\0\0\0\0\x75\x0d\0\0\x01\0\x05\0\x88\
\x0e\0\0\0\0\0\0\x1e\0\0\0\0\0\0\0\x94\x0d\0\0\0\0\x04\0\x40\x3f\0\0\0\0\0\0\0\
\0\0\0\0\0\0\0\x9c\x0d\0\0\0\0\x04\0\x68\x3f\0\0\0\0\0\0\0\0\0\0\0\0\0\0\xa4\
\x0d\0\0\x01\0\x05\0\xa6\x0e\0\0\0\0\0\0\x30\0\0\0\0\0\0\0\xc6\x0d\0\0\0\0\x04\
\0\xc0\x44\0\0\0\0\0\0\0\0\0\0\0\0\0\0\xce\x0d\0\0\0\0\x04\0\x08\x45\0\0\0\0\0\
\0\0\0\0\0\0\0\0\0\xd7\x0d\0\0\0\0\x04\0\xe0\x44\0\0\0\0\0\0\0\0\0\0\0\0\0\0\
\xdf\x0d\0\0\x01\0\x05\0\xd6\x0e\0\0\0\0\0\0\x2f\0\0\0\0\0\0\0\x01\x0e\0\0\0\0\
\x04\0\xf8\x44\0\0\0\0\0\0\0\0\0\0\0\0\0\0\x09\x0e\0\0\x01\0\x05\0\x05\x0f\0\0\
\0\0\0\0\x2f\0\0\0\0\0\0\0\x2b\x0e\0\0\x01\0\x05\0\x34\x0f\0\0\0\0\0\0\x2b\0\0\
\0\0\0\0\0\x50\x0e\0\0\0\0\x04\0\x08\x46\0\0\0\0\0\0\0\0\0\0\0\0\0\0\x58\x0e\0\
\0\0\0\x04\0\x30\x46\0\0\0\0\0\0\0\0\0\0\0\0\0\0\x60\x0e\0\0\x01\0\x05\0\x5f\
\x0f\0\0\0\0\0\0\x33\0\0\0\0\0\0\0\x88\x0e\0\0\0\0\x04\0\x50\x47\0\0\0\0\0\0\0\
\0\0\0\0\0\0\0\x90\x0e\0\0\0\0\x04\0\x78\x47\0\0\0\0\0\0\0\0\0\0\0\0\0\0\x98\
\x0e\0\0\x01\0\x05\0\x92\x0f\0\0\0\0\0\0\x33\0\0\0\0\0\0\0\xc0\x0e\0\0\x01\0\
\x05\0\xc5\x0f\0\0\0\0\0\0\x1d\0\0\0\0\0\0\0\xdd\x0e\0\0\0\0\x04\0\x20\x4a\0\0\
\0\0\0\0\0\0\0\0\0\0\0\0\xe5\x0e\0\0\0\0\x04\0\x50\x4a\0\0\0\0\0\0\0\0\0\0\0\0\
\0\0\xed\x0e\0\0\0\0\x04\0\x80\x4a\0\0\0\0\0\0\0\0\0\0\0\0\0\0\xf5\x0e\0\0\x01\
\0\x05\0\x1f\x10\0\0\0\0\0\0\x2b\0\0\0\0\0\0\0\x15\x0f\0\0\x01\0\x05\0\xe2\x0f\
\0\0\0\0\0\0\x3d\0\0\0\0\0\0\0\x35\x0f\0\0\x01\0\x05\0\x4a\x10\0\0\0\0\0\0\x1b\
\0\0\0\0\0\0\0\x51\x0f\0\0\0\0\x04\0\x80\x4b\0\0\0\0\0\0\0\0\0\0\0\0\0\0\x59\
\x0f\0\0\0\0\x04\0\xa8\x4b\0\0\0\0\0\0\0\0\0\0\0\0\0\0\x61\x0f\0\0\x01\0\x05\0\
\x65\x10\0\0\0\0\0\0\x26\0\0\0\0\0\0\0\x80\x0f\0\0\0\0\x04\0\0\x51\0\0\0\0\0\0\
\0\0\0\0\0\0\0\0\x88\x0f\0\0\0\0\x04\0\x20\x51\0\0\0\0\0\0\0\0\0\0\0\0\0\0\x90\
\x0f\0\0\0\0\x04\0\x58\x51\0\0\0\0\0\0\0\0\0\0\0\0\0\0\x99\x0f\0\0\0\0\x04\0\
\x80\x51\0\0\0\0\0\0\0\0\0\0\0\0\0\0\xa2\x0f\0\0\x01\0\x05\0\x8b\x10\0\0\0\0\0\
\0\x26\0\0\0\0\0\0\0\xc1\x0f\0\0\0\0\x04\0\x70\x51\0\0\0\0\0\0\0\0\0\0\0\0\0\0\
\xc9\x0f\0\0\x01\0\x05\0\xb1\x10\0\0\0\0\0\0\x37\0\0\0\0\0\0\0\xe8\x0f\0\0\x01\
\0\x05\0\xe8\x10\0\0\0\0\0\0\x26\0\0\0\0\0\0\0\x07\x10\0\0\x01\0\x05\0\x0e\x11\
\0\0\0\0\0\0\x1e\0\0\0\0\0\0\0\x26\x10\0\0\x01\0\x05\0\x2c\x11\0\0\0\0\0\0\x0c\
\0\0\0\0\0\0\0\x48\x10\0\0\0\0\x04\0\x80\x54\0\0\0\0\0\0\0\0\0\0\0\0\0\0\x50\
\x10\0\0\0\0\x04\0\xc8\x52\0\0\0\0\0\0\0\0\0\0\0\0\0\0\x58\x10\0\0\0\0\x04\0\
\xf0\x52\0\0\0\0\0\0\0\0\0\0\0\0\0\0\x60\x10\0\0\x01\0\x05\0\x38\x11\0\0\0\0\0\
\0\x30\0\0\0\0\0\0\0\x82\x10\0\0\0\0\x04\0\x58\x54\0\0\0\0\0\0\0\0\0\0\0\0\0\0\
\x8a\x10\0\0\x01\0\x05\0\x68\x11\0\0\0\0\0\0\x30\0\0\0\0\0\0\0\xac\x10\0\0\x01\
\0\x05\0\x98\x11\0\0\0\0\0\0\x1d\0\0\0\0\0\0\0\xca\x10\0\0\0\0\x04\0\xe8\x55\0\
\0\0\0\0\0\0\0\0\0\0\0\0\0\0\0\0\0\x03\0\x05\0\0\0\0\0\0\0\0\0\0\0\0\0\0\0\0\0\
\xd2\x10\0\0\x12\0\x03\0\0\0\0\0\0\0\0\0\x18\0\0\0\0\0\0\0\xda\x10\0\0\x12\0\
\x03\0\x18\0\0\0\0\0\0\0\x10\0\0\0\0\0\0\0\xe2\x10\0\0\x12\0\x03\0\x28\0\0\0\0\
\0\0\0\x40\x02\0\0\0\0\0\0\xf1\x10\0\0\x12\0\x03\0\x68\x02\0\0\0\0\0\0\x90\x05\
\0\0\0\0\0\0\x07\x11\0\0\x12\0\x03\0\xf8\x07\0\0\0\0\0\0\x10\x02\0\0\0\0\0\0\
\x10\x11\0\0\x12\0\x04\0\0\0\0\0\0\0\0\0\x98\x0a\0\0\0\0\0\0\x22\x11\0\0\x11\0\
\x07\0\0\0\0\0\0\0\0\0\x20\0\0\0\0\0\0\0\x2a\x11\0\0\x11\0\x07\0\x20\0\0\0\0\0\
\0\0\x20\0\0\0\0\0\0\0\x2e\x11\0\0\x12\0\x04\0\x98\x0a\0\0\0\0\0\0\xf8\x05\0\0\
\0\0\0\0\x40\x11\0\0\x11\0\x07\0\x40\0\0\0\0\0\0\0\x20\0\0\0\0\0\0\0\x49\x11\0\
\0\x12\0\x04\0\x90\x10\0\0\0\0\0\0\xc8\x02\0\0\0\0\0\0\x5c\x11\0\0\x12\0\x04\0\
\x58\x13\0\0\0\0\0\0\x20\x03\0\0\0\0\0\0\x76\x11\0\0\x12\0\x04\0\x78\x16\0\0\0\
\0\0\0\x20\x01\0\0\0\0\0\0\x90\x11\0\0\x12\0\x04\0\x98\x17\0\0\0\0\0\0\x20\x01\
\0\0\0\0\0\0\xa0\x11\0\0\x12\0\x04\0\xb8\x18\0\0\0\0\0\0\x20\x03\0\0\0\0\0\0\
\xb3\x11\0\0\x11\0\x07\0\x60\0\0\0\0\0\0\0\x20\0\0\0\0\0\0\0\xbb\x11\0\0\x12\0\
\x04\0\xd8\x1b\0\0\0\0\0\0\x90\x05\0\0\0\0\0\0\xd1\x11\0\0\x12\0\x04\0\x68\x21\
\0\0\0\0\0\0\x48\x06\0\0\0\0\0\0\xe5\x11\0\0\x11\0\x07\0\x80\0\0\0\0\0\0\0\x10\
\0\0\0\0\0\0\0\xe8\x11\0\0\x12\0\x04\0\xb0\x27\0\0\0\0\0\0\x88\x09\0\0\0\0\0\0\
\xff\x11\0\0\x12\0\x04\0\x38\x31\0\0\0\0\0\0\x90\x03\0\0\0\0\0\0\x15\x12\0\0\
\x12\0\x04\0\xc8\x34\0\0\0\0\0\0\xb8\x03\0\0\0\0\0\0\x2b\x12\0\0\x12\0\x04\0\
\x80\x38\0\0\0\0\0\0\x68\x04\0\0\0\0\0\0\x49\x12\0\0\x12\0\x04\0\xe8\x3c\0\0\0\
\0\0\0\x68\x01\0\0\0\0\0\0\x5c\x12\0\0\x12\0\x04\0\x50\x3e\0\0\0\0\0\0\xc8\x06\
\0\0\0\0\0\0\x73\x12\0\0\x12\0\x04\0\x18\x45\0\0\0\0\0\0\x70\x02\0\0\0\0\0\0\
\x90\x12\0\0\x12\0\x04\0\x88\x47\0\0\0\0\0\0\x08\x03\0\0\0\0\0\0\xa5\x12\0\0\
\x12\0\x04\0\x90\x4a\0\0\0\0\0\0\0\x07\0\0\0\0\0\0\xb9\x12\0\0\x12\0\x04\0\x90\
\x51\0\0\0\0\0\0\0\x03\0\0\0\0\0\0\xd0\x12\0\0\x12\0\x04\0\x90\x54\0\0\0\0\0\0\
\x68\x01\0\0\0\0\0\0\xe6\x12\0\0\x11\0\x06\0\0\0\0\0\0\0\0\0\x0d\0\0\0\0\0\0\0\
\x85\0\0\0\x0e\0\0\0\x77\0\0\0\x20\0\0\0\x95\0\0\0\0\0\0\0\x85\0\0\0\x0e\0\0\0\
\x95\0\0\0\0\0\0\0\xbf\x23\0\0\0\0\0\0\x67\x02\0\0\x20\0\0\0\x77\x02\0\0\x20\0\
\0\0\x65\x02\x07\0\x07\0\0\0\x65\x02\x0d\0\x03\0\0\0\x65\x02\x18\0\x01\0\0\0\
\x15\x02\x2b\0\0\0\0\0\x15\x02\x01\0\x01\0\0\0\x05\0\x39\0\0\0\0\0\x79\x10\x60\
\0\0\0\0\0\x05\0\x3c\0\0\0\0\0\x65\x02\x0c\0\x0b\0\0\0\x65\x02\x16\0\x09\0\0\0\
\x15\x02\x26\0\x08\0\0\0\x15\x02\x01\0\x09\0\0\0\x05\0\x32\0\0\0\0\0\x79\x10\
\x40\0\0\0\0\0\x05\0\x35\0\0\0\0\0\x65\x02\x15\0\x05\0\0\0\x15\x02\x22\0\x04\0\
\0\0\x15\x02\x01\0\x05\0\0\0\x05\0\x2c\0\0\0\0\0\x79\x10\x70\0\0\0\0\0\x05\0\
\x2f\0\0\0\0\0\x65\x02\x14\0\x0d\0\0\0\x15\x02\x1e\0\x0c\0\0\0\x15\x02\x01\0\
\x0d\0\0\0\x05\0\x26\0\0\0\0\0\x79\x10\x10\0\0\0\0\0\x05\0\x29\0\0\0\0\0\x15\
\x02\x1b\0\x02\0\0\0\x15\x02\x01\0\x03\0\0\0\x05\0\x21\0\0\0\0\0\x79\x10\x28\0\
\0\0\0\0\x05\0\x24\0\0\0\0\0\x15\x02\x18\0\x0a\0\0\0\x15\x02\x01\0\x0b\0\0\0\
\x05\0\x1c\0\0\0\0\0\x79\x10\x30\0\0\0\0\0\x05\0\x1f\0\0\0\0\0\x15\x02\x15\0\
\x06\0\0\0\x15\x02\x01\0\x07\0\0\0\x05\0\x17\0\0\0\0\0\x79\x10\x98\0\0\0\0\0\
\x05\0\x1a\0\0\0\0\0\x15\x02\x12\0\x0e\0\0\0\x15\x02\x01\0\x0f\0\0\0\x05\0\x12\
\0\0\0\0\0\x79\x10\0\0\0\0\0\0\x05\0\x15\0\0\0\0\0\x79\x10\x50\0\0\0\0\0\x05\0\
\x13\0\0\0\0\0\x79\x10\x48\0\0\0\0\0\x05\0\x11\0\0\0\0\0\x79\x10\x68\0\0\0\0\0\
\x05\0\x0f\0\0\0\0\0\x79\x10\x18\0\0\0\0\0\x05\0\x0d\0\0\0\0\0\x79\x10\x58\0\0\
\0\0\0\x05\0\x0b\0\0\0\0\0\x79\x10\x38\0\0\0\0\0\x05\0\x09\0\0\0\0\0\x79\x10\
\x20\0\0\0\0\0\x05\0\x07\0\0\0\0\0\x79\x10\x08\0\0\0\0\0\x05\0\x05\0\0\0\0\0\
\x18\x01\0\0\0\0\0\0\0\0\0\0\0\0\0\0\xb7\x02\0\0\x2f\0\0\0\x85\0\0\0\x06\0\0\0\
\xb7\0\0\0\0\0\0\0\x95\0\0\0\0\0\0\0\xbf\x26\0\0\0\0\0\0\xb7\0\0\0\0\0\0\0\x15\
\x01\xae\0\0\0\0\0\x15\x06\xad\0\0\0\0\0\x71\x62\x08\0\0\0\0\0\xbf\x10\0\0\0\0\
\0\0\x15\x02\x0c\0\0\0\0\0\x61\x60\x04\0\0\0\0\0\x67\0\0\0\x20\0\0\0\xc7\0\0\0\
\x20\0\0\0\x0f\x10\0\0\0\0\0\0\x71\x61\x18\0\0\0\0\0\x15\x01\x06\0\0\0\0\0\xbf\
\xa1\0\0\0\0\0\0\x07\x01\0\0\xf8\xff\xff\xff\xb7\x02\0\0\x08\0\0\0\xbf\x03\0\0\
\0\0\0\0\x85\0\0\0\x70\0\0\0\x79\xa0\xf8\xff\0\0\0\0\x61\x61\x14\0\0\0\0\0\x67\
\x01\0\0\x20\0\0\0\xc7\x01\0\0\x20\0\0\0\x0f\x10\0\0\0\0\0\0\x61\x61\x5c\0\0\0\
\0\0\x67\x01\0\0\x20\0\0\0\xc7\x01\0\0\x20\0\0\0\xb7\x02\0\0\x03\0\0\0\x6d\x12\
\x95\0\0\0\0\0\x71\x62\x20\0\0\0\0\0\x15\x02\x0c\0\0\0\0\0\xbf\xa1\0\0\0\0\0\0\
\x07\x01\0\0\xf8\xff\xff\xff\xb7\x02\0\0\x08\0\0\0\xbf\x03\0\0\0\0\0\0\x85\0\0\
\0\x70\0\0\0\x61\x61\x1c\0\0\0\0\0\x67\x01\0\0\x20\0\0\0\xc7\x01\0\0\x20\0\0\0\
\x79\xa0\xf8\xff\0\0\0\0\x0f\x10\0\0\0\0\0\0\x61\x61\x5c\0\0\0\0\0\x05\0\x04\0\
\0\0\0\0\x61\x62\x1c\0\0\0\0\0\x67\x02\0\0\x20\0\0\0\xc7\x02\0\0\x20\0\0\0\x0f\
\x20\0\0\0\0\0\0\xbf\x12\0\0\0\0\0\0\x67\x02\0\0\x20\0\0\0\xc7\x02\0\0\x20\0\0\
\0\xb7\x03\0\0\x04\0\0\0\x6d\x23\x7e\0\0\0\0\0\x71\x62\x28\0\0\0\0\0\x15\x02\
\x0c\0\0\0\0\0\xbf\xa1\0\0\0\0\0\0\x07\x01\0\0\xf8\xff\xff\xff\xb7\x02\0\0\x08\
\0\0\0\xbf\x03\0\0\0\0\0\0\x85\0\0\0\x70\0\0\0\x61\x61\x24\0\0\0\0\0\x67\x01\0\
\0\x20\0\0\0\xc7\x01\0\0\x20\0\0\0\x79\xa0\xf8\xff\0\0\0\0\x0f\x10\0\0\0\0\0\0\
\x61\x61\x5c\0\0\0\0\0\x05\0\x04\0\0\0\0\0\x61\x62\x24\0\0\0\0\0\x67\x02\0\0\
\x20\0\0\0\xc7\x02\0\0\x20\0\0\0\x0f\x20\0\0\0\0\0\0\xbf\x12\0\0\0\0\0\0\x67\
\x02\0\0\x20\0\0\0\xc7\x02\0\0\x20\0\0\0\xb7\x03\0\0\x05\0\0\0\x6d\x23\x67\0\0\
\0\0\0\x71\x62\x30\0\0\0\0\0\x15\x02\x0c\0\0\0\0\0\xbf\xa1\0\0\0\0\0\0\x07\x01\
\0\0\xf8\xff\xff\xff\xb7\x02\0\0\x08\0\0\0\xbf\x03\0\0\0\0\0\0\x85\0\0\0\x70\0\
\0\0\x61\x61\x2c\0\0\0\0\0\x67\x01\0\0\x20\0\0\0\xc7\x01\0\0\x20\0\0\0\x79\xa0\
\xf8\xff\0\0\0\0\x0f\x10\0\0\0\0\0\0\x61\x61\x5c\0\0\0\0\0\x05\0\x04\0\0\0\0\0\
\x61\x62\x2c\0\0\0\0\0\x67\x02\0\0\x20\0\0\0\xc7\x02\0\0\x20\0\0\0\x0f\x20\0\0\
\0\0\0\0\xbf\x12\0\0\0\0\0\0\x67\x02\0\0\x20\0\0\0\xc7\x02\0\0\x20\0\0\0\xb7\
\x03\0\0\x06\0\0\0\x6d\x23\x50\0\0\0\0\0\x71\x62\x38\0\0\0\0\0\x15\x02\x0c\0\0\
\0\0\0\xbf\xa1\0\0\0\0\0\0\x07\x01\0\0\xf8\xff\xff\xff\xb7\x02\0\0\x08\0\0\0\
\xbf\x03\0\0\0\0\0\0\x85\0\0\0\x70\0\0\0\x61\x61\x34\0\0\0\0\0\x67\x01\0\0\x20\
\0\0\0\xc7\x01\0\0\x20\0\0\0\x79\xa0\xf8\xff\0\0\0\0\x0f\x10\0\0\0\0\0\0\x61\
\x61\x5c\0\0\0\0\0\x05\0\x04\0\0\0\0\0\x61\x62\x34\0\0\0\0\0\x67\x02\0\0\x20\0\
\0\0\xc7\x02\0\0\x20\0\0\0\x0f\x20\0\0\0\0\0\0\xbf\x12\0\0\0\0\0\0\x67\x02\0\0\
\x20\0\0\0\xc7\x02\0\0\x20\0\0\0\xb7\x03\0\0\x07\0\0\0\x6d\x23\x39\0\0\0\0\0\
\x71\x62\x40\0\0\0\0\0\x15\x02\x0c\0\0\0\0\0\xbf\xa1\0\0\0\0\0\0\x07\x01\0\0\
\xf8\xff\xff\xff\xb7\x02\0\0\x08\0\0\0\xbf\x03\0\0\0\0\0\0\x85\0\0\0\x70\0\0\0\
\x61\x61\x3c\0\0\0\0\0\x67\x01\0\0\x20\0\0\0\xc7\x01\0\0\x20\0\0\0\x79\xa0\xf8\
\xff\0\0\0\0\x0f\x10\0\0\0\0\0\0\x61\x61\x5c\0\0\0\0\0\x05\0\x04\0\0\0\0\0\x61\
\x62\x3c\0\0\0\0\0\x67\x02\0\0\x20\0\0\0\xc7\x02\0\0\x20\0\0\0\x0f\x20\0\0\0\0\
\0\0\xbf\x12\0\0\0\0\0\0\x67\x02\0\0\x20\0\0\0\xc7\x02\0\0\x20\0\0\0\xb7\x03\0\
\0\x08\0\0\0\x6d\x23\x22\0\0\0\0\0\x71\x62\x48\0\0\0\0\0\x15\x02\x0c\0\0\0\0\0\
\xbf\xa1\0\0\0\0\0\0\x07\x01\0\0\xf8\xff\xff\xff\xb7\x02\0\0\x08\0\0\0\xbf\x03\
\0\0\0\0\0\0\x85\0\0\0\x70\0\0\0\x61\x61\x44\0\0\0\0\0\x67\x01\0\0\x20\0\0\0\
\xc7\x01\0\0\x20\0\0\0\x79\xa0\xf8\xff\0\0\0\0\x0f\x10\0\0\0\0\0\0\x61\x61\x5c\
\0\0\0\0\0\x05\0\x04\0\0\0\0\0\x61\x62\x44\0\0\0\0\0\x67\x02\0\0\x20\0\0\0\xc7\
\x02\0\0\x20\0\0\0\x0f\x20\0\0\0\0\0\0\x67\x01\0\0\x20\0\0\0\xc7\x01\0\0\x20\0\
\0\0\xb7\x02\0\0\x09\0\0\0\x6d\x12\x0c\0\0\0\0\0\x71\x61\x50\0\0\0\0\0\x15\x01\
\x06\0\0\0\0\0\xbf\xa1\0\0\0\0\0\0\x07\x01\0\0\xf8\xff\xff\xff\xb7\x02\0\0\x08\
\0\0\0\xbf\x03\0\0\0\0\0\0\x85\0\0\0\x70\0\0\0\x79\xa0\xf8\xff\0\0\0\0\x61\x61\
\x4c\0\0\0\0\0\x67\x01\0\0\x20\0\0\0\xc7\x01\0\0\x20\0\0\0\x0f\x10\0\0\0\0\0\0\
\x95\0\0\0\0\0\0\0\xbf\x16\0\0\0\0\0\0\x15\x06\x3e\0\0\0\0\0\x71\x65\x08\0\0\0\
\0\0\x61\x64\x04\0\0\0\0\0\x61\x63\0\0\0\0\0\0\x18\x01\0\0\x2f\0\0\0\0\0\0\0\0\
\0\0\0\xb7\x02\0\0\x1d\0\0\0\x85\0\0\0\x06\0\0\0\x61\x61\x5c\0\0\0\0\0\x67\x01\
\0\0\x20\0\0\0\xc7\x01\0\0\x20\0\0\0\xb7\x02\0\0\x02\0\0\0\x6d\x12\x32\0\0\0\0\
\0\x71\x64\x18\0\0\0\0\0\x61\x63\x14\0\0\0\0\0\x18\x01\0\0\x4c\0\0\0\0\0\0\0\0\
\0\0\0\xb7\x02\0\0\x1e\0\0\0\x85\0\0\0\x06\0\0\0\x61\x61\x5c\0\0\0\0\0\x67\x01\
\0\0\x20\0\0\0\xc7\x01\0\0\x20\0\0\0\xb7\x02\0\0\x03\0\0\0\x6d\x12\x27\0\0\0\0\
\0\x71\x64\x20\0\0\0\0\0\x61\x63\x1c\0\0\0\0\0\x18\x01\0\0\x6a\0\0\0\0\0\0\0\0\
\0\0\0\xb7\x02\0\0\x1e\0\0\0\x85\0\0\0\x06\0\0\0\x61\x61\x5c\0\0\0\0\0\x67\x01\
\0\0\x20\0\0\0\xc7\x01\0\0\x20\0\0\0\xb7\x02\0\0\x04\0\0\0\x6d\x12\x1c\0\0\0\0\
\0\x71\x64\x28\0\0\0\0\0\x61\x63\x24\0\0\0\0\0\x18\x01\0\0\x88\0\0\0\0\0\0\0\0\
\0\0\0\xb7\x02\0\0\x1e\0\0\0\x85\0\0\0\x06\0\0\0\x61\x61\x5c\0\0\0\0\0\x67\x01\
\0\0\x20\0\0\0\xc7\x01\0\0\x20\0\0\0\xb7\x02\0\0\x05\0\0\0\x6d\x12\x11\0\0\0\0\
\0\x71\x64\x30\0\0\0\0\0\x61\x63\x2c\0\0\0\0\0\x18\x01\0\0\xa6\0\0\0\0\0\0\0\0\
\0\0\0\xb7\x02\0\0\x1e\0\0\0\x85\0\0\0\x06\0\0\0\x61\x61\x5c\0\0\0\0\0\x67\x01\
\0\0\x20\0\0\0\xc7\x01\0\0\x20\0\0\0\xb7\x02\0\0\x06\0\0\0\x6d\x12\x06\0\0\0\0\
\0\x71\x64\x38\0\0\0\0\0\x61\x63\x34\0\0\0\0\0\x18\x01\0\0\xc4\0\0\0\0\0\0\0\0\
\0\0\0\xb7\x02\0\0\x1e\0\0\0\x85\0\0\0\x06\0\0\0\xb7\0\0\0\0\0\0\0\x95\0\0\0\0\
\0\0\0\xbf\x16\0\0\0\0\0\0\xb7\x07\0\0\0\0\0\0\x63\x7a\xfc\xff\0\0\0\0\x7b\x7a\
\xf0\xff\0\0\0\0\x7b\x7a\xe8\xff\0\0\0\0\x7b\x7a\xe0\xff\0\0\0\0\x6b\x7a\xde\
\xff\0\0\0\0\xbf\xa2\0\0\0\0\0\0\x07\x02\0\0\xfc\xff\xff\xff\x18\x01\0\0\0\0\0\
\0\0\0\0\0\0\0\0\0\x85\0\0\0\x01\0\0\0\x55\0\x06\0\0\0\0\0\x61\xa3\xfc\xff\0\0\
\0\0\x18\x01\0\0\xe2\0\0\0\0\0\0\0\0\0\0\0\xb7\x02\0\0\x2b\0\0\0\x85\0\0\0\x06\
\0\0\0\x05\0\x0f\0\0\0\0\0\x61\x02\0\0\0\0\0\0\xbf\x61\0\0\0\0\0\0\xbf\x07\0\0\
\0\0\0\0\x85\x10\0\0\xff\xff\xff\xff\xbf\x01\0\0\0\0\0\0\xbf\x72\0\0\0\0\0\0\
\x85\x10\0\0\xff\xff\xff\xff\xbf\xa1\0\0\0\0\0\0\x07\x01\0\0\xde\xff\xff\xff\
\xb7\x02\0\0\x02\0\0\0\xbf\x03\0\0\0\0\0\0\x85\0\0\0\x70\0\0\0\x69\xa7\xde\xff\
\0\0\0\0\x15\x07\x06\0\x2a\0\0\0\x15\x07\x05\0\x70\0\0\0\x18\x01\0\0\x0d\x01\0\
\0\0\0\0\0\0\0\0\0\xb7\x02\0\0\x37\0\0\0\xbf\x73\0\0\0\0\0\0\x05\0\x29\x01\0\0\
\0\0\x61\xa1\xfc\xff\0\0\0\0\x07\x01\0\0\x01\0\0\0\x63\x1a\xfc\xff\0\0\0\0\xbf\
\xa2\0\0\0\0\0\0\x07\x02\0\0\xfc\xff\xff\xff\x18\x01\0\0\0\0\0\0\0\0\0\0\0\0\0\
\0\x85\0\0\0\x01\0\0\0\x15\0\x02\x01\0\0\0\0\x61\x02\0\0\0\0\0\0\xbf\x61\0\0\0\
\0\0\0\xbf\x07\0\0\0\0\0\0\x85\x10\0\0\xff\xff\xff\xff\xbf\x01\0\0\0\0\0\0\xbf\
\x72\0\0\0\0\0\0\x85\x10\0\0\xff\xff\xff\xff\xbf\xa1\0\0\0\0\0\0\x07\x01\0\0\
\xe8\xff\xff\xff\xb7\x02\0\0\x08\0\0\0\xbf\x03\0\0\0\0\0\0\x85\0\0\0\x70\0\0\0\
\x61\xa1\xfc\xff\0\0\0\0\x07\x01\0\0\x01\0\0\0\x63\x1a\xfc\xff\0\0\0\0\xbf\xa2\
\0\0\0\0\0\0\x07\x02\0\0\xfc\xff\xff\xff\x18\x01\0\0\0\0\0\0\0\0\0\0\0\0\0\0\
\x85\0\0\0\x01\0\0\0\x15\0\xf1\0\0\0\0\0\x61\x02\0\0\0\0\0\0\xbf\x61\0\0\0\0\0\
\0\xbf\x07\0\0\0\0\0\0\x85\x10\0\0\xff\xff\xff\xff\xbf\x01\0\0\0\0\0\0\xbf\x72\
\0\0\0\0\0\0\x85\x10\0\0\xff\xff\xff\xff\xbf\xa1\0\0\0\0\0\0\x07\x01\0\0\xf0\
\xff\xff\xff\xb7\x02\0\0\x08\0\0\0\xbf\x03\0\0\0\0\0\0\x85\0\0\0\x70\0\0\0\x85\
\0\0\0\x0e\0\0\0\x77\0\0\0\x20\0\0\0\x63\x0a\xe0\xff\0\0\0\0\xbf\xa2\0\0\0\0\0\
\0\x07\x02\0\0\xe0\xff\xff\xff\x18\x01\0\0\0\0\0\0\0\0\0\0\0\0\0\0\x85\0\0\0\
\x01\0\0\0\xbf\x07\0\0\0\0\0\0\x15\x07\x0d\0\0\0\0\0\x85\0\0\0\x7d\0\0\0\x79\
\x71\x40\0\0\0\0\0\x1f\x10\0\0\0\0\0\0\x79\xa4\xf0\xff\0\0\0\0\x79\xa3\xe8\xff\
\0\0\0\0\x18\x01\0\0\0\xf2\x05\x2a\0\0\0\0\x01\0\0\0\x2d\x01\xd7\0\0\0\0\0\x18\
\x01\0\0\xfe\x01\0\0\0\0\0\0\0\0\0\0\xb7\x02\0\0\x5f\0\0\0\xbf\x05\0\0\0\0\0\0\
\x85\0\0\0\x06\0\0\0\xb7\x01\0\0\0\0\0\0\x7b\x1a\xd0\xff\0\0\0\0\x7b\x1a\xc8\
\xff\0\0\0\0\x7b\x1a\xc0\xff\0\0\0\0\x7b\x1a\xb8\xff\0\0\0\0\x7b\x1a\xb0\xff\0\
\0\0\0\x7b\x1a\xa8\xff\0\0\0\0\x7b\x1a\xa0\xff\0\0\0\0\x7b\x1a\x98\xff\0\0\0\0\
\x7b\x1a\x90\xff\0\0\0\0\x7b\x1a\x88\xff\0\0\0\0\x7b\x1a\x80\xff\0\0\0\0\x7b\
\x1a\x78\xff\0\0\0\0\x7b\x1a\x70\xff\0\0\0\0\x7b\x1a\x68\xff\0\0\0\0\x7b\x1a\
\x60\xff\0\0\0\0\x7b\x1a\x58\xff\0\0\0\0\x7b\x1a\x50\xff\0\0\0\0\x7b\x1a\x48\
\xff\0\0\0\0\x7b\x1a\x40\xff\0\0\0\0\x7b\x1a\x38\xff\0\0\0\0\x7b\x1a\x30\xff\0\
\0\0\0\x7b\x1a\x28\xff\0\0\0\0\x7b\x1a\x20\xff\0\0\0\0\x7b\x1a\x18\xff\0\0\0\0\
\x7b\x1a\x10\xff\0\0\0\0\x7b\x1a\x08\xff\0\0\0\0\x7b\x1a\0\xff\0\0\0\0\x7b\x1a\
\xf8\xfe\0\0\0\0\x7b\x1a\xf0\xfe\0\0\0\0\x7b\x1a\xe8\xfe\0\0\0\0\x7b\x1a\xe0\
\xfe\0\0\0\0\x7b\x1a\xd8\xfe\0\0\0\0\x7b\x1a\xd0\xfe\0\0\0\0\x7b\x1a\xc8\xfe\0\
\0\0\0\x7b\x1a\xc0\xfe\0\0\0\0\x7b\x1a\xb8\xfe\0\0\0\0\x7b\x1a\xb0\xfe\0\0\0\0\
\x7b\x1a\xa8\xfe\0\0\0\0\x7b\x1a\xa0\xfe\0\0\0\0\x7b\x1a\x98\xfe\0\0\0\0\x7b\
\x1a\x90\xfe\0\0\0\0\x7b\x1a\x88\xfe\0\0\0\0\x7b\x1a\x80\xfe\0\0\0\0\x7b\x1a\
\x78\xfe\0\0\0\0\x7b\x1a\x70\xfe\0\0\0\0\x7b\x1a\x68\xfe\0\0\0\0\x7b\x1a\x60\
\xfe\0\0\0\0\x7b\x1a\x58\xfe\0\0\0\0\x7b\x1a\x50\xfe\0\0\0\0\x7b\x1a\x48\xfe\0\
\0\0\0\x85\0\0\0\x7d\0\0\0\x7b\x0a\x88\xfe\0\0\0\0\xb7\x01\0\0\xff\xff\xff\xff\
\x7b\x1a\xe8\xfe\0\0\0\0\x61\xa1\xe0\xff\0\0\0\0\x63\x1a\x48\xfe\0\0\0\0\x79\
\xa1\xf0\xff\0\0\0\0\x7b\x1a\x58\xfe\0\0\0\0\x79\xa1\xe8\xff\0\0\0\0\x7b\x1a\
\x50\xfe\0\0\0\0\x69\xa1\xde\xff\0\0\0\0\x6b\x1a\x60\xfe\0\0\0\0\x61\xa1\xfc\
\xff\0\0\0\0\x07\x01\0\0\x01\0\0\0\x63\x1a\xfc\xff\0\0\0\0\xbf\xa2\0\0\0\0\0\0\
\x07\x02\0\0\xfc\xff\xff\xff\x18\x01\0\0\0\0\0\0\0\0\0\0\0\0\0\0\x85\0\0\0\x01\
\0\0\0\x15\0\x90\0\0\0\0\0\x61\x02\0\0\0\0\0\0\xbf\x61\0\0\0\0\0\0\xbf\x07\0\0\
\0\0\0\0\x85\x10\0\0\xff\xff\xff\xff\xbf\x01\0\0\0\0\0\0\xbf\x72\0\0\0\0\0\0\
\x85\x10\0\0\xff\xff\xff\xff\xbf\x08\0\0\0\0\0\0\xbf\xa1\0\0\0\0\0\0\x07\x01\0\
\0\x40\xfe\xff\xff\xb7\x02\0\0\x04\0\0\0\xbf\x83\0\0\0\0\0\0\x85\0\0\0\x70\0\0\
\0\x07\x08\0\0\x04\0\0\0\xbf\xa7\0\0\0\0\0\0\x07\x07\0\0\x44\xfe\xff\xff\xbf\
\x71\0\0\0\0\0\0\xb7\x02\0\0\x04\0\0\0\xbf\x83\0\0\0\0\0\0\x85\0\0\0\x70\0\0\0\
\x61\xa1\xfc\xff\0\0\0\0\x07\x01\0\0\x01\0\0\0\x63\x1a\xfc\xff\0\0\0\0\x61\xa1\
\x40\xfe\0\0\0\0\x27\x01\0\0\0\xca\x9a\x3b\x61\xa2\x44\xfe\0\0\0\0\x0f\x21\0\0\
\0\0\0\0\x7b\x1a\x68\xfe\0\0\0\0\xbf\xa2\0\0\0\0\0\0\x07\x02\0\0\xfc\xff\xff\
\xff\x18\x01\0\0\0\0\0\0\0\0\0\0\0\0\0\0\x85\0\0\0\x01\0\0\0\x15\0\x72\0\0\0\0\
\0\x61\x02\0\0\0\0\0\0\xbf\x61\0\0\0\0\0\0\xbf\x08\0\0\0\0\0\0\x85\x10\0\0\xff\
\xff\xff\xff\xbf\x01\0\0\0\0\0\0\xbf\x82\0\0\0\0\0\0\x85\x10\0\0\xff\xff\xff\
\xff\xbf\x08\0\0\0\0\0\0\xbf\xa1\0\0\0\0\0\0\x07\x01\0\0\x40\xfe\xff\xff\xb7\
\x02\0\0\x04\0\0\0\xbf\x83\0\0\0\0\0\0\x85\0\0\0\x70\0\0\0\x07\x08\0\0\x04\0\0\
\0\xbf\x71\0\0\0\0\0\0\xb7\x02\0\0\x04\0\0\0\xbf\x83\0\0\0\0\0\0\x85\0\0\0\x70\
\0\0\0\x61\xa1\xfc\xff\0\0\0\0\x07\x01\0\0\x01\0\0\0\x63\x1a\xfc\xff\0\0\0\0\
\x61\xa1\x40\xfe\0\0\0\0\x27\x01\0\0\0\xca\x9a\x3b\x61\xa2\x44\xfe\0\0\0\0\x0f\
\x21\0\0\0\0\0\0\x7b\x1a\x70\xfe\0\0\0\0\xbf\xa2\0\0\0\0\0\0\x07\x02\0\0\xfc\
\xff\xff\xff\x18\x01\0\0\0\0\0\0\0\0\0\0\0\0\0\0\x85\0\0\0\x01\0\0\0\x15\0\x56\
\0\0\0\0\0\x61\x02\0\0\0\0\0\0\xbf\x61\0\0\0\0\0\0\xbf\x08\0\0\0\0\0\0\x85\x10\
\0\0\xff\xff\xff\xff\xbf\x01\0\0\0\0\0\0\xbf\x82\0\0\0\0\0\0\x85\x10\0\0\xff\
\xff\xff\xff\xbf\x08\0\0\0\0\0\0\xbf\xa1\0\0\0\0\0\0\x07\x01\0\0\x40\xfe\xff\
\xff\xb7\x02\0\0\x04\0\0\0\xbf\x83\0\0\0\0\0\0\x85\0\0\0\x70\0\0\0\x07\x08\0\0\
\x04\0\0\0\xbf\x71\0\0\0\0\0\0\xb7\x02\0\0\x04\0\0\0\xbf\x83\0\0\0\0\0\0\x85\0\
\0\0\x70\0\0\0\x61\xa1\xfc\xff\0\0\0\0\x07\x01\0\0\x01\0\0\0\x63\x1a\xfc\xff\0\
\0\0\0\x61\xa1\x40\xfe\0\0\0\0\x27\x01\0\0\0\xca\x9a\x3b\x61\xa2\x44\xfe\0\0\0\
\0\x0f\x21\0\0\0\0\0\0\x7b\x1a\x78\xfe\0\0\0\0\xbf\xa2\0\0\0\0\0\0\x07\x02\0\0\
\xfc\xff\xff\xff\x18\x01\0\0\0\0\0\0\0\0\0\0\0\0\0\0\x85\0\0\0\x01\0\0\0\x15\0\
\x3a\0\0\0\0\0\x61\x02\0\0\0\0\0\0\xbf\x61\0\0\0\0\0\0\xbf\x06\0\0\0\0\0\0\x85\
\x10\0\0\xff\xff\xff\xff\xbf\x01\0\0\0\0\0\0\xbf\x62\0\0\0\0\0\0\x85\x10\0\0\
\xff\xff\xff\xff\xbf\x06\0\0\0\0\0\0\xbf\xa1\0\0\0\0\0\0\x07\x01\0\0\x40\xfe\
\xff\xff\xb7\x02\0\0\x04\0\0\0\xbf\x63\0\0\0\0\0\0\x85\0\0\0\x70\0\0\0\x07\x06\
\0\0\x04\0\0\0\xbf\x71\0\0\0\0\0\0\xb7\x02\0\0\x04\0\0\0\xbf\x63\0\0\0\0\0\0\
\x85\0\0\0\x70\0\0\0\x61\xa1\x40\xfe\0\0\0\0\x27\x01\0\0\0\xca\x9a\x3b\x61\xa2\
\x44\xfe\0\0\0\0\x0f\x21\0\0\0\0\0\0\x7b\x1a\x80\xfe\0\0\0\0\xbf\xa2\0\0\0\0\0\
\0\x07\x02\0\0\xe0\xff\xff\xff\xbf\xa3\0\0\0\0\0\0\x07\x03\0\0\x48\xfe\xff\xff\
\x18\x01\0\0\0\0\0\0\0\0\0\0\0\0\0\0\xb7\x04\0\0\0\0\0\0\x85\0\0\0\x02\0\0\0\
\x05\0\x1f\0\0\0\0\0\x61\xa3\xfc\xff\0\0\0\0\x18\x01\0\0\x44\x01\0\0\0\0\0\0\0\
\0\0\0\x05\0\x19\0\0\0\0\0\x61\xa3\xfc\xff\0\0\0\0\x18\x01\0\0\x6f\x01\0\0\0\0\
\0\0\0\0\0\0\x05\0\x15\0\0\0\0\0\x18\x01\0\0\x9a\x01\0\0\0\0\0\0\0\0\0\0\xb7\
\x02\0\0\x64\0\0\0\xbf\x05\0\0\0\0\0\0\x85\0\0\0\x06\0\0\0\x05\0\x11\0\0\0\0\0\
\x61\xa3\xfc\xff\0\0\0\0\x18\x01\0\0\x5d\x02\0\0\0\0\0\0\0\0\0\0\x05\0\x0b\0\0\
\0\0\0\x61\xa3\xfc\xff\0\0\0\0\x18\x01\0\0\x88\x02\0\0\0\0\0\0\0\0\0\0\x05\0\
\x07\0\0\0\0\0\x61\xa3\xfc\xff\0\0\0\0\x18\x01\0\0\xb3\x02\0\0\0\0\0\0\0\0\0\0\
\x05\0\x03\0\0\0\0\0\x61\xa3\xfc\xff\0\0\0\0\x18\x01\0\0\xde\x02\0\0\0\0\0\0\0\
\0\0\0\xb7\x02\0\0\x2b\0\0\0\x85\0\0\0\x06\0\0\0\xb7\0\0\0\0\0\0\0\x95\0\0\0\0\
\0\0\0\xbf\x16\0\0\0\0\0\0\x18\x01\0\0\x09\x03\0\0\0\0\0\0\0\0\0\0\xb7\x02\0\0\
\x20\0\0\0\x85\0\0\0\x06\0\0\0\xb7\x07\0\0\0\0\0\0\x7b\x7a\xf8\xff\0\0\0\0\x7b\
\x7a\xf0\xff\0\0\0\0\x7b\x7a\xe8\xff\0\0\0\0\xb7\x01\0\0\x0a\0\0\0\x63\x1a\xe4\
\xff\0\0\0\0\x6b\x7a\xe2\xff\0\0\0\0\xbf\xa2\0\0\0\0\0\0\x07\x02\0\0\xe4\xff\
\xff\xff\x18\x01\0\0\0\0\0\0\0\0\0\0\0\0\0\0\x85\0\0\0\x01\0\0\0\x55\0\x06\0\0\
\0\0\0\x61\xa3\xe4\xff\0\0\0\0\x18\x01\0\0\x29\x03\0\0\0\0\0\0\0\0\0\0\xb7\x02\
\0\0\x2b\0\0\0\x85\0\0\0\x06\0\0\0\x05\0\x0f\0\0\0\0\0\x61\x02\0\0\0\0\0\0\xbf\
\x61\0\0\0\0\0\0\xbf\x07\0\0\0\0\0\0\x85\x10\0\0\xff\xff\xff\xff\xbf\x01\0\0\0\
\0\0\0\xbf\x72\0\0\0\0\0\0\x85\x10\0\0\xff\xff\xff\xff\xbf\xa1\0\0\0\0\0\0\x07\
\x01\0\0\xe2\xff\xff\xff\xb7\x02\0\0\x02\0\0\0\xbf\x03\0\0\0\0\0\0\x85\0\0\0\
\x70\0\0\0\x69\xa7\xe2\xff\0\0\0\0\x15\x07\x06\0\x2a\0\0\0\x15\x07\x05\0\x70\0\
\0\0\x18\x01\0\0\x54\x03\0\0\0\0\0\0\0\0\0\0\xb7\x02\0\0\x3a\0\0\0\xbf\x73\0\0\
\0\0\0\0\x05\0\x90\0\0\0\0\0\x61\xa1\xe4\xff\0\0\0\0\x07\x01\0\0\x01\0\0\0\x63\
\x1a\xe4\xff\0\0\0\0\xbf\xa2\0\0\0\0\0\0\x07\x02\0\0\xe4\xff\xff\xff\x18\x01\0\
\0\0\0\0\0\0\0\0\0\0\0\0\0\x85\0\0\0\x01\0\0\0\x15\0\x0d\0\0\0\0\0\x61\x02\0\0\
\0\0\0\0\xbf\x61\0\0\0\0\0\0\xbf\x07\0\0\0\0\0\0\x85\x10\0\0\xff\xff\xff\xff\
\xbf\x01\0\0\0\0\0\0\xbf\x72\0\0\0\0\0\0\x85\x10\0\0\xff\xff\xff\xff\xbf\xa1\0\
\0\0\0\0\0\x07\x01\0\0\xf0\xff\xff\xff\xb7\x02\0\0\x08\0\0\0\xbf\x03\0\0\0\0\0\
\0\x85\0\0\0\x70\0\0\0\x05\0\x05\0\0\0\0\0\x61\xa3\xe4\xff\0\0\0\0\x18\x01\0\0\
\x8e\x03\0\0\0\0\0\0\0\0\0\0\xb7\x02\0\0\x2b\0\0\0\x85\0\0\0\x06\0\0\0\x61\xa1\
\xe4\xff\0\0\0\0\x07\x01\0\0\x01\0\0\0\x63\x1a\xe4\xff\0\0\0\0\xbf\xa2\0\0\0\0\
\0\0\x07\x02\0\0\xe4\xff\xff\xff\x18\x01\0\0\0\0\0\0\0\0\0\0\0\0\0\0\x85\0\0\0\
\x01\0\0\0\x15\0\x59\0\0\0\0\0\x61\x02\0\0\0\0\0\0\xbf\x61\0\0\0\0\0\0\xbf\x07\
\0\0\0\0\0\0\x85\x10\0\0\xff\xff\xff\xff\xbf\x01\0\0\0\0\0\0\xbf\x72\0\0\0\0\0\
\0\x85\x10\0\0\xff\xff\xff\xff\xbf\xa1\0\0\0\0\0\0\x07\x01\0\0\xf8\xff\xff\xff\
\xb7\x02\0\0\x08\0\0\0\xbf\x03\0\0\0\0\0\0\x85\0\0\0\x70\0\0\0\x85\0\0\0\x0e\0\
\0\0\x77\0\0\0\x20\0\0\0\x63\x0a\xe8\xff\0\0\0\0\x79\xa3\xf0\xff\0\0\0\0\x79\
\xa4\xf8\xff\0\0\0\0\x18\x01\0\0\xe4\x03\0\0\0\0\0\0\0\0\0\0\xb7\x02\0\0\x39\0\
\0\0\x85\0\0\0\x06\0\0\0\xbf\xa2\0\0\0\0\0\0\x07\x02\0\0\xe8\xff\xff\xff\x18\
\x01\0\0\0\0\0\0\0\0\0\0\0\0\0\0\x85\0\0\0\x01\0\0\0\xbf\x07\0\0\0\0\0\0\x15\
\x07\x41\0\0\0\0\0\x79\x71\x48\0\0\0\0\0\x55\x01\x02\0\0\0\0\0\x85\0\0\0\x7d\0\
\0\0\x7b\x07\x48\0\0\0\0\0\x61\xa1\xe4\xff\0\0\0\0\x07\x01\0\0\x01\0\0\0\x63\
\x1a\xe4\xff\0\0\0\0\xbf\xa2\0\0\0\0\0\0\x07\x02\0\0\xe4\xff\xff\xff\x18\x01\0\
\0\0\0\0\0\0\0\0\0\0\0\0\0\x85\0\0\0\x01\0\0\0\x15\0\x3b\0\0\0\0\0\x61\x02\0\0\
\0\0\0\0\xbf\x61\0\0\0\0\0\0\xbf\x08\0\0\0\0\0\0\x85\x10\0\0\xff\xff\xff\xff\
\xbf\x01\0\0\0\0\0\0\xbf\x82\0\0\0\0\0\0\x85\x10\0\0\xff\xff\xff\xff\xbf\xa1\0\
\0\0\0\0\0\x07\x01\0\0\xd8\xff\xff\xff\xb7\x02\0\0\x08\0\0\0\xbf\x03\0\0\0\0\0\
\0\x85\0\0\0\x70\0\0\0\x79\xa1\xd8\xff\0\0\0\0\x7b\x17\x80\x01\0\0\0\0\x61\xa1\
\xe4\xff\0\0\0\0\x07\x01\0\0\x01\0\0\0\x63\x1a\xe4\xff\0\0\0\0\xbf\xa2\0\0\0\0\
\0\0\x07\x02\0\0\xe4\xff\xff\xff\x18\x01\0\0\0\0\0\0\0\0\0\0\0\0\0\0\x85\0\0\0\
\x01\0\0\0\x15\0\x28\0\0\0\0\0\x61\x02\0\0\0\0\0\0\xbf\x61\0\0\0\0\0\0\xbf\x06\
\0\0\0\0\0\0\x85\x10\0\0\xff\xff\xff\xff\xbf\x01\0\0\0\0\0\0\xbf\x62\0\0\0\0\0\
\0\x85\x10\0\0\xff\xff\xff\xff\xbf\xa1\0\0\0\0\0\0\x07\x01\0\0\xd8\xff\xff\xff\
\xb7\x02\0\0\x04\0\0\0\xbf\x03\0\0\0\0\0\0\x85\0\0\0\x70\0\0\0\x61\xa1\xd8\xff\
\0\0\0\0\x63\x17\x88\x01\0\0\0\0\x85\0\0\0\x0e\0\0\0\x7b\x0a\xd8\xff\0\0\0\0\
\xbf\xa2\0\0\0\0\0\0\x07\x02\0\0\xd8\xff\xff\xff\xbf\xa3\0\0\0\0\0\0\x07\x03\0\
\0\xe8\xff\xff\xff\x18\x01\0\0\0\0\0\0\0\0\0\0\0\0\0\0\xb7\x04\0\0\0\0\0\0\x85\
\0\0\0\x02\0\0\0\x05\0\x14\0\0\0\0\0\x61\xa3\xe4\xff\0\0\0\0\x18\x01\0\0\xb9\
\x03\0\0\0\0\0\0\0\0\0\0\x05\0\x0e\0\0\0\0\0\x79\xa4\xf8\xff\0\0\0\0\x79\xa3\
\xf0\xff\0\0\0\0\x18\x01\0\0\x1d\x04\0\0\0\0\0\0\0\0\0\0\xb7\x02\0\0\x46\0\0\0\
\x85\0\0\0\x06\0\0\0\x05\0\x09\0\0\0\0\0\x61\xa3\xe4\xff\0\0\0\0\x18\x01\0\0\
\x63\x04\0\0\0\0\0\0\0\0\0\0\x05\0\x03\0\0\0\0\0\x61\xa3\xe4\xff\0\0\0\0\x18\
\x01\0\0\x8e\x04\0\0\0\0\0\0\0\0\0\0\xb7\x02\0\0\x2b\0\0\0\x85\0\0\0\x06\0\0\0\
\xb7\0\0\0\0\0\0\0\x95\0\0\0\0\0\0\0\xbf\x16\0\0\0\0\0\0\x18\x01\0\0\xb9\x04\0\
\0\0\0\0\0\0\0\0\0\xb7\x02\0\0\x21\0\0\0\x85\0\0\0\x06\0\0\0\xb7\x01\0\0\x14\0\
\0\0\x63\x1a\xfc\xff\0\0\0\0\xb7\x01\0\0\0\0\0\0\x7b\x1a\xf0\xff\0\0\0\0\x7b\
\x1a\xe8\xff\0\0\0\0\x7b\x1a\xe0\xff\0\0\0\0\xbf\xa2\0\0\0\0\0\0\x07\x02\0\0\
\xfc\xff\xff\xff\x18\x01\0\0\0\0\0\0\0\0\0\0\0\0\0\0\x85\0\0\0\x01\0\0\0\x15\0\
\x0d\0\0\0\0\0\x61\x02\0\0\0\0\0\0\xbf\x61\0\0\0\0\0\0\xbf\x07\0\0\0\0\0\0\x85\
\x10\0\0\xff\xff\xff\xff\xbf\x01\0\0\0\0\0\0\xbf\x72\0\0\0\0\0\0\x85\x10\0\0\
\xff\xff\xff\xff\xbf\xa1\0\0\0\0\0\0\x07\x01\0\0\xe8\xff\xff\xff\xb7\x02\0\0\
\x08\0\0\0\xbf\x03\0\0\0\0\0\0\x85\0\0\0\x70\0\0\0\x05\0\x05\0\0\0\0\0\x61\xa3\
\xfc\xff\0\0\0\0\x18\x01\0\0\xda\x04\0\0\0\0\0\0\0\0\0\0\xb7\x02\0\0\x2c\0\0\0\
\x85\0\0\0\x06\0\0\0\x61\xa1\xfc\xff\0\0\0\0\x07\x01\0\0\x01\0\0\0\x63\x1a\xfc\
\xff\0\0\0\0\xbf\xa2\0\0\0\0\0\0\x07\x02\0\0\xfc\xff\xff\xff\x18\x01\0\0\0\0\0\
\0\0\0\0\0\0\0\0\0\x85\0\0\0\x01\0\0\0\x15\0\x1f\0\0\0\0\0\x61\x02\0\0\0\0\0\0\
\xbf\x61\0\0\0\0\0\0\xbf\x06\0\0\0\0\0\0\x85\x10\0\0\xff\xff\xff\xff\xbf\x01\0\
\0\0\0\0\0\xbf\x62\0\0\0\0\0\0\x85\x10\0\0\xff\xff\xff\xff\xbf\xa1\0\0\0\0\0\0\
\x07\x01\0\0\xf0\xff\xff\xff\xb7\x02\0\0\x08\0\0\0\xbf\x03\0\0\0\0\0\0\x85\0\0\
\0\x70\0\0\0\x85\0\0\0\x0e\0\0\0\x77\0\0\0\x20\0\0\0\x63\x0a\xe0\xff\0\0\0\0\
\x79\xa3\xe8\xff\0\0\0\0\x79\xa4\xf0\xff\0\0\0\0\x18\x01\0\0\x32\x05\0\0\0\0\0\
\0\0\0\0\0\xb7\x02\0\0\x3b\0\0\0\x85\0\0\0\x06\0\0\0\xbf\xa2\0\0\0\0\0\0\x07\
\x02\0\0\xe0\xff\xff\xff\x18\x01\0\0\0\0\0\0\0\0\0\0\0\0\0\0\x85\0\0\0\x01\0\0\
\0\xbf\x06\0\0\0\0\0\0\x15\x06\x09\0\0\0\0\0\x85\0\0\0\x7d\0\0\0\x7b\x06\x50\0\
\0\0\0\0\x05\0\x0c\0\0\0\0\0\x61\xa3\xfc\xff\0\0\0\0\x18\x01\0\0\x06\x05\0\0\0\
\0\0\0\0\0\0\0\xb7\x02\0\0\x2c\0\0\0\x85\0\0\0\x06\0\0\0\x05\0\x06\0\0\0\0\0\
\x79\xa4\xf0\xff\0\0\0\0\x79\xa3\xe8\xff\0\0\0\0\x18\x01\0\0\x6d\x05\0\0\0\0\0\
\0\0\0\0\0\xb7\x02\0\0\x3f\0\0\0\x85\0\0\0\x06\0\0\0\xb7\0\0\0\0\0\0\0\x95\0\0\
\0\0\0\0\0\xbf\x16\0\0\0\0\0\0\x18\x01\0\0\xac\x05\0\0\0\0\0\0\0\0\0\0\xb7\x02\
\0\0\x28\0\0\0\x85\0\0\0\x06\0\0\0\xb7\x01\0\0\x1e\0\0\0\x63\x1a\xfc\xff\0\0\0\
\0\xb7\x01\0\0\0\0\0\0\x7b\x1a\xf0\xff\0\0\0\0\x7b\x1a\xe8\xff\0\0\0\0\x7b\x1a\
\xe0\xff\0\0\0\0\xbf\xa2\0\0\0\0\0\0\x07\x02\0\0\xfc\xff\xff\xff\x18\x01\0\0\0\
\0\0\0\0\0\0\0\0\0\0\0\x85\0\0\0\x01\0\0\0\x15\0\x0d\0\0\0\0\0\x61\x02\0\0\0\0\
\0\0\xbf\x61\0\0\0\0\0\0\xbf\x07\0\0\0\0\0\0\x85\x10\0\0\xff\xff\xff\xff\xbf\
\x01\0\0\0\0\0\0\xbf\x72\0\0\0\0\0\0\x85\x10\0\0\xff\xff\xff\xff\xbf\xa1\0\0\0\
\0\0\0\x07\x01\0\0\xe8\xff\xff\xff\xb7\x02\0\0\x08\0\0\0\xbf\x03\0\0\0\0\0\0\
\x85\0\0\0\x70\0\0\0\x05\0\x05\0\0\0\0\0\x61\xa3\xfc\xff\0\0\0\0\x18\x01\0\0\
\xd4\x05\0\0\0\0\0\0\0\0\0\0\xb7\x02\0\0\x33\0\0\0\x85\0\0\0\x06\0\0\0\x61\xa1\
\xfc\xff\0\0\0\0\x07\x01\0\0\x01\0\0\0\x63\x1a\xfc\xff\0\0\0\0\xbf\xa2\0\0\0\0\
\0\0\x07\x02\0\0\xfc\xff\xff\xff\x18\x01\0\0\0\0\0\0\0\0\0\0\0\0\0\0\x85\0\0\0\
\x01\0\0\0\x15\0\x2a\0\0\0\0\0\x61\x02\0\0\0\0\0\0\xbf\x61\0\0\0\0\0\0\xbf\x06\
\0\0\0\0\0\0\x85\x10\0\0\xff\xff\xff\xff\xbf\x01\0\0\0\0\0\0\xbf\x62\0\0\0\0\0\
\0\x85\x10\0\0\xff\xff\xff\xff\xbf\xa1\0\0\0\0\0\0\x07\x01\0\0\xf0\xff\xff\xff\
\xb7\x02\0\0\x08\0\0\0\xbf\x03\0\0\0\0\0\0\x85\0\0\0\x70\0\0\0\x85\0\0\0\x0e\0\
\0\0\x77\0\0\0\x20\0\0\0\x63\x0a\xe0\xff\0\0\0\0\xbf\xa2\0\0\0\0\0\0\x07\x02\0\
\0\xe0\xff\xff\xff\x18\x01\0\0\0\0\0\0\0\0\0\0\0\0\0\0\x85\0\0\0\x01\0\0\0\xbf\
\x06\0\0\0\0\0\0\x79\xa3\xe8\xff\0\0\0\0\x79\xa4\xf0\xff\0\0\0\0\x18\x01\0\0\
\x3a\x06\0\0\0\0\0\0\0\0\0\0\xb7\x02\0\0\x4a\0\0\0\xbf\x65\0\0\0\0\0\0\x85\0\0\
\0\x06\0\0\0\x15\x06\x13\0\0\0\0\0\x85\0\0\0\x7d\0\0\0\x7b\x06\x58\0\0\0\0\0\
\x85\0\0\0\x0e\0\0\0\x7b\x0a\xd8\xff\0\0\0\0\xbf\xa2\0\0\0\0\0\0\x07\x02\0\0\
\xd8\xff\xff\xff\xbf\xa3\0\0\0\0\0\0\x07\x03\0\0\xe0\xff\xff\xff\x18\x01\0\0\0\
\0\0\0\0\0\0\0\0\0\0\0\xb7\x04\0\0\0\0\0\0\x85\0\0\0\x02\0\0\0\x05\0\x0c\0\0\0\
\0\0\x61\xa3\xfc\xff\0\0\0\0\x18\x01\0\0\x07\x06\0\0\0\0\0\0\0\0\0\0\xb7\x02\0\
\0\x33\0\0\0\x85\0\0\0\x06\0\0\0\x05\0\x06\0\0\0\0\0\x79\xa4\xf0\xff\0\0\0\0\
\x79\xa3\xe8\xff\0\0\0\0\x18\x01\0\0\x84\x06\0\0\0\0\0\0\0\0\0\0\xb7\x02\0\0\
\x46\0\0\0\x85\0\0\0\x06\0\0\0\xb7\0\0\0\0\0\0\0\x95\0\0\0\0\0\0\0\x18\x01\0\0\
\xca\x06\0\0\0\0\0\0\0\0\0\0\xb7\x02\0\0\x28\0\0\0\x85\0\0\0\x06\0\0\0\x85\0\0\
\0\x0e\0\0\0\x7b\x0a\xf8\xff\0\0\0\0\xbf\xa2\0\0\0\0\0\0\x07\x02\0\0\xf8\xff\
\xff\xff\x18\x01\0\0\0\0\0\0\0\0\0\0\0\0\0\0\x85\0\0\0\x01\0\0\0\xbf\x06\0\0\0\
\0\0\0\x15\x06\x09\0\0\0\0\0\x18\x01\0\0\0\0\0\0\0\0\0\0\0\0\0\0\xbf\x62\0\0\0\
\0\0\0\x85\0\0\0\x01\0\0\0\xbf\x07\0\0\0\0\0\0\x15\x07\x09\0\0\0\0\0\x85\0\0\0\
\x7d\0\0\0\x7b\x07\x60\0\0\0\0\0\x05\0\x0c\0\0\0\0\0\x79\xa3\xf8\xff\0\0\0\0\
\x18\x01\0\0\x3a\x07\0\0\0\0\0\0\0\0\0\0\xb7\x02\0\0\x37\0\0\0\x85\0\0\0\x06\0\
\0\0\x05\0\x06\0\0\0\0\0\x79\x64\x10\0\0\0\0\0\x79\x63\x08\0\0\0\0\0\x18\x01\0\
\0\xf2\x06\0\0\0\0\0\0\0\0\0\0\xb7\x02\0\0\x48\0\0\0\x85\0\0\0\x06\0\0\0\xb7\0\
\0\0\0\0\0\0\x95\0\0\0\0\0\0\0\x18\x01\0\0\x71\x07\0\0\0\0\0\0\0\0\0\0\xb7\x02\
\0\0\x1e\0\0\0\x85\0\0\0\x06\0\0\0\x85\0\0\0\x0e\0\0\0\x7b\x0a\xf8\xff\0\0\0\0\
\xbf\xa2\0\0\0\0\0\0\x07\x02\0\0\xf8\xff\xff\xff\x18\x01\0\0\0\0\0\0\0\0\0\0\0\
\0\0\0\x85\0\0\0\x01\0\0\0\xbf\x06\0\0\0\0\0\0\x15\x06\x09\0\0\0\0\0\x18\x01\0\
\0\0\0\0\0\0\0\0\0\0\0\0\0\xbf\x62\0\0\0\0\0\0\x85\0\0\0\x01\0\0\0\xbf\x07\0\0\
\0\0\0\0\x15\x07\x09\0\0\0\0\0\x85\0\0\0\x7d\0\0\0\x7b\x07\x68\0\0\0\0\0\x05\0\
\x0c\0\0\0\0\0\x79\xa3\xf8\xff\0\0\0\0\x18\x01\0\0\xce\x07\0\0\0\0\0\0\0\0\0\0\
\xb7\x02\0\0\x2d\0\0\0\x85\0\0\0\x06\0\0\0\x05\0\x06\0\0\0\0\0\x79\x64\x10\0\0\
\0\0\0\x79\x63\x08\0\0\0\0\0\x18\x01\0\0\x8f\x07\0\0\0\0\0\0\0\0\0\0\xb7\x02\0\
\0\x3f\0\0\0\x85\0\0\0\x06\0\0\0\xb7\0\0\0\0\0\0\0\x95\0\0\0\0\0\0\0\xbf\x17\0\
\0\0\0\0\0\x18\x01\0\0\xfb\x07\0\0\0\0\0\0\0\0\0\0\xb7\x02\0\0\x21\0\0\0\x85\0\
\0\0\x06\0\0\0\x85\0\0\0\x0e\0\0\0\x7b\x0a\xf8\xff\0\0\0\0\xbf\xa2\0\0\0\0\0\0\
\x07\x02\0\0\xf8\xff\xff\xff\x18\x01\0\0\0\0\0\0\0\0\0\0\0\0\0\0\x85\0\0\0\x01\
\0\0\0\xbf\x06\0\0\0\0\0\0\x15\x06\x48\0\0\0\0\0\x18\x01\0\0\0\0\0\0\0\0\0\0\0\
\0\0\0\xbf\x62\0\0\0\0\0\0\x85\0\0\0\x01\0\0\0\xbf\x08\0\0\0\0\0\0\x15\x08\x48\
\0\0\0\0\0\x85\0\0\0\x7d\0\0\0\x7b\x08\x70\0\0\0\0\0\xbf\xa2\0\0\0\0\0\0\x07\
\x02\0\0\xf8\xff\xff\xff\x18\x01\0\0\0\0\0\0\0\0\0\0\0\0\0\0\x85\0\0\0\x03\0\0\
\0\xb7\x01\0\0\x3c\0\0\0\x63\x1a\xf4\xff\0\0\0\0\xbf\xa2\0\0\0\0\0\0\x07\x02\0\
\0\xf4\xff\xff\xff\x18\x01\0\0\0\0\0\0\0\0\0\0\0\0\0\0\x85\0\0\0\x01\0\0\0\x15\
\0\x3f\0\0\0\0\0\x61\x02\0\0\0\0\0\0\xbf\x71\0\0\0\0\0\0\xbf\x08\0\0\0\0\0\0\
\x85\x10\0\0\xff\xff\xff\xff\xbf\x01\0\0\0\0\0\0\xbf\x82\0\0\0\0\0\0\x85\x10\0\
\0\xff\xff\xff\xff\xb7\x08\0\0\0\0\0\0\x63\x8a\xf0\xff\0\0\0\0\xbf\xa1\0\0\0\0\
\0\0\x07\x01\0\0\xf0\xff\xff\xff\xb7\x02\0\0\x04\0\0\0\xbf\x03\0\0\0\0\0\0\x85\
\0\0\0\x70\0\0\0\x61\xa1\xf4\xff\0\0\0\0\x07\x01\0\0\x01\0\0\0\x63\x1a\xf4\xff\
\0\0\0\0\xbf\xa2\0\0\0\0\0\0\x07\x02\0\0\xf4\xff\xff\xff\x18\x01\0\0\0\0\0\0\0\
\0\0\0\0\0\0\0\x85\0\0\0\x01\0\0\0\x15\0\x28\0\0\0\0\0\x61\x02\0\0\0\0\0\0\xbf\
\x71\0\0\0\0\0\0\xbf\x07\0\0\0\0\0\0\x85\x10\0\0\xff\xff\xff\xff\xbf\x01\0\0\0\
\0\0\0\xbf\x72\0\0\0\0\0\0\x85\x10\0\0\xff\xff\xff\xff\x7b\x8a\xe8\xff\0\0\0\0\
\xbf\xa1\0\0\0\0\0\0\x07\x01\0\0\xe8\xff\xff\xff\xb7\x02\0\0\x08\0\0\0\xbf\x03\
\0\0\0\0\0\0\x85\0\0\0\x70\0\0\0\x61\xa1\xf0\xff\0\0\0\0\x63\x1a\xdc\xff\0\0\0\
\0\x79\xa1\xe8\xff\0\0\0\0\x7b\x1a\xe0\xff\0\0\0\0\x85\0\0\0\x0e\0\0\0\x77\0\0\
\0\x20\0\0\0\x63\x0a\xd8\xff\0\0\0\0\xbf\xa2\0\0\0\0\0\0\x07\x02\0\0\xd8\xff\
\xff\xff\x18\x01\0\0\0\0\0\0\0\0\0\0\0\0\0\0\xbf\x63\0\0\0\0\0\0\xb7\x04\0\0\0\
\0\0\0\x85\0\0\0\x02\0\0\0\x05\0\x0c\0\0\0\0\0\x79\xa3\xf8\xff\0\0\0\0\x18\x01\
\0\0\x5e\x08\0\0\0\0\0\0\0\0\0\0\xb7\x02\0\0\x30\0\0\0\x85\0\0\0\x06\0\0\0\x05\
\0\x06\0\0\0\0\0\x79\x64\x10\0\0\0\0\0\x79\x63\x08\0\0\0\0\0\x18\x01\0\0\x1c\
\x08\0\0\0\0\0\0\0\0\0\0\xb7\x02\0\0\x42\0\0\0\x85\0\0\0\x06\0\0\0\xb7\0\0\0\0\
\0\0\0\x95\0\0\0\0\0\0\0\xbf\x16\0\0\0\0\0\0\x18\x01\0\0\x8e\x08\0\0\0\0\0\0\0\
\0\0\0\xb7\x02\0\0\x24\0\0\0\x85\0\0\0\x06\0\0\0\xb7\x01\0\0\x46\0\0\0\x63\x1a\
\xfc\xff\0\0\0\0\xbf\xa2\0\0\0\0\0\0\x07\x02\0\0\xfc\xff\xff\xff\x18\x01\0\0\0\
\0\0\0\0\0\0\0\0\0\0\0\x85\0\0\0\x01\0\0\0\x15\0\x39\0\0\0\0\0\x61\x02\0\0\0\0\
\0\0\xbf\x61\0\0\0\0\0\0\xbf\x07\0\0\0\0\0\0\x85\x10\0\0\xff\xff\xff\xff\xbf\
\x01\0\0\0\0\0\0\xbf\x72\0\0\0\0\0\0\x85\x10\0\0\xff\xff\xff\xff\xb7\x08\0\0\0\
\0\0\0\x63\x8a\xf8\xff\0\0\0\0\xbf\xa1\0\0\0\0\0\0\x07\x01\0\0\xf8\xff\xff\xff\
\xb7\x02\0\0\x04\0\0\0\xbf\x03\0\0\0\0\0\0\x85\0\0\0\x70\0\0\0\x61\xa1\xfc\xff\
\0\0\0\0\x07\x01\0\0\x01\0\0\0\x63\x1a\xfc\xff\0\0\0\0\xbf\xa2\0\0\0\0\0\0\x07\
\x02\0\0\xfc\xff\xff\xff\x18\x01\0\0\0\0\0\0\0\0\0\0\0\0\0\0\x85\0\0\0\x01\0\0\
\0\x15\0\x22\0\0\0\0\0\x61\x02\0\0\0\0\0\0\xbf\x61\0\0\0\0\0\0\xbf\x07\0\0\0\0\
\0\0\x85\x10\0\0\xff\xff\xff\xff\xbf\x01\0\0\0\0\0\0\xbf\x72\0\0\0\0\0\0\x85\
\x10\0\0\xff\xff\xff\xff\x7b\x8a\xf0\xff\0\0\0\0\xbf\xa1\0\0\0\0\0\0\x07\x01\0\
\0\xf0\xff\xff\xff\xb7\x02\0\0\x08\0\0\0\xbf\x03\0\0\0\0\0\0\x85\0\0\0\x70\0\0\
\0\x61\xa1\xf8\xff\0\0\0\0\x63\x1a\xe4\xff\0\0\0\0\x79\xa1\xf0\xff\0\0\0\0\x7b\
\x1a\xe8\xff\0\0\0\0\x85\0\0\0\x0e\0\0\0\x77\0\0\0\x20\0\0\0\x63\x0a\xe0\xff\0\
\0\0\0\xbf\xa2\0\0\0\0\0\0\x07\x02\0\0\xe0\xff\xff\xff\x18\x01\0\0\0\0\0\0\0\0\
\0\0\0\0\0\0\x85\0\0\0\x01\0\0\0\xbf\x07\0\0\0\0\0\0\x55\x07\x09\0\0\0\0\0\x61\
\xa5\xe0\xff\0\0\0\0\x79\xa4\xe8\xff\0\0\0\0\x61\xa3\xe4\xff\0\0\0\0\x18\x01\0\
\0\xb2\x08\0\0\0\0\0\0\0\0\0\0\xb7\x02\0\0\x39\0\0\0\x85\0\0\0\x06\0\0\0\xb7\0\
\0\0\0\0\0\0\x95\0\0\0\0\0\0\0\x61\xa1\xfc\xff\0\0\0\0\x07\x01\0\0\x01\0\0\0\
\x63\x1a\xfc\xff\0\0\0\0\xbf\xa2\0\0\0\0\0\0\x07\x02\0\0\xfc\xff\xff\xff\x18\
\x01\0\0\0\0\0\0\0\0\0\0\0\0\0\0\x85\0\0\0\x01\0\0\0\x15\0\xf5\xff\0\0\0\0\x61\
\x02\0\0\0\0\0\0\xbf\x61\0\0\0\0\0\0\xbf\x08\0\0\0\0\0\0\x85\x10\0\0\xff\xff\
\xff\xff\xbf\x01\0\0\0\0\0\0\xbf\x82\0\0\0\0\0\0\x85\x10\0\0\xff\xff\xff\xff\
\xb7\x01\0\0\0\0\0\0\x63\x1a\xdc\xff\0\0\0\0\xbf\xa1\0\0\0\0\0\0\x07\x01\0\0\
\xdc\xff\xff\xff\xb7\x02\0\0\x04\0\0\0\xbf\x03\0\0\0\0\0\0\x85\0\0\0\x70\0\0\0\
\x18\x01\0\0\0\0\0\0\0\0\0\0\0\0\0\0\xbf\x72\0\0\0\0\0\0\x85\0\0\0\x01\0\0\0\
\xbf\x08\0\0\0\0\0\0\x15\x08\xe1\xff\0\0\0\0\x61\xa1\xfc\xff\0\0\0\0\x07\x01\0\
\0\x01\0\0\0\x63\x1a\xfc\xff\0\0\0\0\xbf\xa2\0\0\0\0\0\0\x07\x02\0\0\xfc\xff\
\xff\xff\x18\x01\0\0\0\0\0\0\0\0\0\0\0\0\0\0\x85\0\0\0\x01\0\0\0\x15\0\xd8\xff\
\0\0\0\0\xbf\x09\0\0\0\0\0\0\x61\x02\0\0\0\0\0\0\xbf\x61\0\0\0\0\0\0\x85\x10\0\
\0\xff\xff\xff\xff\x61\xa1\xdc\xff\0\0\0\0\x65\x01\x0b\0\x01\0\0\0\x15\x01\x1c\
\0\0\0\0\0\x15\x01\x01\0\x01\0\0\0\x05\0\xcf\xff\0\0\0\0\x85\0\0\0\x7d\0\0\0\
\x7b\x08\x80\0\0\0\0\0\x79\x73\x08\0\0\0\0\0\x79\x74\x10\0\0\0\0\0\x18\x01\0\0\
\x2d\x09\0\0\0\0\0\0\0\0\0\0\xb7\x02\0\0\x40\0\0\0\x05\0\x31\0\0\0\0\0\x15\x01\
\x29\0\x02\0\0\0\x15\x01\x01\0\x04\0\0\0\x05\0\xc4\xff\0\0\0\0\x85\0\0\0\x7d\0\
\0\0\x7b\x08\x90\0\0\0\0\0\x79\x73\x08\0\0\0\0\0\x79\x74\x10\0\0\0\0\0\x18\x01\
\0\0\xae\x09\0\0\0\0\0\0\0\0\0\0\xb7\x02\0\0\x44\0\0\0\xbf\x05\0\0\0\0\0\0\x85\
\0\0\0\x06\0\0\0\xbf\xa2\0\0\0\0\0\0\x07\x02\0\0\xe0\xff\xff\xff\x18\x01\0\0\0\
\0\0\0\0\0\0\0\0\0\0\0\x85\0\0\0\x03\0\0\0\x05\0\xb5\xff\0\0\0\0\xbf\x06\0\0\0\
\0\0\0\x85\0\0\0\x7d\0\0\0\x7b\x08\x78\0\0\0\0\0\xbf\x61\0\0\0\0\0\0\xbf\x92\0\
\0\0\0\0\0\x85\x10\0\0\xff\xff\xff\xff\xb7\x01\0\0\0\0\0\0\x63\x1a\xd8\xff\0\0\
\0\0\xbf\xa1\0\0\0\0\0\0\x07\x01\0\0\xd8\xff\xff\xff\xb7\x02\0\0\x04\0\0\0\xbf\
\x03\0\0\0\0\0\0\x85\0\0\0\x70\0\0\0\x61\xa1\xd8\xff\0\0\0\0\x63\x18\x98\0\0\0\
\0\0\x79\x85\x78\0\0\0\0\0\x55\x01\x01\0\0\0\0\0\x7b\x58\x80\0\0\0\0\0\x79\x74\
\x10\0\0\0\0\0\x79\x73\x08\0\0\0\0\0\x18\x01\0\0\xeb\x08\0\0\0\0\0\0\0\0\0\0\
\xb7\x02\0\0\x42\0\0\0\x05\0\x9c\xff\0\0\0\0\x85\0\0\0\x7d\0\0\0\x7b\x08\x88\0\
\0\0\0\0\x79\x73\x08\0\0\0\0\0\x79\x74\x10\0\0\0\0\0\x18\x01\0\0\x6d\x09\0\0\0\
\0\0\0\0\0\0\0\xb7\x02\0\0\x41\0\0\0\xbf\x05\0\0\0\0\0\0\x05\0\x93\xff\0\0\0\0\
\xbf\x17\0\0\0\0\0\0\x18\x01\0\0\xf2\x09\0\0\0\0\0\0\0\0\0\0\xb7\x02\0\0\x22\0\
\0\0\x85\0\0\0\x06\0\0\0\xb7\x01\0\0\x5a\0\0\0\x63\x1a\xfc\xff\0\0\0\0\xb7\x01\
\0\0\0\0\0\0\x7b\x1a\xf0\xff\0\0\0\0\x7b\x1a\xe8\xff\0\0\0\0\x7b\x1a\xe0\xff\0\
\0\0\0\xbf\xa2\0\0\0\0\0\0\x07\x02\0\0\xfc\xff\xff\xff\x18\x01\0\0\0\0\0\0\0\0\
\0\0\0\0\0\0\x85\0\0\0\x01\0\0\0\x15\0\x0d\0\0\0\0\0\x61\x02\0\0\0\0\0\0\xbf\
\x71\0\0\0\0\0\0\xbf\x06\0\0\0\0\0\0\x85\x10\0\0\xff\xff\xff\xff\xbf\x01\0\0\0\
\0\0\0\xbf\x62\0\0\0\0\0\0\x85\x10\0\0\xff\xff\xff\xff\xbf\xa1\0\0\0\0\0\0\x07\
\x01\0\0\xe8\xff\xff\xff\xb7\x02\0\0\x08\0\0\0\xbf\x03\0\0\0\0\0\0\x85\0\0\0\
\x70\0\0\0\x05\0\x05\0\0\0\0\0\x61\xa3\xfc\xff\0\0\0\0\x18\x01\0\0\x14\x0a\0\0\
\0\0\0\0\0\0\0\0\xb7\x02\0\0\x2d\0\0\0\x85\0\0\0\x06\0\0\0\x61\xa1\xfc\xff\0\0\
\0\0\x07\x01\0\0\x01\0\0\0\x63\x1a\xfc\xff\0\0\0\0\xbf\xa2\0\0\0\0\0\0\x07\x02\
\0\0\xfc\xff\xff\xff\x18\x01\0\0\0\0\0\0\0\0\0\0\0\0\0\0\x85\0\0\0\x01\0\0\0\
\x15\0\x8a\0\0\0\0\0\x61\x02\0\0\0\0\0\0\xbf\x71\0\0\0\0\0\0\xbf\x06\0\0\0\0\0\
\0\x85\x10\0\0\xff\xff\xff\xff\xbf\x01\0\0\0\0\0\0\xbf\x62\0\0\0\0\0\0\x85\x10\
\0\0\xff\xff\xff\xff\xbf\xa1\0\0\0\0\0\0\x07\x01\0\0\xf0\xff\xff\xff\xb7\x02\0\
\0\x08\0\0\0\xbf\x03\0\0\0\0\0\0\x85\0\0\0\x70\0\0\0\x85\0\0\0\x0e\0\0\0\x77\0\
\0\0\x20\0\0\0\x63\x0a\xe0\xff\0\0\0\0\xbf\xa2\0\0\0\0\0\0\x07\x02\0\0\xe0\xff\
\xff\xff\x18\x01\0\0\0\0\0\0\0\0\0\0\0\0\0\0\x85\0\0\0\x01\0\0\0\xbf\x06\0\0\0\
\0\0\0\x15\x06\x7a\0\0\0\0\0\x85\0\0\0\x7d\0\0\0\x7b\x06\x68\x01\0\0\0\0\x79\
\x71\x60\0\0\0\0\0\x7b\x16\x70\x01\0\0\0\0\x79\x71\x58\0\0\0\0\0\x7b\x16\x78\
\x01\0\0\0\0\x18\x01\0\0\0\0\0\0\0\0\0\0\0\0\0\0\xb7\x02\0\0\x90\x01\0\0\xb7\
\x03\0\0\0\0\0\0\x85\0\0\0\x83\0\0\0\x15\0\x79\0\0\0\0\0\x79\x61\x88\x01\0\0\0\
\0\x7b\x10\x88\x01\0\0\0\0\x79\x61\x80\x01\0\0\0\0\x7b\x10\x80\x01\0\0\0\0\x79\
\x61\x78\x01\0\0\0\0\x7b\x10\x78\x01\0\0\0\0\x79\x61\x70\x01\0\0\0\0\x7b\x10\
\x70\x01\0\0\0\0\x79\x61\x68\x01\0\0\0\0\x7b\x10\x68\x01\0\0\0\0\x79\x61\x60\
\x01\0\0\0\0\x7b\x10\x60\x01\0\0\0\0\x79\x61\x58\x01\0\0\0\0\x7b\x10\x58\x01\0\
\0\0\0\x79\x61\x50\x01\0\0\0\0\x7b\x10\x50\x01\0\0\0\0\x79\x61\x48\x01\0\0\0\0\
\x7b\x10\x48\x01\0\0\0\0\x79\x61\x40\x01\0\0\0\0\x7b\x10\x40\x01\0\0\0\0\x79\
\x61\x38\x01\0\0\0\0\x7b\x10\x38\x01\0\0\0\0\x79\x61\x30\x01\0\0\0\0\x7b\x10\
\x30\x01\0\0\0\0\x79\x61\x28\x01\0\0\0\0\x7b\x10\x28\x01\0\0\0\0\x79\x61\x20\
\x01\0\0\0\0\x7b\x10\x20\x01\0\0\0\0\x79\x61\x18\x01\0\0\0\0\x7b\x10\x18\x01\0\
\0\0\0\x79\x61\x10\x01\0\0\0\0\x7b\x10\x10\x01\0\0\0\0\x79\x61\x08\x01\0\0\0\0\
\x7b\x10\x08\x01\0\0\0\0\x79\x61\0\x01\0\0\0\0\x7b\x10\0\x01\0\0\0\0\x79\x61\
\xf8\0\0\0\0\0\x7b\x10\xf8\0\0\0\0\0\x79\x61\xf0\0\0\0\0\0\x7b\x10\xf0\0\0\0\0\
\0\x79\x61\xe8\0\0\0\0\0\x7b\x10\xe8\0\0\0\0\0\x79\x61\xe0\0\0\0\0\0\x7b\x10\
\xe0\0\0\0\0\0\x79\x61\xd8\0\0\0\0\0\x7b\x10\xd8\0\0\0\0\0\x79\x61\xd0\0\0\0\0\
\0\x7b\x10\xd0\0\0\0\0\0\x79\x61\xc8\0\0\0\0\0\x7b\x10\xc8\0\0\0\0\0\x79\x61\
\xc0\0\0\0\0\0\x7b\x10\xc0\0\0\0\0\0\x79\x61\xb8\0\0\0\0\0\x7b\x10\xb8\0\0\0\0\
\0\x79\x61\xb0\0\0\0\0\0\x7b\x10\xb0\0\0\0\0\0\x79\x61\xa8\0\0\0\0\0\x7b\x10\
\xa8\0\0\0\0\0\x79\x61\xa0\0\0\0\0\0\x7b\x10\xa0\0\0\0\0\0\x79\x61\x98\0\0\0\0\
\0\x7b\x10\x98\0\0\0\0\0\x79\x61\x90\0\0\0\0\0\x7b\x10\x90\0\0\0\0\0\x79\x61\
\x88\0\0\0\0\0\x7b\x10\x88\0\0\0\0\0\x79\x61\x80\0\0\0\0\0\x7b\x10\x80\0\0\0\0\
\0\x79\x61\x78\0\0\0\0\0\x7b\x10\x78\0\0\0\0\0\x79\x61\x70\0\0\0\0\0\x7b\x10\
\x70\0\0\0\0\0\x79\x61\x68\0\0\0\0\0\x7b\x10\x68\0\0\0\0\0\x79\x61\x60\0\0\0\0\
\0\x7b\x10\x60\0\0\0\0\0\x79\x61\x58\0\0\0\0\0\x7b\x10\x58\0\0\0\0\0\x79\x61\
\x50\0\0\0\0\0\x7b\x10\x50\0\0\0\0\0\x79\x61\x48\0\0\0\0\0\x7b\x10\x48\0\0\0\0\
\0\x79\x61\x40\0\0\0\0\0\x7b\x10\x40\0\0\0\0\0\x79\x61\x38\0\0\0\0\0\x7b\x10\
\x38\0\0\0\0\0\x79\x61\x30\0\0\0\0\0\x7b\x10\x30\0\0\0\0\0\x79\x61\x28\0\0\0\0\
\0\x7b\x10\x28\0\0\0\0\0\x79\x61\x20\0\0\0\0\0\x7b\x10\x20\0\0\0\0\0\x79\x61\
\x18\0\0\0\0\0\x7b\x10\x18\0\0\0\0\0\x79\x61\x10\0\0\0\0\0\x7b\x10\x10\0\0\0\0\
\0\x79\x61\x08\0\0\0\0\0\x7b\x10\x08\0\0\0\0\0\x79\x61\0\0\0\0\0\0\x7b\x10\0\0\
\0\0\0\0\xbf\x01\0\0\0\0\0\0\xb7\x02\0\0\0\0\0\0\x85\0\0\0\x84\0\0\0\x05\0\x0c\
\0\0\0\0\0\x61\xa3\xfc\xff\0\0\0\0\x18\x01\0\0\x41\x0a\0\0\0\0\0\0\0\0\0\0\xb7\
\x02\0\0\x2d\0\0\0\x85\0\0\0\x06\0\0\0\x05\0\x0b\0\0\0\0\0\x79\xa4\xf0\xff\0\0\
\0\0\x79\xa3\xe8\xff\0\0\0\0\x18\x01\0\0\x6e\x0a\0\0\0\0\0\0\0\0\0\0\xb7\x02\0\
\0\x40\0\0\0\x85\0\0\0\x06\0\0\0\xbf\xa2\0\0\0\0\0\0\x07\x02\0\0\xe0\xff\xff\
\xff\x18\x01\0\0\0\0\0\0\0\0\0\0\0\0\0\0\x85\0\0\0\x03\0\0\0\xb7\0\0\0\0\0\0\0\
\x95\0\0\0\0\0\0\0\xbf\x16\0\0\0\0\0\0\x18\x01\0\0\xae\x0a\0\0\0\0\0\0\0\0\0\0\
\xb7\x02\0\0\x25\0\0\0\x85\0\0\0\x06\0\0\0\xb7\x01\0\0\x5a\0\0\0\x63\x1a\xfc\
\xff\0\0\0\0\xb7\x01\0\0\0\0\0\0\x7b\x1a\xf0\xff\0\0\0\0\x7b\x1a\xe8\xff\0\0\0\
\0\x7b\x1a\xe0\xff\0\0\0\0\x7b\x1a\xd8\xff\0\0\0\0\x7b\x1a\xd0\xff\0\0\0\0\x7b\
\x1a\xc8\xff\0\0\0\0\x7b\x1a\xc0\xff\0\0\0\0\x7b\x1a\xb8\xff\0\0\0\0\x7b\x1a\
\xb0\xff\0\0\0\0\x7b\x1a\xa8\xff\0\0\0\0\x7b\x1a\xa0\xff\0\0\0\0\x7b\x1a\x98\
\xff\0\0\0\0\x7b\x1a\x90\xff\0\0\0\0\x7b\x1a\x88\xff\0\0\0\0\x7b\x1a\x80\xff\0\
\0\0\0\x7b\x1a\x78\xff\0\0\0\0\x7b\x1a\x70\xff\0\0\0\0\x7b\x1a\x68\xff\0\0\0\0\
\x7b\x1a\x60\xff\0\0\0\0\x7b\x1a\x58\xff\0\0\0\0\x7b\x1a\x50\xff\0\0\0\0\x7b\
\x1a\x48\xff\0\0\0\0\x7b\x1a\x40\xff\0\0\0\0\x7b\x1a\x38\xff\0\0\0\0\x7b\x1a\
\x30\xff\0\0\0\0\x7b\x1a\x28\xff\0\0\0\0\x7b\x1a\x20\xff\0\0\0\0\x7b\x1a\x18\
\xff\0\0\0\0\x7b\x1a\x10\xff\0\0\0\0\x7b\x1a\x08\xff\0\0\0\0\x7b\x1a\0\xff\0\0\
\0\0\x7b\x1a\xf8\xfe\0\0\0\0\x7b\x1a\xf0\xfe\0\0\0\0\x7b\x1a\xe8\xfe\0\0\0\0\
\x7b\x1a\xe0\xfe\0\0\0\0\x7b\x1a\xd8\xfe\0\0\0\0\x7b\x1a\xd0\xfe\0\0\0\0\x7b\
\x1a\xc8\xfe\0\0\0\0\x7b\x1a\xc0\xfe\0\0\0\0\x7b\x1a\xb8\xfe\0\0\0\0\x7b\x1a\
\xb0\xfe\0\0\0\0\x7b\x1a\xa8\xfe\0\0\0\0\x7b\x1a\xa0\xfe\0\0\0\0\x7b\x1a\x98\
\xfe\0\0\0\0\x7b\x1a\x90\xfe\0\0\0\0\x7b\x1a\x88\xfe\0\0\0\0\x7b\x1a\x80\xfe\0\
\0\0\0\x7b\x1a\x78\xfe\0\0\0\0\x7b\x1a\x70\xfe\0\0\0\0\x7b\x1a\x68\xfe\0\0\0\0\
\xbf\xa2\0\0\0\0\0\0\x07\x02\0\0\xfc\xff\xff\xff\x18\x01\0\0\0\0\0\0\0\0\0\0\0\
\0\0\0\x85\0\0\0\x01\0\0\0\x15\0\x0d\0\0\0\0\0\x61\x02\0\0\0\0\0\0\xbf\x61\0\0\
\0\0\0\0\xbf\x07\0\0\0\0\0\0\x85\x10\0\0\xff\xff\xff\xff\xbf\x01\0\0\0\0\0\0\
\xbf\x72\0\0\0\0\0\0\x85\x10\0\0\xff\xff\xff\xff\xbf\xa1\0\0\0\0\0\0\x07\x01\0\
\0\x70\xfe\xff\xff\xb7\x02\0\0\x08\0\0\0\xbf\x03\0\0\0\0\0\0\x85\0\0\0\x70\0\0\
\0\x05\0\x05\0\0\0\0\0\x61\xa3\xfc\xff\0\0\0\0\x18\x01\0\0\xd3\x0a\0\0\0\0\0\0\
\0\0\0\0\xb7\x02\0\0\x30\0\0\0\x85\0\0\0\x06\0\0\0\x61\xa1\xfc\xff\0\0\0\0\x07\
\x01\0\0\x01\0\0\0\x63\x1a\xfc\xff\0\0\0\0\xbf\xa2\0\0\0\0\0\0\x07\x02\0\0\xfc\
\xff\xff\xff\x18\x01\0\0\0\0\0\0\0\0\0\0\0\0\0\0\x85\0\0\0\x01\0\0\0\x15\0\xc7\
\0\0\0\0\0\x61\x02\0\0\0\0\0\0\xbf\x61\0\0\0\0\0\0\xbf\x07\0\0\0\0\0\0\x85\x10\
\0\0\xff\xff\xff\xff\xbf\x01\0\0\0\0\0\0\xbf\x72\0\0\0\0\0\0\x85\x10\0\0\xff\
\xff\xff\xff\xbf\xa1\0\0\0\0\0\0\x07\x01\0\0\x78\xfe\xff\xff\xb7\x02\0\0\x08\0\
\0\0\xbf\x03\0\0\0\0\0\0\x85\0\0\0\x70\0\0\0\x85\0\0\0\x0e\0\0\0\x77\0\0\0\x20\
\0\0\0\x63\x0a\x68\xfe\0\0\0\0\x85\0\0\0\x7d\0\0\0\x7b\x0a\xd0\xff\0\0\0\0\x79\
\x61\x60\0\0\0\0\0\x7b\x1a\xd8\xff\0\0\0\0\x79\x61\x58\0\0\0\0\0\x7b\x1a\xe0\
\xff\0\0\0\0\x61\xa1\xfc\xff\0\0\0\0\x07\x01\0\0\x03\0\0\0\x63\x1a\xfc\xff\0\0\
\0\0\xbf\xa2\0\0\0\0\0\0\x07\x02\0\0\xfc\xff\xff\xff\x18\x01\0\0\0\0\0\0\0\0\0\
\0\0\0\0\0\x85\0\0\0\x01\0\0\0\x15\0\xad\0\0\0\0\0\x61\x02\0\0\0\0\0\0\xbf\x61\
\0\0\0\0\0\0\xbf\x07\0\0\0\0\0\0\x85\x10\0\0\xff\xff\xff\xff\xbf\x01\0\0\0\0\0\
\0\xbf\x72\0\0\0\0\0\0\x85\x10\0\0\xff\xff\xff\xff\xbf\x07\0\0\0\0\0\0\xbf\xa1\
\0\0\0\0\0\0\x07\x01\0\0\x60\xfe\xff\xff\xb7\x02\0\0\x04\0\0\0\xbf\x73\0\0\0\0\
\0\0\x85\0\0\0\x70\0\0\0\x07\x07\0\0\x04\0\0\0\xbf\xa1\0\0\0\0\0\0\x07\x01\0\0\
\x64\xfe\xff\xff\xb7\x02\0\0\x04\0\0\0\xbf\x73\0\0\0\0\0\0\x85\0\0\0\x70\0\0\0\
\x61\xa1\x60\xfe\0\0\0\0\x27\x01\0\0\0\xca\x9a\x3b\x61\xa2\x64\xfe\0\0\0\0\x0f\
\x21\0\0\0\0\0\0\x7b\x1a\x88\xfe\0\0\0\0\x61\xa1\xfc\xff\0\0\0\0\x07\x01\0\0\
\x01\0\0\0\x63\x1a\xfc\xff\0\0\0\0\xbf\xa2\0\0\0\0\0\0\x07\x02\0\0\xfc\xff\xff\
\xff\x18\x01\0\0\0\0\0\0\0\0\0\0\0\0\0\0\x85\0\0\0\x01\0\0\0\x15\0\x90\0\0\0\0\
\0\x61\x02\0\0\0\0\0\0\xbf\x61\0\0\0\0\0\0\xbf\x06\0\0\0\0\0\0\x85\x10\0\0\xff\
\xff\xff\xff\xbf\x01\0\0\0\0\0\0\xbf\x62\0\0\0\0\0\0\x85\x10\0\0\xff\xff\xff\
\xff\xbf\xa1\0\0\0\0\0\0\x07\x01\0\0\x80\xfe\xff\xff\xb7\x02\0\0\x02\0\0\0\xbf\
\x03\0\0\0\0\0\0\x85\0\0\0\x70\0\0\0\x79\xa3\x70\xfe\0\0\0\0\x79\xa4\x78\xfe\0\
\0\0\0\x79\xa5\x88\xfe\0\0\0\0\x18\x01\0\0\x93\x0b\0\0\0\0\0\0\0\0\0\0\xb7\x02\
\0\0\x37\0\0\0\x85\0\0\0\x06\0\0\0\x79\xa3\xd8\xff\0\0\0\0\x79\xa4\xe0\xff\0\0\
\0\0\x69\xa5\x80\xfe\0\0\0\0\x18\x01\0\0\xca\x0b\0\0\0\0\0\0\0\0\0\0\xb7\x02\0\
\0\x22\0\0\0\x85\0\0\0\x06\0\0\0\x18\x01\0\0\0\0\0\0\0\0\0\0\0\0\0\0\xb7\x02\0\
\0\x90\x01\0\0\xb7\x03\0\0\0\0\0\0\x85\0\0\0\x83\0\0\0\x15\0\x75\0\0\0\0\0\x79\
\xa1\xf0\xff\0\0\0\0\x7b\x10\x88\x01\0\0\0\0\x79\xa1\xe8\xff\0\0\0\0\x7b\x10\
\x80\x01\0\0\0\0\x79\xa1\xe0\xff\0\0\0\0\x7b\x10\x78\x01\0\0\0\0\x79\xa1\xd8\
\xff\0\0\0\0\x7b\x10\x70\x01\0\0\0\0\x79\xa1\xd0\xff\0\0\0\0\x7b\x10\x68\x01\0\
\0\0\0\x79\xa1\xc8\xff\0\0\0\0\x7b\x10\x60\x01\0\0\0\0\x79\xa1\xc0\xff\0\0\0\0\
\x7b\x10\x58\x01\0\0\0\0\x79\xa1\xb8\xff\0\0\0\0\x7b\x10\x50\x01\0\0\0\0\x79\
\xa1\xb0\xff\0\0\0\0\x7b\x10\x48\x01\0\0\0\0\x79\xa1\xa8\xff\0\0\0\0\x7b\x10\
\x40\x01\0\0\0\0\x79\xa1\xa0\xff\0\0\0\0\x7b\x10\x38\x01\0\0\0\0\x79\xa1\x98\
\xff\0\0\0\0\x7b\x10\x30\x01\0\0\0\0\x79\xa1\x90\xff\0\0\0\0\x7b\x10\x28\x01\0\
\0\0\0\x79\xa1\x88\xff\0\0\0\0\x7b\x10\x20\x01\0\0\0\0\x79\xa1\x80\xff\0\0\0\0\
\x7b\x10\x18\x01\0\0\0\0\x79\xa1\x78\xff\0\0\0\0\x7b\x10\x10\x01\0\0\0\0\x79\
\xa1\x70\xff\0\0\0\0\x7b\x10\x08\x01\0\0\0\0\x79\xa1\x68\xff\0\0\0\0\x7b\x10\0\
\x01\0\0\0\0\x79\xa1\x60\xff\0\0\0\0\x7b\x10\xf8\0\0\0\0\0\x79\xa1\x58\xff\0\0\
\0\0\x7b\x10\xf0\0\0\0\0\0\x79\xa1\x50\xff\0\0\0\0\x7b\x10\xe8\0\0\0\0\0\x79\
\xa1\x48\xff\0\0\0\0\x7b\x10\xe0\0\0\0\0\0\x79\xa1\x40\xff\0\0\0\0\x7b\x10\xd8\
\0\0\0\0\0\x79\xa1\x38\xff\0\0\0\0\x7b\x10\xd0\0\0\0\0\0\x79\xa1\x30\xff\0\0\0\
\0\x7b\x10\xc8\0\0\0\0\0\x79\xa1\x28\xff\0\0\0\0\x7b\x10\xc0\0\0\0\0\0\x79\xa1\
\x20\xff\0\0\0\0\x7b\x10\xb8\0\0\0\0\0\x79\xa1\x18\xff\0\0\0\0\x7b\x10\xb0\0\0\
\0\0\0\x79\xa1\x10\xff\0\0\0\0\x7b\x10\xa8\0\0\0\0\0\x79\xa1\x08\xff\0\0\0\0\
\x7b\x10\xa0\0\0\0\0\0\x79\xa1\0\xff\0\0\0\0\x7b\x10\x98\0\0\0\0\0\x79\xa1\xf8\
\xfe\0\0\0\0\x7b\x10\x90\0\0\0\0\0\x79\xa1\xf0\xfe\0\0\0\0\x7b\x10\x88\0\0\0\0\
\0\x79\xa1\xe8\xfe\0\0\0\0\x7b\x10\x80\0\0\0\0\0\x79\xa1\xe0\xfe\0\0\0\0\x7b\
\x10\x78\0\0\0\0\0\x79\xa1\xd8\xfe\0\0\0\0\x7b\x10\x70\0\0\0\0\0\x79\xa1\xd0\
\xfe\0\0\0\0\x7b\x10\x68\0\0\0\0\0\x79\xa1\xc8\xfe\0\0\0\0\x7b\x10\x60\0\0\0\0\
\0\x79\xa1\xc0\xfe\0\0\0\0\x7b\x10\x58\0\0\0\0\0\x79\xa1\xb8\xfe\0\0\0\0\x7b\
\x10\x50\0\0\0\0\0\x79\xa1\xb0\xfe\0\0\0\0\x7b\x10\x48\0\0\0\0\0\x79\xa1\xa8\
\xfe\0\0\0\0\x7b\x10\x40\0\0\0\0\0\x79\xa1\xa0\xfe\0\0\0\0\x7b\x10\x38\0\0\0\0\
\0\x79\xa1\x98\xfe\0\0\0\0\x7b\x10\x30\0\0\0\0\0\x79\xa1\x90\xfe\0\0\0\0\x7b\
\x10\x28\0\0\0\0\0\x79\xa1\x88\xfe\0\0\0\0\x7b\x10\x20\0\0\0\0\0\x79\xa1\x80\
\xfe\0\0\0\0\x7b\x10\x18\0\0\0\0\0\x79\xa1\x78\xfe\0\0\0\0\x7b\x10\x10\0\0\0\0\
\0\x79\xa1\x70\xfe\0\0\0\0\x7b\x10\x08\0\0\0\0\0\x79\xa1\x68\xfe\0\0\0\0\x7b\
\x10\0\0\0\0\0\0\xbf\x01\0\0\0\0\0\0\xb7\x02\0\0\0\0\0\0\x85\0\0\0\x84\0\0\0\
\x05\0\x0d\0\0\0\0\0\x61\xa3\xfc\xff\0\0\0\0\x18\x01\0\0\x03\x0b\0\0\0\0\0\0\0\
\0\0\0\x05\0\x07\0\0\0\0\0\x61\xa3\xfc\xff\0\0\0\0\x18\x01\0\0\x33\x0b\0\0\0\0\
\0\0\0\0\0\0\x05\0\x03\0\0\0\0\0\x61\xa3\xfc\xff\0\0\0\0\x18\x01\0\0\x63\x0b\0\
\0\0\0\0\0\0\0\0\0\xb7\x02\0\0\x30\0\0\0\x85\0\0\0\x06\0\0\0\xb7\0\0\0\0\0\0\0\
\x95\0\0\0\0\0\0\0\xbf\x16\0\0\0\0\0\0\x18\x01\0\0\xec\x0b\0\0\0\0\0\0\0\0\0\0\
\xb7\x02\0\0\x24\0\0\0\x85\0\0\0\x06\0\0\0\xb7\x01\0\0\x64\0\0\0\x63\x1a\xfc\
\xff\0\0\0\0\xb7\x01\0\0\0\0\0\0\x7b\x1a\xf0\xff\0\0\0\0\x7b\x1a\xe8\xff\0\0\0\
\0\x7b\x1a\xe0\xff\0\0\0\0\xbf\xa2\0\0\0\0\0\0\x07\x02\0\0\xfc\xff\xff\xff\x18\
\x01\0\0\0\0\0\0\0\0\0\0\0\0\0\0\x85\0\0\0\x01\0\0\0\x15\0\x0d\0\0\0\0\0\x61\
\x02\0\0\0\0\0\0\xbf\x61\0\0\0\0\0\0\xbf\x07\0\0\0\0\0\0\x85\x10\0\0\xff\xff\
\xff\xff\xbf\x01\0\0\0\0\0\0\xbf\x72\0\0\0\0\0\0\x85\x10\0\0\xff\xff\xff\xff\
\xbf\xa1\0\0\0\0\0\0\x07\x01\0\0\xe8\xff\xff\xff\xb7\x02\0\0\x08\0\0\0\xbf\x03\
\0\0\0\0\0\0\x85\0\0\0\x70\0\0\0\x05\0\x05\0\0\0\0\0\x61\xa3\xfc\xff\0\0\0\0\
\x18\x01\0\0\x10\x0c\0\0\0\0\0\0\0\0\0\0\xb7\x02\0\0\x2f\0\0\0\x85\0\0\0\x06\0\
\0\0\x61\xa1\xfc\xff\0\0\0\0\x07\x01\0\0\x01\0\0\0\x63\x1a\xfc\xff\0\0\0\0\xbf\
\xa2\0\0\0\0\0\0\x07\x02\0\0\xfc\xff\xff\xff\x18\x01\0\0\0\0\0\0\0\0\0\0\0\0\0\
\0\x85\0\0\0\x01\0\0\0\x15\0\x34\0\0\0\0\0\x61\x02\0\0\0\0\0\0\xbf\x61\0\0\0\0\
\0\0\xbf\x07\0\0\0\0\0\0\x85\x10\0\0\xff\xff\xff\xff\xbf\x01\0\0\0\0\0\0\xbf\
\x72\0\0\0\0\0\0\x85\x10\0\0\xff\xff\xff\xff\xbf\xa1\0\0\0\0\0\0\x07\x01\0\0\
\xf0\xff\xff\xff\xb7\x02\0\0\x08\0\0\0\xbf\x03\0\0\0\0\0\0\x85\0\0\0\x70\0\0\0\
\x85\0\0\0\x0e\0\0\0\x77\0\0\0\x20\0\0\0\x63\x0a\xe0\xff\0\0\0\0\xbf\xa2\0\0\0\
\0\0\0\x07\x02\0\0\xe0\xff\xff\xff\x18\x01\0\0\0\0\0\0\0\0\0\0\0\0\0\0\x85\0\0\
\0\x01\0\0\0\xbf\x07\0\0\0\0\0\0\x15\x07\x22\0\0\0\0\0\x61\xa1\xfc\xff\0\0\0\0\
\x07\x01\0\0\x01\0\0\0\x63\x1a\xfc\xff\0\0\0\0\xbf\xa2\0\0\0\0\0\0\x07\x02\0\0\
\xfc\xff\xff\xff\x18\x01\0\0\0\0\0\0\0\0\0\0\0\0\0\0\x85\0\0\0\x01\0\0\0\x15\0\
\x20\0\0\0\0\0\x61\x02\0\0\0\0\0\0\xbf\x61\0\0\0\0\0\0\xbf\x06\0\0\0\0\0\0\x85\
\x10\0\0\xff\xff\xff\xff\xbf\x01\0\0\0\0\0\0\xbf\x62\0\0\0\0\0\0\x85\x10\0\0\
\xff\xff\xff\xff\xbf\x71\0\0\0\0\0\0\x07\x01\0\0\xa0\0\0\0\x61\x72\xa0\0\0\0\0\
\0\x18\x03\0\0\xff\xff\xff\xff\0\0\0\0\0\0\0\0\x1d\x32\x02\0\0\0\0\0\xbf\x71\0\
\0\0\0\0\0\x07\x01\0\0\xa4\0\0\0\xb7\x02\0\0\x04\0\0\0\xbf\x03\0\0\0\0\0\0\x85\
\0\0\0\x70\0\0\0\x85\0\0\0\x7d\0\0\0\x7b\x07\xa8\0\0\0\0\0\x05\0\x10\0\0\0\0\0\
\x61\xa3\xfc\xff\0\0\0\0\x18\x01\0\0\x3f\x0c\0\0\0\0\0\0\0\0\0\0\x05\0\x0a\0\0\
\0\0\0\x79\xa4\xf0\xff\0\0\0\0\x79\xa3\xe8\xff\0\0\0\0\x18\x01\0\0\x6e\x0c\0\0\
\0\0\0\0\0\0\0\0\xb7\x02\0\0\x3d\0\0\0\x85\0\0\0\x06\0\0\0\x05\0\x05\0\0\0\0\0\
\x61\xa3\xfc\xff\0\0\0\0\x18\x01\0\0\xab\x0c\0\0\0\0\0\0\0\0\0\0\xb7\x02\0\0\
\x2f\0\0\0\x85\0\0\0\x06\0\0\0\xb7\0\0\0\0\0\0\0\x95\0\0\0\0\0\0\0\xbf\x16\0\0\
\0\0\0\0\x18\x01\0\0\xda\x0c\0\0\0\0\0\0\0\0\0\0\xb7\x02\0\0\x24\0\0\0\x85\0\0\
\0\x06\0\0\0\xb7\x01\0\0\x6e\0\0\0\x63\x1a\xfc\xff\0\0\0\0\xb7\x01\0\0\0\0\0\0\
\x7b\x1a\xf0\xff\0\0\0\0\x7b\x1a\xe8\xff\0\0\0\0\x7b\x1a\xe0\xff\0\0\0\0\xbf\
\xa2\0\0\0\0\0\0\x07\x02\0\0\xfc\xff\xff\xff\x18\x01\0\0\0\0\0\0\0\0\0\0\0\0\0\
\0\x85\0\0\0\x01\0\0\0\x15\0\x0d\0\0\0\0\0\x61\x02\0\0\0\0\0\0\xbf\x61\0\0\0\0\
\0\0\xbf\x07\0\0\0\0\0\0\x85\x10\0\0\xff\xff\xff\xff\xbf\x01\0\0\0\0\0\0\xbf\
\x72\0\0\0\0\0\0\x85\x10\0\0\xff\xff\xff\xff\xbf\xa1\0\0\0\0\0\0\x07\x01\0\0\
\xe8\xff\xff\xff\xb7\x02\0\0\x08\0\0\0\xbf\x03\0\0\0\0\0\0\x85\0\0\0\x70\0\0\0\
\x05\0\x05\0\0\0\0\0\x61\xa3\xfc\xff\0\0\0\0\x18\x01\0\0\xfe\x0c\0\0\0\0\0\0\0\
\0\0\0\xb7\x02\0\0\x2f\0\0\0\x85\0\0\0\x06\0\0\0\x61\xa1\xfc\xff\0\0\0\0\x07\
\x01\0\0\x01\0\0\0\x63\x1a\xfc\xff\0\0\0\0\xbf\xa2\0\0\0\0\0\0\x07\x02\0\0\xfc\
\xff\xff\xff\x18\x01\0\0\0\0\0\0\0\0\0\0\0\0\0\0\x85\0\0\0\x01\0\0\0\x15\0\x34\
\0\0\0\0\0\x61\x02\0\0\0\0\0\0\xbf\x61\0\0\0\0\0\0\xbf\x07\0\0\0\0\0\0\x85\x10\
\0\0\xff\xff\xff\xff\xbf\x01\0\0\0\0\0\0\xbf\x72\0\0\0\0\0\0\x85\x10\0\0\xff\
\xff\xff\xff\xbf\xa1\0\0\0\0\0\0\x07\x01\0\0\xf0\xff\xff\xff\xb7\x02\0\0\x08\0\
\0\0\xbf\x03\0\0\0\0\0\0\x85\0\0\0\x70\0\0\0\x85\0\0\0\x0e\0\0\0\x77\0\0\0\x20\
\0\0\0\x63\x0a\xe0\xff\0\0\0\0\x61\xa1\xfc\xff\0\0\0\0\x07\x01\0\0\x01\0\0\0\
\x63\x1a\xfc\xff\0\0\0\0\x18\x01\0\0\xff\xff\xff\xff\0\0\0\0\0\0\0\0\x63\x1a\
\xdc\xff\0\0\0\0\xbf\xa2\0\0\0\0\0\0\x07\x02\0\0\xfc\xff\xff\xff\x18\x01\0\0\0\
\0\0\0\0\0\0\0\0\0\0\0\x85\0\0\0\x01\0\0\0\x15\0\x1d\0\0\0\0\0\x61\x02\0\0\0\0\
\0\0\xbf\x61\0\0\0\0\0\0\xbf\x06\0\0\0\0\0\0\x85\x10\0\0\xff\xff\xff\xff\xbf\
\x01\0\0\0\0\0\0\xbf\x62\0\0\0\0\0\0\x85\x10\0\0\xff\xff\xff\xff\xbf\xa1\0\0\0\
\0\0\0\x07\x01\0\0\xdc\xff\xff\xff\xb7\x02\0\0\x04\0\0\0\xbf\x03\0\0\0\0\0\0\
\x85\0\0\0\x70\0\0\0\xbf\xa2\0\0\0\0\0\0\x07\x02\0\0\xe0\xff\xff\xff\x18\x01\0\
\0\0\0\0\0\0\0\0\0\0\0\0\0\x85\0\0\0\x01\0\0\0\xbf\x06\0\0\0\0\0\0\x15\x06\x11\
\0\0\0\0\0\x61\x62\xa0\0\0\0\0\0\x61\xa1\xdc\xff\0\0\0\0\x5d\x21\x15\0\0\0\0\0\
\x85\0\0\0\x7d\0\0\0\x7b\x06\xb0\0\0\0\0\0\x05\0\x09\0\0\0\0\0\x61\xa3\xfc\xff\
\0\0\0\0\x18\x01\0\0\x2d\x0d\0\0\0\0\0\0\0\0\0\0\x05\0\x03\0\0\0\0\0\x61\xa3\
\xfc\xff\0\0\0\0\x18\x01\0\0\x5c\x0d\0\0\0\0\0\0\0\0\0\0\xb7\x02\0\0\x2f\0\0\0\
\x85\0\0\0\x06\0\0\0\xb7\0\0\0\0\0\0\0\x95\0\0\0\0\0\0\0\x79\xa4\xf0\xff\0\0\0\
\0\x79\xa3\xe8\xff\0\0\0\0\x18\x01\0\0\x8b\x0d\0\0\0\0\0\0\0\0\0\0\xb7\x02\0\0\
\x44\0\0\0\x85\0\0\0\x06\0\0\0\x05\0\xf7\xff\0\0\0\0\x61\x62\xa4\0\0\0\0\0\x5d\
\x21\xf5\xff\0\0\0\0\x85\0\0\0\x7d\0\0\0\x7b\x06\xb8\0\0\0\0\0\x05\0\xf2\xff\0\
\0\0\0\xbf\x16\0\0\0\0\0\0\x18\x01\0\0\xcf\x0d\0\0\0\0\0\0\0\0\0\0\xb7\x02\0\0\
\x25\0\0\0\x85\0\0\0\x06\0\0\0\x79\x67\x68\0\0\0\0\0\xbf\x73\0\0\0\0\0\0\x57\
\x03\0\0\xff\0\0\0\x18\x01\0\0\xf4\x0d\0\0\0\0\0\0\0\0\0\0\xb7\x02\0\0\x0c\0\0\
\0\x85\0\0\0\x06\0\0\0\x57\x07\0\0\x04\0\0\0\x15\x07\x7d\0\0\0\0\0\xb7\x01\0\0\
\0\0\0\0\x7b\x1a\xf0\xff\0\0\0\0\x7b\x1a\xe8\xff\0\0\0\0\x7b\x1a\xe0\xff\0\0\0\
\0\xb7\x01\0\0\x79\0\0\0\x63\x1a\xfc\xff\0\0\0\0\xbf\xa2\0\0\0\0\0\0\x07\x02\0\
\0\xfc\xff\xff\xff\x18\x01\0\0\0\0\0\0\0\0\0\0\0\0\0\0\x85\0\0\0\x01\0\0\0\x15\
\0\x0d\0\0\0\0\0\x61\x02\0\0\0\0\0\0\xbf\x61\0\0\0\0\0\0\xbf\x07\0\0\0\0\0\0\
\x85\x10\0\0\xff\xff\xff\xff\xbf\x01\0\0\0\0\0\0\xbf\x72\0\0\0\0\0\0\x85\x10\0\
\0\xff\xff\xff\xff\xbf\xa1\0\0\0\0\0\0\x07\x01\0\0\xe8\xff\xff\xff\xb7\x02\0\0\
\x08\0\0\0\xbf\x03\0\0\0\0\0\0\x85\0\0\0\x70\0\0\0\x05\0\x05\0\0\0\0\0\x61\xa3\
\xfc\xff\0\0\0\0\x18\x01\0\0\0\x0e\0\0\0\0\0\0\0\0\0\0\xb7\x02\0\0\x37\0\0\0\
\x85\0\0\0\x06\0\0\0\x61\xa1\xfc\xff\0\0\0\0\x07\x01\0\0\x01\0\0\0\x63\x1a\xfc\
\xff\0\0\0\0\xbf\xa2\0\0\0\0\0\0\x07\x02\0\0\xfc\xff\xff\xff\x18\x01\0\0\0\0\0\
\0\0\0\0\0\0\0\0\0\x85\0\0\0\x01\0\0\0\x15\0\x51\0\0\0\0\0\x61\x02\0\0\0\0\0\0\
\xbf\x61\0\0\0\0\0\0\xbf\x07\0\0\0\0\0\0\x85\x10\0\0\xff\xff\xff\xff\xbf\x01\0\
\0\0\0\0\0\xbf\x72\0\0\0\0\0\0\x85\x10\0\0\xff\xff\xff\xff\xbf\xa1\0\0\0\0\0\0\
\x07\x01\0\0\xf0\xff\xff\xff\xb7\x02\0\0\x08\0\0\0\xbf\x03\0\0\0\0\0\0\x85\0\0\
\0\x70\0\0\0\x85\0\0\0\x0e\0\0\0\x77\0\0\0\x20\0\0\0\x63\x0a\xe0\xff\0\0\0\0\
\xbf\xa2\0\0\0\0\0\0\x07\x02\0\0\xe0\xff\xff\xff\x18\x01\0\0\0\0\0\0\0\0\0\0\0\
\0\0\0\x85\0\0\0\x01\0\0\0\xbf\x07\0\0\0\0\0\0\x15\x07\x40\0\0\0\0\0\x61\xa1\
\xfc\xff\0\0\0\0\x07\x01\0\0\x01\0\0\0\x63\x1a\xfc\xff\0\0\0\0\xbf\xa2\0\0\0\0\
\0\0\x07\x02\0\0\xfc\xff\xff\xff\x18\x01\0\0\0\0\0\0\0\0\0\0\0\0\0\0\x85\0\0\0\
\x01\0\0\0\x15\0\x37\0\0\0\0\0\x61\x02\0\0\0\0\0\0\xbf\x61\0\0\0\0\0\0\xbf\x08\
\0\0\0\0\0\0\x85\x10\0\0\xff\xff\xff\xff\xbf\x01\0\0\0\0\0\0\xbf\x82\0\0\0\0\0\
\0\x85\x10\0\0\xff\xff\xff\xff\xb7\x01\0\0\0\0\0\0\x63\x1a\xdc\xff\0\0\0\0\xbf\
\xa1\0\0\0\0\0\0\x07\x01\0\0\xdc\xff\xff\xff\xb7\x02\0\0\x04\0\0\0\xbf\x03\0\0\
\0\0\0\0\x85\0\0\0\x70\0\0\0\x61\x78\xc0\0\0\0\0\0\x61\xa1\xfc\xff\0\0\0\0\x07\
\x01\0\0\x01\0\0\0\x63\x1a\xfc\xff\0\0\0\0\xbf\xa2\0\0\0\0\0\0\x07\x02\0\0\xfc\
\xff\xff\xff\x18\x01\0\0\0\0\0\0\0\0\0\0\0\0\0\0\x85\0\0\0\x01\0\0\0\x15\0\x1f\
\0\0\0\0\0\x61\x02\0\0\0\0\0\0\xbf\x61\0\0\0\0\0\0\xbf\x06\0\0\0\0\0\0\x85\x10\
\0\0\xff\xff\xff\xff\xbf\x01\0\0\0\0\0\0\xbf\x62\0\0\0\0\0\0\x85\x10\0\0\xff\
\xff\xff\xff\xbf\xa1\0\0\0\0\0\0\x07\x01\0\0\xd0\xff\xff\xff\xb7\x02\0\0\x08\0\
\0\0\xbf\x03\0\0\0\0\0\0\x85\0\0\0\x70\0\0\0\x25\x08\x12\0\x04\0\0\0\x61\xa2\
\xdc\xff\0\0\0\0\x25\x02\x10\0\x1f\0\0\0\x67\x08\0\0\x05\0\0\0\xbf\x71\0\0\0\0\
\0\0\x07\x01\0\0\xc0\0\0\0\x0f\x81\0\0\0\0\0\0\x07\x01\0\0\x04\0\0\0\x79\xa3\
\xd0\xff\0\0\0\0\x85\0\0\0\x70\0\0\0\x61\x71\xc0\0\0\0\0\0\x07\x01\0\0\x01\0\0\
\0\x63\x17\xc0\0\0\0\0\0\x05\0\x05\0\0\0\0\0\x61\xa3\xfc\xff\0\0\0\0\x18\x01\0\
\0\x37\x0e\0\0\0\0\0\0\0\0\0\0\xb7\x02\0\0\x37\0\0\0\x85\0\0\0\x06\0\0\0\xb7\0\
\0\0\0\0\0\0\x95\0\0\0\0\0\0\0\xbf\x16\0\0\0\0\0\0\x18\x01\0\0\x6e\x0e\0\0\0\0\
\0\0\0\0\0\0\xb7\x02\0\0\x1a\0\0\0\x85\0\0\0\x06\0\0\0\x79\x61\x60\0\0\0\0\0\
\xb7\x02\0\0\x83\0\0\0\x63\x2a\xfc\xff\0\0\0\0\x63\x1a\xec\xff\0\0\0\0\xbf\xa2\
\0\0\0\0\0\0\x07\x02\0\0\xfc\xff\xff\xff\x18\x01\0\0\0\0\0\0\0\0\0\0\0\0\0\0\
\x85\0\0\0\x01\0\0\0\x15\0\x1c\0\0\0\0\0\x61\x02\0\0\0\0\0\0\xbf\x61\0\0\0\0\0\
\0\xbf\x06\0\0\0\0\0\0\x85\x10\0\0\xff\xff\xff\xff\xbf\x01\0\0\0\0\0\0\xbf\x62\
\0\0\0\0\0\0\x85\x10\0\0\xff\xff\xff\xff\xbf\xa1\0\0\0\0\0\0\x07\x01\0\0\xf0\
\xff\xff\xff\xb7\x02\0\0\x08\0\0\0\xbf\x03\0\0\0\0\0\0\x85\0\0\0\x70\0\0\0\x85\
\0\0\0\x0e\0\0\0\x77\0\0\0\x20\0\0\0\x63\x0a\xe8\xff\0\0\0\0\x18\x01\0\0\0\0\0\
\0\0\0\0\0\0\0\0\0\xb7\x02\0\0\x10\0\0\0\xb7\x03\0\0\0\0\0\0\x85\0\0\0\x83\0\0\
\0\x15\0\x07\0\0\0\0\0\x79\xa1\xf0\xff\0\0\0\0\x7b\x10\x08\0\0\0\0\0\x79\xa1\
\xe8\xff\0\0\0\0\x7b\x10\0\0\0\0\0\0\xbf\x01\0\0\0\0\0\0\xb7\x02\0\0\0\0\0\0\
\x85\0\0\0\x84\0\0\0\xb7\0\0\0\0\0\0\0\x95\0\0\0\0\0\0\0\xbf\x17\0\0\0\0\0\0\
\x18\x01\0\0\x88\x0e\0\0\0\0\0\0\0\0\0\0\xb7\x02\0\0\x1e\0\0\0\x85\0\0\0\x06\0\
\0\0\xb7\x01\0\0\x8c\0\0\0\x63\x1a\xfc\xff\0\0\0\0\xb7\x01\0\0\0\0\0\0\x7b\x1a\
\xf0\xff\0\0\0\0\x7b\x1a\xe8\xff\0\0\0\0\x7b\x1a\xe0\xff\0\0\0\0\xbf\xa2\0\0\0\
\0\0\0\x07\x02\0\0\xfc\xff\xff\xff\x18\x01\0\0\0\0\0\0\0\0\0\0\0\0\0\0\x85\0\0\
\0\x01\0\0\0\x15\0\x0d\0\0\0\0\0\x61\x02\0\0\0\0\0\0\xbf\x71\0\0\0\0\0\0\xbf\
\x06\0\0\0\0\0\0\x85\x10\0\0\xff\xff\xff\xff\xbf\x01\0\0\0\0\0\0\xbf\x62\0\0\0\
\0\0\0\x85\x10\0\0\xff\xff\xff\xff\xbf\xa1\0\0\0\0\0\0\x07\x01\0\0\xe8\xff\xff\
\xff\xb7\x02\0\0\x08\0\0\0\xbf\x03\0\0\0\0\0\0\x85\0\0\0\x70\0\0\0\x05\0\x05\0\
\0\0\0\0\x61\xa3\xfc\xff\0\0\0\0\x18\x01\0\0\xa6\x0e\0\0\0\0\0\0\0\0\0\0\xb7\
\x02\0\0\x30\0\0\0\x85\0\0\0\x06\0\0\0\x61\xa1\xfc\xff\0\0\0\0\x07\x01\0\0\x01\
\0\0\0\x63\x1a\xfc\xff\0\0\0\0\xbf\xa2\0\0\0\0\0\0\x07\x02\0\0\xfc\xff\xff\xff\
\x18\x01\0\0\0\0\0\0\0\0\0\0\0\0\0\0\x85\0\0\0\x01\0\0\0\x15\0\xa2\0\0\0\0\0\
\x61\x02\0\0\0\0\0\0\xbf\x71\0\0\0\0\0\0\xbf\x06\0\0\0\0\0\0\x85\x10\0\0\xff\
\xff\xff\xff\xbf\x01\0\0\0\0\0\0\xbf\x62\0\0\0\0\0\0\x85\x10\0\0\xff\xff\xff\
\xff\xbf\xa1\0\0\0\0\0\0\x07\x01\0\0\xf0\xff\xff\xff\xb7\x02\0\0\x08\0\0\0\xbf\
\x03\0\0\0\0\0\0\x85\0\0\0\x70\0\0\0\x85\0\0\0\x0e\0\0\0\x77\0\0\0\x20\0\0\0\
\x63\x0a\xe0\xff\0\0\0\0\xbf\xa2\0\0\0\0\0\0\x07\x02\0\0\xe0\xff\xff\xff\x18\
\x01\0\0\0\0\0\0\0\0\0\0\0\0\0\0\x85\0\0\0\x01\0\0\0\xbf\x06\0\0\0\0\0\0\x15\
\x06\x95\0\0\0\0\0\x61\xa1\xfc\xff\0\0\0\0\x07\x01\0\0\x01\0\0\0\x63\x1a\xfc\
\xff\0\0\0\0\xbf\xa2\0\0\0\0\0\0\x07\x02\0\0\xfc\xff\xff\xff\x18\x01\0\0\0\0\0\
\0\0\0\0\0\0\0\0\0\x85\0\0\0\x01\0\0\0\x15\0\x87\0\0\0\0\0\x61\x02\0\0\0\0\0\0\
\xbf\x71\0\0\0\0\0\0\xbf\x07\0\0\0\0\0\0\x85\x10\0\0\xff\xff\xff\xff\xbf\x01\0\
\0\0\0\0\0\xbf\x72\0\0\0\0\0\0\x85\x10\0\0\xff\xff\xff\xff\xbf\xa1\0\0\0\0\0\0\
\x07\x01\0\0\xd8\xff\xff\xff\xb7\x02\0\0\x08\0\0\0\xbf\x03\0\0\0\0\0\0\x85\0\0\
\0\x70\0\0\0\x79\xa1\xd8\xff\0\0\0\0\x7b\x16\x70\x01\0\0\0\0\x85\0\0\0\x7d\0\0\
\0\x7b\x06\x68\x01\0\0\0\0\x18\x01\0\0\0\0\0\0\0\0\0\0\0\0\0\0\xb7\x02\0\0\x90\
\x01\0\0\xb7\x03\0\0\0\0\0\0\x85\0\0\0\x83\0\0\0\x15\0\x76\0\0\0\0\0\x79\x61\
\x88\x01\0\0\0\0\x7b\x10\x88\x01\0\0\0\0\x79\x61\x80\x01\0\0\0\0\x7b\x10\x80\
\x01\0\0\0\0\x79\x61\x78\x01\0\0\0\0\x7b\x10\x78\x01\0\0\0\0\x79\x61\x70\x01\0\
\0\0\0\x7b\x10\x70\x01\0\0\0\0\x79\x61\x68\x01\0\0\0\0\x7b\x10\x68\x01\0\0\0\0\
\x79\x61\x60\x01\0\0\0\0\x7b\x10\x60\x01\0\0\0\0\x79\x61\x58\x01\0\0\0\0\x7b\
\x10\x58\x01\0\0\0\0\x79\x61\x50\x01\0\0\0\0\x7b\x10\x50\x01\0\0\0\0\x79\x61\
\x48\x01\0\0\0\0\x7b\x10\x48\x01\0\0\0\0\x79\x61\x40\x01\0\0\0\0\x7b\x10\x40\
\x01\0\0\0\0\x79\x61\x38\x01\0\0\0\0\x7b\x10\x38\x01\0\0\0\0\x79\x61\x30\x01\0\
\0\0\0\x7b\x10\x30\x01\0\0\0\0\x79\x61\x28\x01\0\0\0\0\x7b\x10\x28\x01\0\0\0\0\
\x79\x61\x20\x01\0\0\0\0\x7b\x10\x20\x01\0\0\0\0\x79\x61\x18\x01\0\0\0\0\x7b\
\x10\x18\x01\0\0\0\0\x79\x61\x10\x01\0\0\0\0\x7b\x10\x10\x01\0\0\0\0\x79\x61\
\x08\x01\0\0\0\0\x7b\x10\x08\x01\0\0\0\0\x79\x61\0\x01\0\0\0\0\x7b\x10\0\x01\0\
\0\0\0\x79\x61\xf8\0\0\0\0\0\x7b\x10\xf8\0\0\0\0\0\x79\x61\xf0\0\0\0\0\0\x7b\
\x10\xf0\0\0\0\0\0\x79\x61\xe8\0\0\0\0\0\x7b\x10\xe8\0\0\0\0\0\x79\x61\xe0\0\0\
\0\0\0\x7b\x10\xe0\0\0\0\0\0\x79\x61\xd8\0\0\0\0\0\x7b\x10\xd8\0\0\0\0\0\x79\
\x61\xd0\0\0\0\0\0\x7b\x10\xd0\0\0\0\0\0\x79\x61\xc8\0\0\0\0\0\x7b\x10\xc8\0\0\
\0\0\0\x79\x61\xc0\0\0\0\0\0\x7b\x10\xc0\0\0\0\0\0\x79\x61\xb8\0\0\0\0\0\x7b\
\x10\xb8\0\0\0\0\0\x79\x61\xb0\0\0\0\0\0\x7b\x10\xb0\0\0\0\0\0\x79\x61\xa8\0\0\
\0\0\0\x7b\x10\xa8\0\0\0\0\0\x79\x61\xa0\0\0\0\0\0\x7b\x10\xa0\0\0\0\0\0\x79\
\x61\x98\0\0\0\0\0\x7b\x10\x98\0\0\0\0\0\x79\x61\x90\0\0\0\0\0\x7b\x10\x90\0\0\
\0\0\0\x79\x61\x88\0\0\0\0\0\x7b\x10\x88\0\0\0\0\0\x79\x61\x80\0\0\0\0\0\x7b\
\x10\x80\0\0\0\0\0\x79\x61\x78\0\0\0\0\0\x7b\x10\x78\0\0\0\0\0\x79\x61\x70\0\0\
\0\0\0\x7b\x10\x70\0\0\0\0\0\x79\x61\x68\0\0\0\0\0\x7b\x10\x68\0\0\0\0\0\x79\
\x61\x60\0\0\0\0\0\x7b\x10\x60\0\0\0\0\0\x79\x61\x58\0\0\0\0\0\x7b\x10\x58\0\0\
\0\0\0\x79\x61\x50\0\0\0\0\0\x7b\x10\x50\0\0\0\0\0\x79\x61\x48\0\0\0\0\0\x7b\
\x10\x48\0\0\0\0\0\x79\x61\x40\0\0\0\0\0\x7b\x10\x40\0\0\0\0\0\x79\x61\x38\0\0\
\0\0\0\x7b\x10\x38\0\0\0\0\0\x79\x61\x30\0\0\0\0\0\x7b\x10\x30\0\0\0\0\0\x79\
\x61\x28\0\0\0\0\0\x7b\x10\x28\0\0\0\0\0\x79\x61\x20\0\0\0\0\0\x7b\x10\x20\0\0\
\0\0\0\x79\x61\x18\0\0\0\0\0\x7b\x10\x18\0\0\0\0\0\x79\x61\x10\0\0\0\0\0\x7b\
\x10\x10\0\0\0\0\0\x79\x61\x08\0\0\0\0\0\x7b\x10\x08\0\0\0\0\0\x79\x61\0\0\0\0\
\0\0\x7b\x10\0\0\0\0\0\0\xbf\x01\0\0\0\0\0\0\xb7\x02\0\0\0\0\0\0\x85\0\0\0\x84\
\0\0\0\xbf\xa2\0\0\0\0\0\0\x07\x02\0\0\xe0\xff\xff\xff\x18\x01\0\0\0\0\0\0\0\0\
\0\0\0\0\0\0\x85\0\0\0\x03\0\0\0\x05\0\x09\0\0\0\0\0\x61\xa3\xfc\xff\0\0\0\0\
\x18\x01\0\0\xd6\x0e\0\0\0\0\0\0\0\0\0\0\x05\0\x03\0\0\0\0\0\x61\xa3\xfc\xff\0\
\0\0\0\x18\x01\0\0\x05\x0f\0\0\0\0\0\0\0\0\0\0\xb7\x02\0\0\x2f\0\0\0\x85\0\0\0\
\x06\0\0\0\xb7\0\0\0\0\0\0\0\x95\0\0\0\0\0\0\0\xbf\x16\0\0\0\0\0\0\x18\x01\0\0\
\x34\x0f\0\0\0\0\0\0\0\0\0\0\xb7\x02\0\0\x2b\0\0\0\x85\0\0\0\x06\0\0\0\xb7\x01\
\0\0\x96\0\0\0\x63\x1a\xfc\xff\0\0\0\0\xb7\x01\0\0\0\0\0\0\x7b\x1a\xf0\xff\0\0\
\0\0\x7b\x1a\xe8\xff\0\0\0\0\x7b\x1a\xe0\xff\0\0\0\0\xbf\xa2\0\0\0\0\0\0\x07\
\x02\0\0\xfc\xff\xff\xff\x18\x01\0\0\0\0\0\0\0\0\0\0\0\0\0\0\x85\0\0\0\x01\0\0\
\0\x15\0\x0d\0\0\0\0\0\x61\x02\0\0\0\0\0\0\xbf\x61\0\0\0\0\0\0\xbf\x07\0\0\0\0\
\0\0\x85\x10\0\0\xff\xff\xff\xff\xbf\x01\0\0\0\0\0\0\xbf\x72\0\0\0\0\0\0\x85\
\x10\0\0\xff\xff\xff\xff\xbf\xa1\0\0\0\0\0\0\x07\x01\0\0\xe8\xff\xff\xff\xb7\
\x02\0\0\x08\0\0\0\xbf\x03\0\0\0\0\0\0\x85\0\0\0\x70\0\0\0\x05\0\x05\0\0\0\0\0\
\x61\xa3\xfc\xff\0\0\0\0\x18\x01\0\0\x5f\x0f\0\0\0\0\0\0\0\0\0\0\xb7\x02\0\0\
\x33\0\0\0\x85\0\0\0\x06\0\0\0\x61\xa1\xfc\xff\0\0\0\0\x07\x01\0\0\x01\0\0\0\
\x63\x1a\xfc\xff\0\0\0\0\xbf\xa2\0\0\0\0\0\0\x07\x02\0\0\xfc\xff\xff\xff\x18\
\x01\0\0\0\0\0\0\0\0\0\0\0\0\0\0\x85\0\0\0\x01\0\0\0\x15\0\x1b\0\0\0\0\0\x61\
\x02\0\0\0\0\0\0\xbf\x61\0\0\0\0\0\0\xbf\x06\0\0\0\0\0\0\x85\x10\0\0\xff\xff\
\xff\xff\xbf\x01\0\0\0\0\0\0\xbf\x62\0\0\0\0\0\0\x85\x10\0\0\xff\xff\xff\xff\
\xbf\xa1\0\0\0\0\0\0\x07\x01\0\0\xf0\xff\xff\xff\xb7\x02\0\0\x08\0\0\0\xbf\x03\
\0\0\0\0\0\0\x85\0\0\0\x70\0\0\0\x85\0\0\0\x0e\0\0\0\x77\0\0\0\x20\0\0\0\x63\
\x0a\xe0\xff\0\0\0\0\xbf\xa2\0\0\0\0\0\0\x07\x02\0\0\xe0\xff\xff\xff\x18\x01\0\
\0\0\0\0\0\0\0\0\0\0\0\0\0\x85\0\0\0\x01\0\0\0\x15\0\x0b\0\0\0\0\0\xbf\xa2\0\0\
\0\0\0\0\x07\x02\0\0\xe0\xff\xff\xff\x18\x01\0\0\0\0\0\0\0\0\0\0\0\0\0\0\x85\0\
\0\0\x03\0\0\0\x05\0\x05\0\0\0\0\0\x61\xa3\xfc\xff\0\0\0\0\x18\x01\0\0\x92\x0f\
\0\0\0\0\0\0\0\0\0\0\xb7\x02\0\0\x33\0\0\0\x85\0\0\0\x06\0\0\0\xb7\0\0\0\0\0\0\
\0\x95\0\0\0\0\0\0\0\xbf\x17\0\0\0\0\0\0\x18\x01\0\0\xc5\x0f\0\0\0\0\0\0\0\0\0\
\0\xb7\x02\0\0\x1d\0\0\0\x85\0\0\0\x06\0\0\0\x85\0\0\0\x0e\0\0\0\x7b\x0a\xf8\
\xff\0\0\0\0\xbf\xa2\0\0\0\0\0\0\x07\x02\0\0\xf8\xff\xff\xff\x18\x01\0\0\0\0\0\
\0\0\0\0\0\0\0\0\0\x85\0\0\0\x01\0\0\0\xbf\x06\0\0\0\0\0\0\x15\x06\x45\0\0\0\0\
\0\x18\x01\0\0\0\0\0\0\0\0\0\0\0\0\0\0\xbf\x62\0\0\0\0\0\0\x85\0\0\0\x01\0\0\0\
\x15\0\x46\0\0\0\0\0\xbf\xa2\0\0\0\0\0\0\x07\x02\0\0\xf8\xff\xff\xff\x18\x01\0\
\0\0\0\0\0\0\0\0\0\0\0\0\0\x85\0\0\0\x03\0\0\0\xb7\x01\0\0\xa0\0\0\0\x63\x1a\
\xf4\xff\0\0\0\0\xbf\xa2\0\0\0\0\0\0\x07\x02\0\0\xf4\xff\xff\xff\x18\x01\0\0\0\
\0\0\0\0\0\0\0\0\0\0\0\x85\0\0\0\x01\0\0\0\x15\0\x3f\0\0\0\0\0\x61\x02\0\0\0\0\
\0\0\xbf\x71\0\0\0\0\0\0\xbf\x08\0\0\0\0\0\0\x85\x10\0\0\xff\xff\xff\xff\xbf\
\x01\0\0\0\0\0\0\xbf\x82\0\0\0\0\0\0\x85\x10\0\0\xff\xff\xff\xff\xb7\x08\0\0\0\
\0\0\0\x63\x8a\xf0\xff\0\0\0\0\xbf\xa1\0\0\0\0\0\0\x07\x01\0\0\xf0\xff\xff\xff\
\xb7\x02\0\0\x04\0\0\0\xbf\x03\0\0\0\0\0\0\x85\0\0\0\x70\0\0\0\x61\xa1\xf4\xff\
\0\0\0\0\x07\x01\0\0\x01\0\0\0\x63\x1a\xf4\xff\0\0\0\0\xbf\xa2\0\0\0\0\0\0\x07\
\x02\0\0\xf4\xff\xff\xff\x18\x01\0\0\0\0\0\0\0\0\0\0\0\0\0\0\x85\0\0\0\x01\0\0\
\0\x15\0\x28\0\0\0\0\0\x61\x02\0\0\0\0\0\0\xbf\x71\0\0\0\0\0\0\xbf\x07\0\0\0\0\
\0\0\x85\x10\0\0\xff\xff\xff\xff\xbf\x01\0\0\0\0\0\0\xbf\x72\0\0\0\0\0\0\x85\
\x10\0\0\xff\xff\xff\xff\x7b\x8a\xe8\xff\0\0\0\0\xbf\xa1\0\0\0\0\0\0\x07\x01\0\
\0\xe8\xff\xff\xff\xb7\x02\0\0\x08\0\0\0\xbf\x03\0\0\0\0\0\0\x85\0\0\0\x70\0\0\
\0\x61\xa1\xf0\xff\0\0\0\0\x63\x1a\xdc\xff\0\0\0\0\x79\xa1\xe8\xff\0\0\0\0\x7b\
\x1a\xe0\xff\0\0\0\0\x85\0\0\0\x0e\0\0\0\x77\0\0\0\x20\0\0\0\x63\x0a\xd8\xff\0\
\0\0\0\xbf\xa2\0\0\0\0\0\0\x07\x02\0\0\xd8\xff\xff\xff\x18\x01\0\0\0\0\0\0\0\0\
\0\0\0\0\0\0\xbf\x63\0\0\0\0\0\0\xb7\x04\0\0\0\0\0\0\x85\0\0\0\x02\0\0\0\x05\0\
\x0c\0\0\0\0\0\x79\xa3\xf8\xff\0\0\0\0\x18\x01\0\0\x1f\x10\0\0\0\0\0\0\0\0\0\0\
\xb7\x02\0\0\x2b\0\0\0\x85\0\0\0\x06\0\0\0\x05\0\x06\0\0\0\0\0\x79\x64\x10\0\0\
\0\0\0\x79\x63\x08\0\0\0\0\0\x18\x01\0\0\xe2\x0f\0\0\0\0\0\0\0\0\0\0\xb7\x02\0\
\0\x3d\0\0\0\x85\0\0\0\x06\0\0\0\xb7\0\0\0\0\0\0\0\x95\0\0\0\0\0\0\0\xbf\x17\0\
\0\0\0\0\0\x18\x01\0\0\x4a\x10\0\0\0\0\0\0\0\0\0\0\xb7\x02\0\0\x1b\0\0\0\x85\0\
\0\0\x06\0\0\0\xb7\x01\0\0\xaa\0\0\0\x63\x1a\xfc\xff\0\0\0\0\xb7\x01\0\0\0\0\0\
\0\x7b\x1a\xf0\xff\0\0\0\0\x7b\x1a\xe8\xff\0\0\0\0\x7b\x1a\xe0\xff\0\0\0\0\xbf\
\xa2\0\0\0\0\0\0\x07\x02\0\0\xfc\xff\xff\xff\x18\x01\0\0\0\0\0\0\0\0\0\0\0\0\0\
\0\x85\0\0\0\x01\0\0\0\x15\0\x0d\0\0\0\0\0\x61\x02\0\0\0\0\0\0\xbf\x71\0\0\0\0\
\0\0\xbf\x06\0\0\0\0\0\0\x85\x10\0\0\xff\xff\xff\xff\xbf\x01\0\0\0\0\0\0\xbf\
\x62\0\0\0\0\0\0\x85\x10\0\0\xff\xff\xff\xff\xbf\xa1\0\0\0\0\0\0\x07\x01\0\0\
\xe8\xff\xff\xff\xb7\x02\0\0\x08\0\0\0\xbf\x03\0\0\0\0\0\0\x85\0\0\0\x70\0\0\0\
\x05\0\x05\0\0\0\0\0\x61\xa3\xfc\xff\0\0\0\0\x18\x01\0\0\x65\x10\0\0\0\0\0\0\0\
\0\0\0\xb7\x02\0\0\x26\0\0\0\x85\0\0\0\x06\0\0\0\x61\xa1\xfc\xff\0\0\0\0\x07\
\x01\0\0\x01\0\0\0\x63\x1a\xfc\xff\0\0\0\0\xbf\xa2\0\0\0\0\0\0\x07\x02\0\0\xfc\
\xff\xff\xff\x18\x01\0\0\0\0\0\0\0\0\0\0\0\0\0\0\x85\0\0\0\x01\0\0\0\x15\0\xa2\
\0\0\0\0\0\x61\x02\0\0\0\0\0\0\xbf\x71\0\0\0\0\0\0\xbf\x06\0\0\0\0\0\0\x85\x10\
\0\0\xff\xff\xff\xff\xbf\x01\0\0\0\0\0\0\xbf\x62\0\0\0\0\0\0\x85\x10\0\0\xff\
\xff\xff\xff\xbf\xa1\0\0\0\0\0\0\x07\x01\0\0\xf0\xff\xff\xff\xb7\x02\0\0\x08\0\
\0\0\xbf\x03\0\0\0\0\0\0\x85\0\0\0\x70\0\0\0\x85\0\0\0\x0e\0\0\0\x77\0\0\0\x20\
\0\0\0\x63\x0a\xe0\xff\0\0\0\0\xbf\xa2\0\0\0\0\0\0\x07\x02\0\0\xe0\xff\xff\xff\
\x18\x01\0\0\0\0\0\0\0\0\0\0\0\0\0\0\x85\0\0\0\x01\0\0\0\xbf\x06\0\0\0\0\0\0\
\x15\x06\x90\0\0\0\0\0\x61\xa1\xfc\xff\0\0\0\0\x07\x01\0\0\x01\0\0\0\x63\x1a\
\xfc\xff\0\0\0\0\xbf\xa2\0\0\0\0\0\0\x07\x02\0\0\xfc\xff\xff\xff\x18\x01\0\0\0\
\0\0\0\0\0\0\0\0\0\0\0\x85\0\0\0\x01\0\0\0\x15\0\x8e\0\0\0\0\0\x61\x02\0\0\0\0\
\0\0\xbf\x71\0\0\0\0\0\0\xbf\x07\0\0\0\0\0\0\x85\x10\0\0\xff\xff\xff\xff\xbf\
\x01\0\0\0\0\0\0\xbf\x72\0\0\0\0\0\0\x85\x10\0\0\xff\xff\xff\xff\xbf\xa1\0\0\0\
\0\0\0\x07\x01\0\0\xd8\xff\xff\xff\xb7\x02\0\0\x08\0\0\0\xbf\x03\0\0\0\0\0\0\
\x85\0\0\0\x70\0\0\0\x79\xa1\xd8\xff\0\0\0\0\x7b\x16\x70\x01\0\0\0\0\x85\0\0\0\
\x7d\0\0\0\x7b\x06\x68\x01\0\0\0\0\x18\x01\0\0\0\0\0\0\0\0\0\0\0\0\0\0\xb7\x02\
\0\0\x90\x01\0\0\xb7\x03\0\0\0\0\0\0\x85\0\0\0\x83\0\0\0\x15\0\x7d\0\0\0\0\0\
\x79\x61\x88\x01\0\0\0\0\x7b\x10\x88\x01\0\0\0\0\x79\x61\x80\x01\0\0\0\0\x7b\
\x10\x80\x01\0\0\0\0\x79\x61\x78\x01\0\0\0\0\x7b\x10\x78\x01\0\0\0\0\x79\x61\
\x70\x01\0\0\0\0\x7b\x10\x70\x01\0\0\0\0\x79\x61\x68\x01\0\0\0\0\x7b\x10\x68\
\x01\0\0\0\0\x79\x61\x60\x01\0\0\0\0\x7b\x10\x60\x01\0\0\0\0\x79\x61\x58\x01\0\
\0\0\0\x7b\x10\x58\x01\0\0\0\0\x79\x61\x50\x01\0\0\0\0\x7b\x10\x50\x01\0\0\0\0\
\x79\x61\x48\x01\0\0\0\0\x7b\x10\x48\x01\0\0\0\0\x79\x61\x40\x01\0\0\0\0\x7b\
\x10\x40\x01\0\0\0\0\x79\x61\x38\x01\0\0\0\0\x7b\x10\x38\x01\0\0\0\0\x79\x61\
\x30\x01\0\0\0\0\x7b\x10\x30\x01\0\0\0\0\x79\x61\x28\x01\0\0\0\0\x7b\x10\x28\
\x01\0\0\0\0\x79\x61\x20\x01\0\0\0\0\x7b\x10\x20\x01\0\0\0\0\x79\x61\x18\x01\0\
\0\0\0\x7b\x10\x18\x01\0\0\0\0\x79\x61\x10\x01\0\0\0\0\x7b\x10\x10\x01\0\0\0\0\
\x79\x61\x08\x01\0\0\0\0\x7b\x10\x08\x01\0\0\0\0\x79\x61\0\x01\0\0\0\0\x7b\x10\
\0\x01\0\0\0\0\x79\x61\xf8\0\0\0\0\0\x7b\x10\xf8\0\0\0\0\0\x79\x61\xf0\0\0\0\0\
\0\x7b\x10\xf0\0\0\0\0\0\x79\x61\xe8\0\0\0\0\0\x7b\x10\xe8\0\0\0\0\0\x79\x61\
\xe0\0\0\0\0\0\x7b\x10\xe0\0\0\0\0\0\x79\x61\xd8\0\0\0\0\0\x7b\x10\xd8\0\0\0\0\
\0\x79\x61\xd0\0\0\0\0\0\x7b\x10\xd0\0\0\0\0\0\x79\x61\xc8\0\0\0\0\0\x7b\x10\
\xc8\0\0\0\0\0\x79\x61\xc0\0\0\0\0\0\x7b\x10\xc0\0\0\0\0\0\x79\x61\xb8\0\0\0\0\
\0\x7b\x10\xb8\0\0\0\0\0\x79\x61\xb0\0\0\0\0\0\x7b\x10\xb0\0\0\0\0\0\x79\x61\
\xa8\0\0\0\0\0\x7b\x10\xa8\0\0\0\0\0\x79\x61\xa0\0\0\0\0\0\x7b\x10\xa0\0\0\0\0\
\0\x79\x61\x98\0\0\0\0\0\x7b\x10\x98\0\0\0\0\0\x79\x61\x90\0\0\0\0\0\x7b\x10\
\x90\0\0\0\0\0\x79\x61\x88\0\0\0\0\0\x7b\x10\x88\0\0\0\0\0\x79\x61\x80\0\0\0\0\
\0\x7b\x10\x80\0\0\0\0\0\x79\x61\x78\0\0\0\0\0\x7b\x10\x78\0\0\0\0\0\x79\x61\
\x70\0\0\0\0\0\x7b\x10\x70\0\0\0\0\0\x79\x61\x68\0\0\0\0\0\x7b\x10\x68\0\0\0\0\
\0\x79\x61\x60\0\0\0\0\0\x7b\x10\x60\0\0\0\0\0\x79\x61\x58\0\0\0\0\0\x7b\x10\
\x58\0\0\0\0\0\x79\x61\x50\0\0\0\0\0\x7b\x10\x50\0\0\0\0\0\x79\x61\x48\0\0\0\0\
\0\x7b\x10\x48\0\0\0\0\0\x79\x61\x40\0\0\0\0\0\x7b\x10\x40\0\0\0\0\0\x79\x61\
\x38\0\0\0\0\0\x7b\x10\x38\0\0\0\0\0\x79\x61\x30\0\0\0\0\0\x7b\x10\x30\0\0\0\0\
\0\x79\x61\x28\0\0\0\0\0\x7b\x10\x28\0\0\0\0\0\x79\x61\x20\0\0\0\0\0\x7b\x10\
\x20\0\0\0\0\0\x79\x61\x18\0\0\0\0\0\x7b\x10\x18\0\0\0\0\0\x79\x61\x10\0\0\0\0\
\0\x7b\x10\x10\0\0\0\0\0\x79\x61\x08\0\0\0\0\0\x7b\x10\x08\0\0\0\0\0\x79\x61\0\
\0\0\0\0\0\x7b\x10\0\0\0\0\0\0\xbf\x01\0\0\0\0\0\0\xb7\x02\0\0\0\0\0\0\x85\0\0\
\0\x84\0\0\0\xbf\xa2\0\0\0\0\0\0\x07\x02\0\0\xe0\xff\xff\xff\x18\x01\0\0\0\0\0\
\0\0\0\0\0\0\0\0\0\x85\0\0\0\x03\0\0\0\x05\0\x10\0\0\0\0\0\x61\xa3\xfc\xff\0\0\
\0\0\x18\x01\0\0\x8b\x10\0\0\0\0\0\0\0\0\0\0\x05\0\x0a\0\0\0\0\0\x79\xa4\xf0\
\xff\0\0\0\0\x79\xa3\xe8\xff\0\0\0\0\x18\x01\0\0\xb1\x10\0\0\0\0\0\0\0\0\0\0\
\xb7\x02\0\0\x37\0\0\0\x85\0\0\0\x06\0\0\0\x05\0\x05\0\0\0\0\0\x61\xa3\xfc\xff\
\0\0\0\0\x18\x01\0\0\xe8\x10\0\0\0\0\0\0\0\0\0\0\xb7\x02\0\0\x26\0\0\0\x85\0\0\
\0\x06\0\0\0\xb7\0\0\0\0\0\0\0\x95\0\0\0\0\0\0\0\xbf\x16\0\0\0\0\0\0\x18\x01\0\
\0\x0e\x11\0\0\0\0\0\0\0\0\0\0\xb7\x02\0\0\x1e\0\0\0\x85\0\0\0\x06\0\0\0\x79\
\x67\x68\0\0\0\0\0\xbf\x73\0\0\0\0\0\0\x57\x03\0\0\xff\0\0\0\x18\x01\0\0\x2c\
\x11\0\0\0\0\0\0\0\0\0\0\xb7\x02\0\0\x0c\0\0\0\x85\0\0\0\x06\0\0\0\x57\x07\0\0\
\x04\0\0\0\x15\x07\x50\0\0\0\0\0\xb7\x01\0\0\0\0\0\0\x7b\x1a\xf0\xff\0\0\0\0\
\x7b\x1a\xe8\xff\0\0\0\0\x7b\x1a\xe0\xff\0\0\0\0\xb7\x01\0\0\xb5\0\0\0\x63\x1a\
\xfc\xff\0\0\0\0\xbf\xa2\0\0\0\0\0\0\x07\x02\0\0\xfc\xff\xff\xff\x18\x01\0\0\0\
\0\0\0\0\0\0\0\0\0\0\0\x85\0\0\0\x01\0\0\0\x15\0\x0d\0\0\0\0\0\x61\x02\0\0\0\0\
\0\0\xbf\x61\0\0\0\0\0\0\xbf\x07\0\0\0\0\0\0\x85\x10\0\0\xff\xff\xff\xff\xbf\
\x01\0\0\0\0\0\0\xbf\x72\0\0\0\0\0\0\x85\x10\0\0\xff\xff\xff\xff\xbf\xa1\0\0\0\
\0\0\0\x07\x01\0\0\xe8\xff\xff\xff\xb7\x02\0\0\x08\0\0\0\xbf\x03\0\0\0\0\0\0\
\x85\0\0\0\x70\0\0\0\x05\0\x05\0\0\0\0\0\x61\xa3\xfc\xff\0\0\0\0\x18\x01\0\0\
\x38\x11\0\0\0\0\0\0\0\0\0\0\xb7\x02\0\0\x30\0\0\0\x85\0\0\0\x06\0\0\0\x61\xa1\
\xfc\xff\0\0\0\0\x07\x01\0\0\x01\0\0\0\x63\x1a\xfc\xff\0\0\0\0\xbf\xa2\0\0\0\0\
\0\0\x07\x02\0\0\xfc\xff\xff\xff\x18\x01\0\0\0\0\0\0\0\0\0\0\0\0\0\0\x85\0\0\0\
\x01\0\0\0\x15\0\x24\0\0\0\0\0\x61\x02\0\0\0\0\0\0\xbf\x61\0\0\0\0\0\0\xbf\x07\
\0\0\0\0\0\0\x85\x10\0\0\xff\xff\xff\xff\xbf\x01\0\0\0\0\0\0\xbf\x72\0\0\0\0\0\
\0\x85\x10\0\0\xff\xff\xff\xff\xbf\xa1\0\0\0\0\0\0\x07\x01\0\0\xf0\xff\xff\xff\
\xb7\x02\0\0\x08\0\0\0\xbf\x03\0\0\0\0\0\0\x85\0\0\0\x70\0\0\0\x85\0\0\0\x0e\0\
\0\0\x77\0\0\0\x20\0\0\0\x63\x0a\xe0\xff\0\0\0\0\xbf\xa2\0\0\0\0\0\0\x07\x02\0\
\0\xe0\xff\xff\xff\x18\x01\0\0\0\0\0\0\0\0\0\0\0\0\0\0\x85\0\0\0\x01\0\0\0\x15\
\0\x14\0\0\0\0\0\x61\x02\xc0\0\0\0\0\0\x25\x02\x12\0\x04\0\0\0\x67\x02\0\0\x05\
\0\0\0\xbf\x01\0\0\0\0\0\0\x07\x01\0\0\xc0\0\0\0\x0f\x21\0\0\0\0\0\0\x07\x01\0\
\0\x04\0\0\0\x79\x63\x60\0\0\0\0\0\xb7\x02\0\0\x20\0\0\0\xbf\x06\0\0\0\0\0\0\
\x85\0\0\0\x72\0\0\0\x61\x61\xc0\0\0\0\0\0\x07\x01\0\0\x01\0\0\0\x63\x16\xc0\0\
\0\0\0\0\x05\0\x05\0\0\0\0\0\x61\xa3\xfc\xff\0\0\0\0\x18\x01\0\0\x68\x11\0\0\0\
\0\0\0\0\0\0\0\xb7\x02\0\0\x30\0\0\0\x85\0\0\0\x06\0\0\0\xb7\0\0\0\0\0\0\0\x95\
\0\0\0\0\0\0\0\xbf\x16\0\0\0\0\0\0\x18\x01\0\0\x98\x11\0\0\0\0\0\0\0\0\0\0\xb7\
\x02\0\0\x1d\0\0\0\x85\0\0\0\x06\0\0\0\x79\x61\x60\0\0\0\0\0\xb7\x02\0\0\xbf\0\
\0\0\x63\x2a\xfc\xff\0\0\0\0\x63\x1a\xec\xff\0\0\0\0\xbf\xa2\0\0\0\0\0\0\x07\
\x02\0\0\xfc\xff\xff\xff\x18\x01\0\0\0\0\0\0\0\0\0\0\0\0\0\0\x85\0\0\0\x01\0\0\
\0\x15\0\x1c\0\0\0\0\0\x61\x02\0\0\0\0\0\0\xbf\x61\0\0\0\0\0\0\xbf\x06\0\0\0\0\
\0\0\x85\x10\0\0\xff\xff\xff\xff\xbf\x01\0\0\0\0\0\0\xbf\x62\0\0\0\0\0\0\x85\
\x10\0\0\xff\xff\xff\xff\xbf\xa1\0\0\0\0\0\0\x07\x01\0\0\xf0\xff\xff\xff\xb7\
\x02\0\0\x08\0\0\0\xbf\x03\0\0\0\0\0\0\x85\0\0\0\x70\0\0\0\x85\0\0\0\x0e\0\0\0\
\x77\0\0\0\x20\0\0\0\x63\x0a\xe8\xff\0\0\0\0\x18\x01\0\0\0\0\0\0\0\0\0\0\0\0\0\
\0\xb7\x02\0\0\x10\0\0\0\xb7\x03\0\0\0\0\0\0\x85\0\0\0\x83\0\0\0\x15\0\x07\0\0\
\0\0\0\x79\xa1\xf0\xff\0\0\0\0\x7b\x10\x08\0\0\0\0\0\x79\xa1\xe8\xff\0\0\0\0\
\x7b\x10\0\0\0\0\0\0\xbf\x01\0\0\0\0\0\0\xb7\x02\0\0\0\0\0\0\x85\0\0\0\x84\0\0\
\0\xb7\0\0\0\0\0\0\0\x95\0\0\0\0\0\0\0\x66\x65\x74\x63\x68\x5f\x72\x65\x67\x69\
\x73\x74\x65\x72\x3a\x20\x75\x6e\x65\x78\x70\x65\x63\x74\x65\x64\x20\x78\x38\
\x36\x5f\x36\x34\x20\x72\x65\x67\x69\x73\x74\x65\x72\x20\x25\x64\x0a\0\x72\x65\
\x67\x20\x25\x64\x20\x6f\x66\x66\x73\x65\x74\x20\x25\x64\x20\x6f\x6e\x73\x74\
\x61\x63\x6b\x20\x25\x64\x0a\0\x66\x69\x65\x6c\x64\x20\x31\x20\x6f\x66\x66\x73\
\x65\x74\x20\x25\x64\x2c\x20\x70\x6f\x69\x6e\x74\x65\x72\x20\x25\x64\0\x66\x69\
\x65\x6c\x64\x20\x32\x20\x6f\x66\x66\x73\x65\x74\x20\x25\x64\x2c\x20\x70\x6f\
\x69\x6e\x74\x65\x72\x20\x25\x64\0\x66\x69\x65\x6c\x64\x20\x33\x20\x6f\x66\x66\
\x73\x65\x74\x20\x25\x64\x2c\x20\x70\x6f\x69\x6e\x74\x65\x72\x20\x25\x64\0\x66\
\x69\x65\x6c\x64\x20\x34\x20\x6f\x66\x66\x73\x65\x74\x20\x25\x64\x2c\x20\x70\
\x6f\x69\x6e\x74\x65\x72\x20\x25\x64\0\x66\x69\x65\x6c\x64\x20\x35\x20\x6f\x66\
\x66\x73\x65\x74\x20\x25\x64\x2c\x20\x70\x6f\x69\x6e\x74\x65\x72\x20\x25\x64\0\
\x75\x70\x72\x6f\x62\x65\x5f\x65\x6e\x71\x75\x65\x75\x65\x5f\x6f\x70\x20\x67\
\x6f\x74\x20\x4e\x55\x4c\x4c\x20\x76\x66\x20\x61\x74\x20\x76\x61\x72\x69\x64\
\x20\x25\x64\x0a\0\x75\x70\x72\x6f\x62\x65\x5f\x65\x6e\x71\x75\x65\x75\x65\x5f\
\x6f\x70\x20\x67\x6f\x74\x20\x61\x20\x6e\x6f\x6e\x20\x6f\x73\x64\x6f\x70\x2f\
\x6f\x73\x64\x72\x65\x70\x6f\x70\x20\x25\x64\x2c\x20\x69\x67\x6e\x6f\x72\x65\
\x0a\0\x75\x70\x72\x6f\x62\x65\x5f\x65\x6e\x71\x75\x65\x75\x65\x5f\x6f\x70\x20\
\x67\x6f\x74\x20\x4e\x55\x4c\x4c\x20\x76\x66\x20\x61\x74\x20\x76\x61\x72\x69\
\x64\x20\x25\x64\x0a\0\x75\x70\x72\x6f\x62\x65\x5f\x65\x6e\x71\x75\x65\x75\x65\
\x5f\x6f\x70\x20\x67\x6f\x74\x20\x4e\x55\x4c\x4c\x20\x76\x66\x20\x61\x74\x20\
\x76\x61\x72\x69\x64\x20\x25\x64\x0a\0\x75\x70\x72\x6f\x62\x65\x5f\x65\x6e\x71\
\x75\x65\x75\x65\x5f\x6f\x70\x3a\x20\x72\x65\x74\x72\x79\x20\x64\x65\x74\x65\
\x63\x74\x65\x64\x2c\x20\x70\x72\x65\x73\x65\x72\x76\x69\x6e\x67\x20\x6f\x72\
\x69\x67\x69\x6e\x61\x6c\x20\x74\x72\x61\x63\x6b\x69\x6e\x67\x20\x28\x63\x6c\
\x69\x65\x6e\x74\x3d\x25\x6c\x6c\x64\x20\x74\x69\x64\x3d\x25\x6c\x6c\x64\x20\
\x61\x67\x65\x5f\x6e\x73\x3d\x25\x6c\x6c\x75\x29\x0a\0\x75\x70\x72\x6f\x62\x65\
\x5f\x65\x6e\x71\x75\x65\x75\x65\x5f\x6f\x70\x3a\x20\x6f\x72\x70\x68\x61\x6e\
\x20\x63\x6c\x65\x61\x6e\x75\x70\x2c\x20\x6f\x76\x65\x72\x77\x72\x69\x74\x69\
\x6e\x67\x20\x73\x74\x61\x6c\x65\x20\x65\x6e\x74\x72\x79\x20\x28\x63\x6c\x69\
\x65\x6e\x74\x3d\x25\x6c\x6c\x64\x20\x74\x69\x64\x3d\x25\x6c\x6c\x64\x20\x61\
\x67\x65\x5f\x6e\x73\x3d\x25\x6c\x6c\x75\x29\x0a\0\x75\x70\x72\x6f\x62\x65\x5f\
\x65\x6e\x71\x75\x65\x75\x65\x5f\x6f\x70\x20\x67\x6f\x74\x20\x4e\x55\x4c\x4c\
\x20\x76\x66\x20\x61\x74\x20\x76\x61\x72\x69\x64\x20\x25\x64\x0a\0\x75\x70\x72\
\x6f\x62\x65\x5f\x65\x6e\x71\x75\x65\x75\x65\x5f\x6f\x70\x20\x67\x6f\x74\x20\
\x4e\x55\x4c\x4c\x20\x76\x66\x20\x61\x74\x20\x76\x61\x72\x69\x64\x20\x25\x64\
\x0a\0\x75\x70\x72\x6f\x62\x65\x5f\x65\x6e\x71\x75\x65\x75\x65\x5f\x6f\x70\x20\
\x67\x6f\x74\x20\x4e\x55\x4c\x4c\x20\x76\x66\x20\x61\x74\x20\x76\x61\x72\x69\
\x64\x20\x25\x64\x0a\0\x75\x70\x72\x6f\x62\x65\x5f\x65\x6e\x71\x75\x65\x75\x65\
\x5f\x6f\x70\x20\x67\x6f\x74\x20\x4e\x55\x4c\x4c\x20\x76\x66\x20\x61\x74\x20\
\x76\x61\x72\x69\x64\x20\x25\x64\x0a\0\x45\x6e\x74\x65\x72\x65\x64\x20\x69\x6e\
\x74\x6f\x20\x75\x70\x72\x6f\x62\x65\x5f\x64\x65\x71\x75\x65\x75\x65\x5f\x6f\
\x70\x0a\0\x75\x70\x72\x6f\x62\x65\x5f\x64\x65\x71\x75\x65\x75\x65\x5f\x6f\x70\
\x20\x67\x6f\x74\x20\x4e\x55\x4c\x4c\x20\x76\x66\x20\x61\x74\x20\x76\x61\x72\
\x69\x64\x20\x25\x64\x0a\0\x75\x70\x72\x6f\x62\x65\x5f\x64\x65\x71\x75\x65\x75\
\x65\x5f\x6f\x70\x20\x67\x6f\x74\x20\x6e\x6f\x6e\x20\x6f\x73\x64\x6f\x70\x20\
\x6f\x72\x20\x72\x65\x70\x6f\x70\x20\x74\x79\x70\x65\x20\x25\x64\x2c\x20\x69\
\x67\x6e\x6f\x72\x65\x0a\0\x75\x70\x72\x6f\x62\x65\x5f\x64\x65\x71\x75\x65\x75\
\x65\x5f\x6f\x70\x20\x67\x6f\x74\x20\x4e\x55\x4c\x4c\x20\x76\x66\x20\x61\x74\
\x20\x76\x61\x72\x69\x64\x20\x25\x64\x0a\0\x75\x70\x72\x6f\x62\x65\x5f\x64\x65\
\x71\x75\x65\x75\x65\x5f\x6f\x70\x20\x67\x6f\x74\x20\x4e\x55\x4c\x4c\x20\x76\
\x66\x20\x61\x74\x20\x76\x61\x72\x69\x64\x20\x25\x64\x0a\0\x45\x6e\x74\x65\x72\
\x65\x64\x20\x69\x6e\x74\x6f\x20\x75\x70\x72\x6f\x62\x65\x5f\x64\x65\x71\x75\
\x65\x75\x65\x5f\x6f\x70\x20\x6b\x65\x79\x20\x6f\x77\x6e\x65\x72\x20\x25\x6c\
\x6c\x64\x2c\x20\x74\x69\x64\x20\x25\x6c\x6c\x64\x0a\0\x75\x70\x72\x6f\x62\x65\
\x5f\x64\x65\x71\x75\x65\x75\x65\x5f\x6f\x70\x2c\x20\x6e\x6f\x20\x70\x72\x65\
\x76\x69\x6f\x75\x73\x20\x65\x6e\x71\x75\x65\x75\x65\x5f\x6f\x70\x20\x69\x6e\
\x66\x6f\x2c\x20\x6f\x77\x6e\x65\x72\x20\x25\x6c\x6c\x64\x2c\x20\x74\x69\x64\
\x20\x25\x6c\x6c\x64\x0a\0\x75\x70\x72\x6f\x62\x65\x5f\x64\x65\x71\x75\x65\x75\
\x65\x5f\x6f\x70\x20\x67\x6f\x74\x20\x4e\x55\x4c\x4c\x20\x76\x66\x20\x61\x74\
\x20\x76\x61\x72\x69\x64\x20\x25\x64\x0a\0\x75\x70\x72\x6f\x62\x65\x5f\x64\x65\
\x71\x75\x65\x75\x65\x5f\x6f\x70\x20\x67\x6f\x74\x20\x4e\x55\x4c\x4c\x20\x76\
\x66\x20\x61\x74\x20\x76\x61\x72\x69\x64\x20\x25\x64\x0a\0\x45\x6e\x74\x65\x72\
\x65\x64\x20\x69\x6e\x74\x6f\x20\x75\x70\x72\x6f\x62\x65\x5f\x65\x78\x65\x63\
\x75\x74\x65\x5f\x63\x74\x78\x0a\0\x75\x70\x72\x6f\x62\x65\x5f\x65\x78\x65\x63\
\x75\x74\x65\x5f\x63\x74\x78\x20\x67\x6f\x74\x20\x4e\x55\x4c\x4c\x20\x76\x66\
\x20\x61\x74\x20\x76\x61\x72\x69\x64\x20\x25\x64\x0a\0\x75\x70\x72\x6f\x62\x65\
\x5f\x65\x78\x65\x63\x75\x74\x65\x5f\x63\x74\x78\x20\x67\x6f\x74\x20\x4e\x55\
\x4c\x4c\x20\x76\x66\x20\x61\x74\x20\x76\x61\x72\x69\x64\x20\x25\x64\x0a\0\x45\
\x6e\x74\x65\x72\x65\x64\x20\x69\x6e\x74\x6f\x20\x75\x70\x72\x6f\x62\x65\x5f\
\x65\x78\x65\x63\x75\x74\x65\x5f\x63\x74\x78\x20\x6b\x65\x79\x20\x6f\x77\x6e\
\x65\x72\x20\x25\x6c\x6c\x64\x2c\x20\x74\x69\x64\x20\x25\x6c\x6c\x64\x20\x0a\0\
\x75\x70\x72\x6f\x62\x65\x5f\x65\x78\x65\x63\x75\x74\x65\x5f\x63\x74\x78\x2c\
\x20\x6e\x6f\x20\x70\x72\x65\x76\x69\x6f\x75\x73\x20\x6f\x70\x20\x69\x6e\x66\
\x6f\x2c\x20\x6f\x77\x6e\x65\x72\x20\x25\x6c\x6c\x64\x2c\x20\x74\x69\x64\x20\
\x25\x6c\x6c\x64\x0a\0\x45\x6e\x74\x65\x72\x65\x64\x20\x69\x6e\x74\x6f\x20\x75\
\x70\x72\x6f\x62\x65\x5f\x73\x75\x62\x6d\x69\x74\x5f\x74\x72\x61\x6e\x73\x61\
\x63\x74\x69\x6f\x6e\x0a\0\x75\x70\x72\x6f\x62\x65\x5f\x73\x75\x62\x6d\x69\x74\
\x5f\x74\x72\x61\x6e\x73\x61\x63\x74\x69\x6f\x6e\x20\x67\x6f\x74\x20\x4e\x55\
\x4c\x4c\x20\x76\x66\x20\x61\x74\x20\x76\x61\x72\x69\x64\x20\x25\x64\x0a\0\x75\
\x70\x72\x6f\x62\x65\x5f\x73\x75\x62\x6d\x69\x74\x5f\x74\x72\x61\x6e\x73\x61\
\x63\x74\x69\x6f\x6e\x20\x67\x6f\x74\x20\x4e\x55\x4c\x4c\x20\x76\x66\x20\x61\
\x74\x20\x76\x61\x72\x69\x64\x20\x25\x64\x0a\0\x45\x6e\x74\x65\x72\x65\x64\x20\
\x69\x6e\x74\x6f\x20\x75\x70\x72\x6f\x62\x65\x5f\x73\x75\x62\x6d\x69\x74\x5f\
\x74\x72\x61\x6e\x73\x61\x63\x74\x69\x6f\x6e\x20\x6b\x65\x79\x20\x6f\x77\x6e\
\x65\x72\x20\x25\x6c\x6c\x64\x2c\x20\x74\x69\x64\x20\x25\x6c\x6c\x64\x2c\x20\
\x6f\x70\x20\x25\x6c\x6c\x78\x0a\0\x75\x70\x72\x6f\x62\x65\x5f\x73\x75\x62\x6d\
\x69\x74\x5f\x74\x72\x61\x6e\x73\x61\x63\x74\x69\x6f\x6e\x2c\x20\x6e\x6f\x20\
\x70\x72\x65\x76\x69\x6f\x75\x73\x20\x6f\x70\x20\x69\x6e\x66\x6f\x2c\x20\x6f\
\x77\x6e\x65\x72\x20\x25\x6c\x6c\x64\x2c\x20\x74\x69\x64\x20\x25\x6c\x6c\x64\
\x0a\0\x45\x6e\x74\x65\x72\x65\x64\x20\x69\x6e\x74\x6f\x20\x75\x70\x72\x6f\x62\
\x65\x5f\x71\x75\x65\x75\x65\x5f\x74\x72\x61\x6e\x73\x61\x63\x74\x69\x6f\x6e\
\x73\x0a\0\x75\x70\x72\x6f\x62\x65\x5f\x71\x75\x65\x75\x65\x5f\x74\x72\x61\x6e\
\x73\x61\x63\x74\x69\x6f\x6e\x2c\x20\x6e\x6f\x20\x70\x72\x65\x76\x69\x6f\x75\
\x73\x20\x6b\x65\x79\x20\x6d\x61\x74\x63\x68\x65\x64\x20\x6f\x77\x6e\x65\x72\
\x20\x25\x6c\x6c\x64\x2c\x20\x74\x69\x64\x20\x25\x6c\x6c\x64\x0a\0\x75\x70\x72\
\x6f\x62\x65\x5f\x71\x75\x65\x75\x65\x5f\x74\x72\x61\x6e\x73\x61\x63\x74\x69\
\x6f\x6e\x2c\x20\x6e\x6f\x20\x70\x72\x65\x76\x69\x6f\x75\x73\x20\x70\x74\x69\
\x64\x20\x6d\x61\x74\x63\x68\x65\x64\x20\x25\x64\x0a\0\x45\x6e\x74\x65\x72\x65\
\x64\x20\x69\x6e\x74\x6f\x20\x75\x70\x72\x6f\x62\x65\x5f\x64\x6f\x5f\x77\x72\
\x69\x74\x65\x0a\0\x75\x70\x72\x6f\x62\x65\x5f\x64\x6f\x5f\x77\x72\x69\x74\x65\
\x2c\x20\x6e\x6f\x20\x70\x72\x65\x76\x69\x6f\x75\x73\x20\x6b\x65\x79\x20\x6d\
\x61\x74\x63\x68\x65\x64\x20\x6f\x77\x6e\x65\x72\x20\x25\x6c\x6c\x64\x2c\x20\
\x74\x69\x64\x20\x25\x6c\x6c\x64\x0a\0\x75\x70\x72\x6f\x62\x65\x5f\x64\x6f\x5f\
\x77\x72\x69\x74\x65\x2c\x20\x6e\x6f\x20\x70\x72\x65\x76\x69\x6f\x75\x73\x20\
\x74\x69\x64\x20\x6d\x61\x74\x63\x68\x65\x64\x20\x25\x64\x0a\0\x45\x6e\x74\x65\
\x72\x65\x64\x20\x69\x6e\x74\x6f\x20\x75\x70\x72\x6f\x62\x65\x5f\x77\x63\x74\
\x78\x5f\x66\x69\x6e\x69\x73\x68\x0a\0\x75\x70\x72\x6f\x62\x65\x5f\x77\x63\x74\
\x78\x5f\x66\x69\x6e\x69\x73\x68\x2c\x20\x6e\x6f\x20\x70\x72\x65\x76\x69\x6f\
\x75\x73\x20\x6b\x65\x79\x20\x6d\x61\x74\x63\x68\x65\x64\x20\x6f\x77\x6e\x65\
\x72\x20\x25\x6c\x6c\x64\x2c\x20\x74\x69\x64\x20\x25\x6c\x6c\x64\x0a\0\x75\x70\
\x72\x6f\x62\x65\x5f\x77\x63\x74\x78\x5f\x66\x69\x6e\x69\x73\x68\x2c\x20\x6e\
\x6f\x20\x70\x72\x65\x76\x69\x6f\x75\x73\x20\x74\x69\x64\x20\x6d\x61\x74\x63\
\x68\x65\x64\x20\x25\x64\x0a\0\x45\x6e\x74\x65\x72\x65\x64\x20\x69\x6e\x74\x6f\
\x20\x75\x70\x72\x6f\x62\x65\x5f\x74\x78\x63\x5f\x73\x74\x61\x74\x65\x5f\x70\
\x72\x6f\x63\x0a\0\x75\x70\x72\x6f\x62\x65\x5f\x74\x78\x63\x5f\x73\x74\x61\x74\
\x65\x5f\x70\x72\x6f\x63\x20\x67\x6f\x74\x20\x4e\x55\x4c\x4c\x20\x6b\x65\x79\
\x20\x61\x74\x20\x63\x6b\x20\x25\x6c\x6c\x64\x20\x25\x6c\x6c\x64\x20\x25\x6c\
\x6c\x64\x0a\0\x75\x70\x72\x6f\x62\x65\x5f\x74\x78\x63\x5f\x73\x74\x61\x74\x65\
\x5f\x70\x72\x6f\x63\x20\x6f\x77\x6e\x65\x72\x20\x25\x6c\x6c\x64\x20\x74\x69\
\x64\x20\x25\x6c\x6c\x64\x20\x61\x69\x6f\x5f\x73\x75\x62\x6d\x69\x74\x5f\x73\
\x74\x61\x6d\x70\x20\x3d\x20\x25\x6c\x6c\x64\0\x75\x70\x72\x6f\x62\x65\x5f\x74\
\x78\x63\x5f\x73\x74\x61\x74\x65\x5f\x70\x72\x6f\x63\x20\x6f\x77\x6e\x65\x72\
\x20\x25\x6c\x6c\x64\x20\x74\x69\x64\x20\x25\x6c\x6c\x64\x20\x61\x69\x6f\x5f\
\x64\x6f\x6e\x65\x5f\x73\x74\x61\x6d\x70\x20\x3d\x20\x25\x6c\x6c\x64\0\x75\x70\
\x72\x6f\x62\x65\x5f\x74\x78\x63\x5f\x73\x74\x61\x74\x65\x5f\x70\x72\x6f\x63\
\x20\x6f\x77\x6e\x65\x72\x20\x25\x6c\x6c\x64\x20\x74\x69\x64\x20\x25\x6c\x6c\
\x64\x20\x6b\x76\x5f\x73\x75\x62\x6d\x69\x74\x5f\x73\x74\x61\x6d\x70\x20\x3d\
\x20\x25\x6c\x6c\x64\0\x75\x70\x72\x6f\x62\x65\x5f\x74\x78\x63\x5f\x73\x74\x61\
\x74\x65\x5f\x70\x72\x6f\x63\x20\x6f\x77\x6e\x65\x72\x20\x25\x6c\x6c\x64\x20\
\x74\x69\x64\x20\x25\x6c\x6c\x64\x20\x6b\x76\x5f\x63\x6f\x6d\x6d\x69\x74\x74\
\x65\x64\x5f\x73\x74\x61\x6d\x70\x20\x3d\x20\x25\x6c\x6c\x64\0\x45\x6e\x74\x65\
\x72\x65\x64\x20\x69\x6e\x74\x6f\x20\x75\x70\x72\x6f\x62\x65\x5f\x6c\x6f\x67\
\x5f\x6f\x70\x5f\x73\x74\x61\x74\x73\x0a\0\x75\x70\x72\x6f\x62\x65\x5f\x6c\x6f\
\x67\x5f\x6f\x70\x5f\x73\x74\x61\x74\x73\x20\x67\x6f\x74\x20\x4e\x55\x4c\x4c\
\x20\x76\x66\x20\x61\x74\x20\x76\x61\x72\x69\x64\x20\x25\x64\x0a\0\x75\x70\x72\
\x6f\x62\x65\x5f\x6c\x6f\x67\x5f\x6f\x70\x5f\x73\x74\x61\x74\x73\x20\x67\x6f\
\x74\x20\x4e\x55\x4c\x4c\x20\x76\x66\x20\x61\x74\x20\x76\x61\x72\x69\x64\x20\
\x25\x64\x0a\0\x75\x70\x72\x6f\x62\x65\x5f\x6c\x6f\x67\x5f\x6f\x70\x5f\x73\x74\
\x61\x74\x73\x2c\x20\x6e\x6f\x20\x70\x72\x65\x76\x69\x6f\x75\x73\x20\x6f\x70\
\x20\x69\x6e\x66\x6f\x2c\x20\x6f\x77\x6e\x65\x72\x20\x25\x6c\x6c\x64\x2c\x20\
\x74\x69\x64\x20\x25\x6c\x6c\x64\x0a\0\x45\x6e\x74\x65\x72\x65\x64\x20\x69\x6e\
\x74\x6f\x20\x75\x70\x72\x6f\x62\x65\x5f\x6c\x6f\x67\x5f\x6f\x70\x5f\x73\x74\
\x61\x74\x73\x20\x76\x32\x0a\0\x75\x70\x72\x6f\x62\x65\x5f\x6c\x6f\x67\x5f\x6f\
\x70\x5f\x73\x74\x61\x74\x73\x5f\x76\x32\x20\x67\x6f\x74\x20\x4e\x55\x4c\x4c\
\x20\x76\x66\x20\x61\x74\x20\x76\x61\x72\x69\x64\x20\x25\x64\x0a\0\x75\x70\x72\
\x6f\x62\x65\x5f\x6c\x6f\x67\x5f\x6f\x70\x5f\x73\x74\x61\x74\x73\x5f\x76\x32\
\x20\x67\x6f\x74\x20\x4e\x55\x4c\x4c\x20\x76\x66\x20\x61\x74\x20\x76\x61\x72\
\x69\x64\x20\x25\x64\x0a\0\x75\x70\x72\x6f\x62\x65\x5f\x6c\x6f\x67\x5f\x6f\x70\
\x5f\x73\x74\x61\x74\x73\x5f\x76\x32\x20\x67\x6f\x74\x20\x4e\x55\x4c\x4c\x20\
\x76\x66\x20\x61\x74\x20\x76\x61\x72\x69\x64\x20\x25\x64\x0a\0\x75\x70\x72\x6f\
\x62\x65\x5f\x6c\x6f\x67\x5f\x6f\x70\x5f\x73\x74\x61\x74\x73\x5f\x76\x32\x20\
\x67\x6f\x74\x20\x4e\x55\x4c\x4c\x20\x76\x66\x20\x61\x74\x20\x76\x61\x72\x69\
\x64\x20\x25\x64\x0a\0\x20\x6c\x6f\x67\x5f\x6f\x70\x5f\x73\x74\x61\x74\x73\x5f\
\x76\x32\x20\x63\x6c\x69\x65\x6e\x74\x20\x25\x6c\x6c\x64\x20\x74\x69\x64\x20\
\x25\x6c\x6c\x64\x20\x72\x65\x63\x76\x5f\x73\x74\x61\x6d\x70\x20\x25\x6c\x6c\
\x64\x20\0\x20\x69\x6e\x62\x20\x25\x6c\x6c\x64\x20\x6f\x75\x74\x62\x20\x25\x6c\
\x6c\x64\x20\x6f\x70\x20\x74\x79\x70\x65\x20\x25\x6c\x6c\x64\x0a\0\x45\x6e\x74\
\x65\x72\x65\x64\x20\x69\x6e\x74\x6f\x20\x75\x70\x72\x6f\x62\x65\x5f\x67\x65\
\x6e\x65\x72\x61\x74\x65\x5f\x73\x75\x62\x6f\x70\x0a\0\x75\x70\x72\x6f\x62\x65\
\x5f\x67\x65\x6e\x65\x72\x61\x74\x65\x5f\x73\x75\x62\x6f\x70\x20\x67\x6f\x74\
\x20\x4e\x55\x4c\x4c\x20\x76\x66\x20\x61\x74\x20\x76\x61\x72\x69\x64\x20\x25\
\x64\x0a\0\x75\x70\x72\x6f\x62\x65\x5f\x67\x65\x6e\x65\x72\x61\x74\x65\x5f\x73\
\x75\x62\x6f\x70\x20\x67\x6f\x74\x20\x4e\x55\x4c\x4c\x20\x76\x66\x20\x61\x74\
\x20\x76\x61\x72\x69\x64\x20\x25\x64\x0a\0\x75\x70\x72\x6f\x62\x65\x5f\x67\x65\
\x6e\x65\x72\x61\x74\x65\x5f\x73\x75\x62\x6f\x70\x20\x67\x6f\x74\x20\x4e\x55\
\x4c\x4c\x20\x76\x70\x20\x66\x6f\x72\x20\x63\x6c\x69\x65\x6e\x74\x20\x25\x6c\
\x6c\x64\x2c\x20\x74\x69\x64\x20\x25\x6c\x6c\x64\x0a\0\x75\x70\x72\x6f\x62\x65\
\x5f\x67\x65\x6e\x65\x72\x61\x74\x65\x5f\x73\x75\x62\x6f\x70\x20\x67\x6f\x74\
\x20\x4e\x55\x4c\x4c\x20\x76\x66\x20\x61\x74\x20\x76\x61\x72\x69\x64\x20\x25\
\x64\x0a\0\x45\x6e\x74\x65\x72\x65\x64\x20\x69\x6e\x74\x6f\x20\x75\x70\x72\x6f\
\x62\x65\x5f\x64\x6f\x5f\x72\x65\x70\x6f\x70\x5f\x72\x65\x70\x6c\x79\x0a\0\x75\
\x70\x72\x6f\x62\x65\x5f\x64\x6f\x5f\x72\x65\x70\x6f\x70\x5f\x72\x65\x70\x6c\
\x79\x20\x67\x6f\x74\x20\x4e\x55\x4c\x4c\x20\x76\x66\x20\x61\x74\x20\x76\x61\
\x72\x69\x64\x20\x25\x64\x0a\0\x75\x70\x72\x6f\x62\x65\x5f\x64\x6f\x5f\x72\x65\
\x70\x6f\x70\x5f\x72\x65\x70\x6c\x79\x20\x67\x6f\x74\x20\x4e\x55\x4c\x4c\x20\
\x76\x66\x20\x61\x74\x20\x76\x61\x72\x69\x64\x20\x25\x64\x0a\0\x75\x70\x72\x6f\
\x62\x65\x5f\x64\x6f\x5f\x72\x65\x70\x6f\x70\x5f\x72\x65\x70\x6c\x79\x20\x67\
\x6f\x74\x20\x4e\x55\x4c\x4c\x20\x76\x66\x20\x61\x74\x20\x76\x61\x72\x69\x64\
\x20\x25\x64\x0a\0\x75\x70\x72\x6f\x62\x65\x5f\x64\x6f\x5f\x72\x65\x70\x6f\x70\
\x5f\x72\x65\x70\x6c\x79\x20\x75\x6e\x61\x62\x6c\x65\x20\x74\x6f\x20\x67\x65\
\x74\x20\x6f\x70\x5f\x76\x20\x66\x6f\x72\x20\x63\x6c\x69\x65\x6e\x74\x20\x25\
\x6c\x6c\x64\x2c\x20\x74\x69\x64\x20\x25\x6c\x6c\x64\x0a\0\x45\x6e\x74\x65\x72\
\x65\x64\x20\x69\x6e\x74\x6f\x20\x6d\x61\x72\x6b\x5f\x66\x6c\x61\x67\x5f\x70\
\x6f\x69\x6e\x74\x5f\x73\x74\x72\x69\x6e\x67\x0a\0\x66\x6c\x61\x67\x20\x69\x73\
\x20\x25\x64\x0a\0\x75\x70\x72\x6f\x62\x65\x5f\x6d\x61\x72\x6b\x5f\x66\x6c\x61\
\x67\x5f\x70\x6f\x69\x6e\x74\x5f\x73\x74\x72\x69\x6e\x67\x20\x67\x6f\x74\x20\
\x4e\x55\x4c\x4c\x20\x76\x66\x20\x61\x74\x20\x76\x61\x72\x69\x64\x20\x25\x64\
\x0a\0\x75\x70\x72\x6f\x62\x65\x5f\x6d\x61\x72\x6b\x5f\x66\x6c\x61\x67\x5f\x70\
\x6f\x69\x6e\x74\x5f\x73\x74\x72\x69\x6e\x67\x20\x67\x6f\x74\x20\x4e\x55\x4c\
\x4c\x20\x76\x66\x20\x61\x74\x20\x76\x61\x72\x69\x64\x20\x25\x64\x0a\0\x45\x6e\
\x74\x65\x72\x65\x64\x20\x69\x6e\x74\x6f\x20\x6c\x6f\x67\x5f\x6c\x61\x74\x65\
\x6e\x63\x79\x0a\0\x45\x6e\x74\x65\x72\x65\x64\x20\x69\x6e\x74\x6f\x20\x6c\x6f\
\x67\x5f\x73\x75\x62\x6f\x70\x5f\x73\x74\x61\x74\x73\x0a\0\x75\x70\x72\x6f\x62\
\x65\x5f\x6c\x6f\x67\x5f\x73\x75\x62\x6f\x70\x5f\x73\x74\x61\x74\x73\x20\x67\
\x6f\x74\x20\x4e\x55\x4c\x4c\x20\x76\x66\x20\x61\x74\x20\x76\x61\x72\x69\x64\
\x20\x25\x64\x0a\0\x75\x70\x72\x6f\x62\x65\x5f\x6c\x6f\x67\x5f\x73\x75\x62\x6f\
\x70\x5f\x73\x74\x61\x74\x20\x67\x6f\x74\x20\x4e\x55\x4c\x4c\x20\x76\x66\x20\
\x61\x74\x20\x76\x61\x72\x69\x64\x20\x25\x64\x0a\0\x75\x70\x72\x6f\x62\x65\x5f\
\x6c\x6f\x67\x5f\x73\x75\x62\x6f\x70\x5f\x73\x74\x61\x74\x20\x67\x6f\x74\x20\
\x4e\x55\x4c\x4c\x20\x76\x66\x20\x61\x74\x20\x76\x61\x72\x69\x64\x20\x25\x64\
\x0a\0\x45\x6e\x74\x65\x72\x65\x64\x20\x69\x6e\x74\x6f\x20\x75\x70\x72\x6f\x62\
\x65\x5f\x65\x63\x5f\x73\x75\x62\x6d\x69\x74\x5f\x74\x72\x61\x6e\x73\x61\x63\
\x74\x69\x6f\x6e\x0a\0\x75\x70\x72\x6f\x62\x65\x5f\x73\x75\x62\x6d\x69\x74\x5f\
\x74\x72\x61\x6e\x73\x61\x63\x74\x69\x6f\x6e\x20\x67\x6f\x74\x20\x4e\x55\x4c\
\x4c\x20\x76\x66\x20\x61\x74\x20\x76\x61\x72\x69\x64\x20\x25\x64\x0a\0\x75\x70\
\x72\x6f\x62\x65\x5f\x73\x75\x62\x6d\x69\x74\x5f\x74\x72\x61\x6e\x73\x61\x63\
\x74\x69\x6f\x6e\x20\x67\x6f\x74\x20\x4e\x55\x4c\x4c\x20\x76\x66\x20\x61\x74\
\x20\x76\x61\x72\x69\x64\x20\x25\x64\x0a\0\x45\x6e\x74\x65\x72\x65\x64\x20\x69\
\x6e\x74\x6f\x20\x5f\x74\x63\x78\x5f\x63\x61\x6c\x63\x5f\x63\x6f\x73\x74\x0a\0\
\x74\x78\x63\x5f\x63\x61\x6c\x63\x5f\x63\x6f\x73\x74\x2c\x20\x6e\x6f\x20\x70\
\x72\x65\x76\x69\x6f\x75\x73\x20\x6b\x65\x79\x20\x6d\x61\x74\x63\x68\x65\x64\
\x20\x6f\x77\x6e\x65\x72\x20\x25\x6c\x6c\x64\x2c\x20\x74\x69\x64\x20\x25\x6c\
\x6c\x64\x0a\0\x74\x78\x63\x5f\x63\x61\x6c\x63\x5f\x63\x6f\x73\x74\x2c\x20\x6e\
\x6f\x20\x70\x72\x65\x76\x69\x6f\x75\x73\x20\x74\x69\x64\x20\x6d\x61\x74\x63\
\x68\x65\x64\x20\x25\x64\x0a\0\x45\x6e\x74\x65\x72\x65\x64\x20\x69\x6e\x74\x6f\
\x20\x72\x65\x70\x6f\x70\x5f\x63\x6f\x6d\x6d\x69\x74\x0a\0\x72\x65\x70\x6f\x70\
\x5f\x63\x6f\x6d\x6d\x69\x74\x20\x67\x6f\x74\x20\x4e\x55\x4c\x4c\x20\x76\x66\
\x20\x61\x74\x20\x76\x61\x72\x69\x64\x20\x25\x64\x0a\0\x72\x65\x70\x6f\x70\x5f\
\x63\x6f\x6d\x6d\x69\x74\x20\x67\x6f\x74\x20\x4e\x55\x4c\x4c\x20\x76\x66\x20\
\x61\x74\x20\x76\x61\x72\x69\x64\x20\x25\x64\x0a\0\x72\x65\x70\x6f\x70\x5f\x63\
\x6f\x6d\x6d\x69\x74\x20\x67\x6f\x74\x20\x4e\x55\x4c\x4c\x20\x76\x61\x6c\x20\
\x61\x74\x20\x6b\x65\x79\x20\x63\x6c\x69\x65\x6e\x74\x20\x25\x6c\x6c\x64\x20\
\x74\x69\x64\x20\x25\x6c\x6c\x64\x0a\0\x72\x65\x70\x6f\x70\x5f\x63\x6f\x6d\x6d\
\x69\x74\x20\x67\x6f\x74\x20\x4e\x55\x4c\x4c\x20\x76\x66\x20\x61\x74\x20\x76\
\x61\x72\x69\x64\x20\x25\x64\x0a\0\x45\x6e\x74\x65\x72\x65\x64\x20\x69\x6e\x74\
\x6f\x20\x6d\x61\x72\x6b\x5f\x66\x6c\x61\x67\x5f\x70\x6f\x69\x6e\x74\x0a\0\x66\
\x6c\x61\x67\x20\x69\x73\x20\x25\x64\x0a\0\x75\x70\x72\x6f\x62\x65\x5f\x6d\x61\
\x72\x6b\x5f\x66\x6c\x61\x67\x5f\x70\x6f\x69\x6e\x74\x20\x67\x6f\x74\x20\x4e\
\x55\x4c\x4c\x20\x76\x66\x20\x61\x74\x20\x76\x61\x72\x69\x64\x20\x25\x64\x0a\0\
\x75\x70\x72\x6f\x62\x65\x5f\x6d\x61\x72\x6b\x5f\x66\x6c\x61\x67\x5f\x70\x6f\
\x69\x6e\x74\x20\x67\x6f\x74\x20\x4e\x55\x4c\x4c\x20\x76\x66\x20\x61\x74\x20\
\x76\x61\x72\x69\x64\x20\x25\x64\x0a\0\x45\x6e\x74\x65\x72\x65\x64\x20\x69\x6e\
\x74\x6f\x20\x6c\x6f\x67\x5f\x6c\x61\x74\x65\x6e\x63\x79\x5f\x66\x6e\x0a\0\x44\
\x75\x61\x6c\x20\x42\x53\x44\x2f\x47\x50\x4c\0\0\0\0\0\0\0\0\0\0\0\0\0\0\0\0\0\
\0\0\0\0\0\0\0\0\0\0\0\0\0\0\0\0\0\0\0\0\0\0\0\0\0\0\0\0\0\0\0\0\0\0\0\0\0\0\0\
\0\0\0\0\0\0\0\0\0\0\0\0\0\0\0\0\0\0\0\0\0\0\0\0\0\0\0\0\0\0\0\0\0\0\0\0\0\0\0\
\0\0\0\0\0\0\0\0\0\0\0\0\0\0\0\0\0\0\0\0\0\0\0\0\0\0\0\0\0\0\0\0\0\0\0\0\0\0\0\
\0\0\0\0\0\0\0\0\0\0\0\0\0\0\0\0\0\x38\x02\0\0\0\0\0\0\x01\0\0\0\x01\x01\0\0\
\x20\x08\0\0\0\0\0\0\x01\0\0\0\x01\x01\0\0\x78\x08\0\0\0\0\0\0\x01\0\0\0\x01\
\x01\0\0\xd0\x08\0\0\0\0\0\0\x01\0\0\0\x01\x01\0\0\x28\x09\0\0\0\0\0\0\x01\0\0\
\0\x01\x01\0\0\x80\x09\0\0\0\0\0\0\x01\0\0\0\x01\x01\0\0\xd8\x09\0\0\0\0\0\0\
\x01\0\0\0\x01\x01\0\0\x48\0\0\0\0\0\0\0\x01\0\0\0\x08\x01\0\0\x70\0\0\0\0\0\0\
\0\x01\0\0\0\x01\x01\0\0\xb0\0\0\0\0\0\0\0\x0a\0\0\0\x04\x01\0\0\xc8\0\0\0\0\0\
\0\0\x0a\0\0\0\x05\x01\0\0\x10\x01\0\0\0\0\0\0\x01\0\0\0\x01\x01\0\0\x60\x01\0\
\0\0\0\0\0\x01\0\0\0\x08\x01\0\0\x98\x01\0\0\0\0\0\0\x0a\0\0\0\x04\x01\0\0\xb0\
\x01\0\0\0\0\0\0\x0a\0\0\0\x05\x01\0\0\x08\x02\0\0\0\0\0\0\x01\0\0\0\x08\x01\0\
\0\x40\x02\0\0\0\0\0\0\x0a\0\0\0\x04\x01\0\0\x58\x02\0\0\0\0\0\0\x0a\0\0\0\x05\
\x01\0\0\xb0\x02\0\0\0\0\0\0\x01\0\0\0\x09\x01\0\0\x18\x03\0\0\0\0\0\0\x01\0\0\
\0\x01\x01\0\0\x60\x05\0\0\0\0\0\0\x01\0\0\0\x08\x01\0\0\x98\x05\0\0\0\0\0\0\
\x0a\0\0\0\x04\x01\0\0\xb0\x05\0\0\0\0\0\0\x0a\0\0\0\x05\x01\0\0\x70\x06\0\0\0\
\0\0\0\x01\0\0\0\x08\x01\0\0\xa8\x06\0\0\0\0\0\0\x0a\0\0\0\x04\x01\0\0\xc0\x06\
\0\0\0\0\0\0\x0a\0\0\0\x05\x01\0\0\x70\x07\0\0\0\0\0\0\x01\0\0\0\x08\x01\0\0\
\xa8\x07\0\0\0\0\0\0\x0a\0\0\0\x04\x01\0\0\xc0\x07\0\0\0\0\0\0\x0a\0\0\0\x05\
\x01\0\0\x70\x08\0\0\0\0\0\0\x01\0\0\0\x08\x01\0\0\xa8\x08\0\0\0\0\0\0\x0a\0\0\
\0\x04\x01\0\0\xc0\x08\0\0\0\0\0\0\x0a\0\0\0\x05\x01\0\0\x68\x09\0\0\0\0\0\0\
\x01\0\0\0\x09\x01\0\0\x98\x09\0\0\0\0\0\0\x01\0\0\0\x01\x01\0\0\xb8\x09\0\0\0\
\0\0\0\x01\0\0\0\x01\x01\0\0\xd0\x09\0\0\0\0\0\0\x01\0\0\0\x01\x01\0\0\x08\x0a\
\0\0\0\0\0\0\x01\0\0\0\x01\x01\0\0\x28\x0a\0\0\0\0\0\0\x01\0\0\0\x01\x01\0\0\
\x48\x0a\0\0\0\0\0\0\x01\0\0\0\x01\x01\0\0\x68\x0a\0\0\0\0\0\0\x01\0\0\0\x01\
\x01\0\0\xa0\x0a\0\0\0\0\0\0\x01\0\0\0\x01\x01\0\0\x08\x0b\0\0\0\0\0\0\x01\0\0\
\0\x08\x01\0\0\x30\x0b\0\0\0\0\0\0\x01\0\0\0\x01\x01\0\0\x70\x0b\0\0\0\0\0\0\
\x0a\0\0\0\x04\x01\0\0\x88\x0b\0\0\0\0\0\0\x0a\0\0\0\x05\x01\0\0\xd0\x0b\0\0\0\
\0\0\0\x01\0\0\0\x01\x01\0\0\x20\x0c\0\0\0\0\0\0\x01\0\0\0\x08\x01\0\0\x58\x0c\
\0\0\0\0\0\0\x0a\0\0\0\x04\x01\0\0\x70\x0c\0\0\0\0\0\0\x0a\0\0\0\x05\x01\0\0\
\xb0\x0c\0\0\0\0\0\0\x01\0\0\0\x01\x01\0\0\xf8\x0c\0\0\0\0\0\0\x01\0\0\0\x08\
\x01\0\0\x30\x0d\0\0\0\0\0\0\x0a\0\0\0\x04\x01\0\0\x48\x0d\0\0\0\0\0\0\x0a\0\0\
\0\x05\x01\0\0\xa0\x0d\0\0\0\0\0\0\x01\0\0\0\x01\x01\0\0\xd0\x0d\0\0\0\0\0\0\
\x01\0\0\0\x09\x01\0\0\x40\x0e\0\0\0\0\0\0\x01\0\0\0\x08\x01\0\0\x78\x0e\0\0\0\
\0\0\0\x0a\0\0\0\x04\x01\0\0\x90\x0e\0\0\0\0\0\0\x0a\0\0\0\x05\x01\0\0\xf8\x0e\
\0\0\0\0\0\0\x01\0\0\0\x08\x01\0\0\x30\x0f\0\0\0\0\0\0\x0a\0\0\0\x04\x01\0\0\
\x48\x0f\0\0\0\0\0\0\x0a\0\0\0\x05\x01\0\0\xb8\x0f\0\0\0\0\0\0\x01\0\0\0\x0b\
\x01\0\0\xe8\x0f\0\0\0\0\0\0\x01\0\0\0\x01\x01\0\0\x10\x10\0\0\0\0\0\0\x01\0\0\
\0\x01\x01\0\0\x40\x10\0\0\0\0\0\0\x01\0\0\0\x01\x01\0\0\x60\x10\0\0\0\0\0\0\
\x01\0\0\0\x01\x01\0\0\x98\x10\0\0\0\0\0\0\x01\0\0\0\x01\x01\0\0\xf8\x10\0\0\0\
\0\0\0\x01\0\0\0\x08\x01\0\0\x30\x11\0\0\0\0\0\0\x0a\0\0\0\x04\x01\0\0\x48\x11\
\0\0\0\0\0\0\x0a\0\0\0\x05\x01\0\0\x88\x11\0\0\0\0\0\0\x01\0\0\0\x01\x01\0\0\
\xd0\x11\0\0\0\0\0\0\x01\0\0\0\x08\x01\0\0\x08\x12\0\0\0\0\0\0\x0a\0\0\0\x04\
\x01\0\0\x20\x12\0\0\0\0\0\0\x0a\0\0\0\x05\x01\0\0\x78\x12\0\0\0\0\0\0\x01\0\0\
\0\x01\x01\0\0\xa8\x12\0\0\0\0\0\0\x01\0\0\0\x09\x01\0\0\xf0\x12\0\0\0\0\0\0\
\x01\0\0\0\x01\x01\0\0\x28\x13\0\0\0\0\0\0\x01\0\0\0\x01\x01\0\0\x60\x13\0\0\0\
\0\0\0\x01\0\0\0\x01\x01\0\0\xc0\x13\0\0\0\0\0\0\x01\0\0\0\x08\x01\0\0\xf8\x13\
\0\0\0\0\0\0\x0a\0\0\0\x04\x01\0\0\x10\x14\0\0\0\0\0\0\x0a\0\0\0\x05\x01\0\0\
\x50\x14\0\0\0\0\0\0\x01\0\0\0\x01\x01\0\0\x98\x14\0\0\0\0\0\0\x01\0\0\0\x08\
\x01\0\0\xd0\x14\0\0\0\0\0\0\x0a\0\0\0\x04\x01\0\0\xe8\x14\0\0\0\0\0\0\x0a\0\0\
\0\x05\x01\0\0\x40\x15\0\0\0\0\0\0\x01\0\0\0\x09\x01\0\0\x70\x15\0\0\0\0\0\0\
\x01\0\0\0\x01\x01\0\0\xe0\x15\0\0\0\0\0\0\x01\0\0\0\x0b\x01\0\0\x10\x16\0\0\0\
\0\0\0\x01\0\0\0\x01\x01\0\0\x48\x16\0\0\0\0\0\0\x01\0\0\0\x01\x01\0\0\x78\x16\
\0\0\0\0\0\0\x01\0\0\0\x01\x01\0\0\xb8\x16\0\0\0\0\0\0\x01\0\0\0\x0b\x01\0\0\
\xe0\x16\0\0\0\0\0\0\x01\0\0\0\x09\x01\0\0\x30\x17\0\0\0\0\0\0\x01\0\0\0\x01\
\x01\0\0\x68\x17\0\0\0\0\0\0\x01\0\0\0\x01\x01\0\0\x98\x17\0\0\0\0\0\0\x01\0\0\
\0\x01\x01\0\0\xd8\x17\0\0\0\0\0\0\x01\0\0\0\x0b\x01\0\0\0\x18\0\0\0\0\0\0\x01\
\0\0\0\x09\x01\0\0\x50\x18\0\0\0\0\0\0\x01\0\0\0\x01\x01\0\0\x88\x18\0\0\0\0\0\
\0\x01\0\0\0\x01\x01\0\0\xc0\x18\0\0\0\0\0\0\x01\0\0\0\x01\x01\0\0\0\x19\0\0\0\
\0\0\0\x01\0\0\0\x0b\x01\0\0\x28\x19\0\0\0\0\0\0\x01\0\0\0\x09\x01\0\0\x78\x19\
\0\0\0\0\0\0\x01\0\0\0\x0b\x01\0\0\xb0\x19\0\0\0\0\0\0\x01\0\0\0\x08\x01\0\0\
\xe8\x19\0\0\0\0\0\0\x0a\0\0\0\x04\x01\0\0\0\x1a\0\0\0\0\0\0\x0a\0\0\0\x05\x01\
\0\0\x68\x1a\0\0\0\0\0\0\x01\0\0\0\x08\x01\0\0\xa0\x1a\0\0\0\0\0\0\x0a\0\0\0\
\x04\x01\0\0\xb8\x1a\0\0\0\0\0\0\x0a\0\0\0\x05\x01\0\0\x38\x1b\0\0\0\0\0\0\x01\
\0\0\0\x11\x01\0\0\x70\x1b\0\0\0\0\0\0\x01\0\0\0\x01\x01\0\0\xa8\x1b\0\0\0\0\0\
\0\x01\0\0\0\x01\x01\0\0\xe0\x1b\0\0\0\0\0\0\x01\0\0\0\x01\x01\0\0\x20\x1c\0\0\
\0\0\0\0\x01\0\0\0\x08\x01\0\0\x58\x1c\0\0\0\0\0\0\x0a\0\0\0\x04\x01\0\0\x70\
\x1c\0\0\0\0\0\0\x0a\0\0\0\x05\x01\0\0\xd8\x1c\0\0\0\0\0\0\x01\0\0\0\x08\x01\0\
\0\x10\x1d\0\0\0\0\0\0\x0a\0\0\0\x04\x01\0\0\x28\x1d\0\0\0\0\0\0\x0a\0\0\0\x05\
\x01\0\0\xa8\x1d\0\0\0\0\0\0\x01\0\0\0\x11\x01\0\0\xe8\x1d\0\0\0\0\0\0\x01\0\0\
\0\x01\x01\0\0\x40\x1e\0\0\0\0\0\0\x01\0\0\0\x08\x01\0\0\x78\x1e\0\0\0\0\0\0\
\x0a\0\0\0\x04\x01\0\0\x90\x1e\0\0\0\0\0\0\x0a\0\0\0\x05\x01\0\0\xd0\x1e\0\0\0\
\0\0\0\x01\0\0\0\x09\x01\0\0\x28\x1f\0\0\0\0\0\0\x01\0\0\0\x08\x01\0\0\x60\x1f\
\0\0\0\0\0\0\x0a\0\0\0\x04\x01\0\0\xb0\x1f\0\0\0\0\0\0\x01\0\0\0\x01\x01\0\0\
\x08\x20\0\0\0\0\0\0\x01\0\0\0\x01\x01\0\0\x40\x20\0\0\0\0\0\0\x01\0\0\0\x11\
\x01\0\0\x88\x20\0\0\0\0\0\0\x0a\0\0\0\x05\x01\0\0\0\x21\0\0\0\0\0\0\x01\0\0\0\
\x01\x01\0\0\x40\x21\0\0\0\0\0\0\x01\0\0\0\x01\x01\0\0\x70\x21\0\0\0\0\0\0\x01\
\0\0\0\x01\x01\0\0\xd0\x21\0\0\0\0\0\0\x01\0\0\0\x08\x01\0\0\x08\x22\0\0\0\0\0\
\0\x0a\0\0\0\x04\x01\0\0\x20\x22\0\0\0\0\0\0\x0a\0\0\0\x05\x01\0\0\x60\x22\0\0\
\0\0\0\0\x01\0\0\0\x01\x01\0\0\xa8\x22\0\0\0\0\0\0\x01\0\0\0\x08\x01\0\0\xe0\
\x22\0\0\0\0\0\0\x0a\0\0\0\x04\x01\0\0\xf8\x22\0\0\0\0\0\0\x0a\0\0\0\x05\x01\0\
\0\x50\x23\0\0\0\0\0\0\x01\0\0\0\x09\x01\0\0\xa8\x23\0\0\0\0\0\0\x01\0\0\0\x14\
\x01\0\0\x20\x27\0\0\0\0\0\0\x01\0\0\0\x01\x01\0\0\x58\x27\0\0\0\0\0\0\x01\0\0\
\0\x01\x01\0\0\x88\x27\0\0\0\0\0\0\x01\0\0\0\x09\x01\0\0\xb8\x27\0\0\0\0\0\0\
\x01\0\0\0\x01\x01\0\0\x90\x29\0\0\0\0\0\0\x01\0\0\0\x08\x01\0\0\xc8\x29\0\0\0\
\0\0\0\x0a\0\0\0\x04\x01\0\0\xe0\x29\0\0\0\0\0\0\x0a\0\0\0\x05\x01\0\0\x20\x2a\
\0\0\0\0\0\0\x01\0\0\0\x01\x01\0\0\x68\x2a\0\0\0\0\0\0\x01\0\0\0\x08\x01\0\0\
\xa0\x2a\0\0\0\0\0\0\x0a\0\0\0\x04\x01\0\0\xb8\x2a\0\0\0\0\0\0\x0a\0\0\0\x05\
\x01\0\0\x58\x2b\0\0\0\0\0\0\x01\0\0\0\x08\x01\0\0\x90\x2b\0\0\0\0\0\0\x0a\0\0\
\0\x04\x01\0\0\xa8\x2b\0\0\0\0\0\0\x0a\0\0\0\x05\x01\0\0\x60\x2c\0\0\0\0\0\0\
\x01\0\0\0\x08\x01\0\0\x98\x2c\0\0\0\0\0\0\x0a\0\0\0\x04\x01\0\0\xb0\x2c\0\0\0\
\0\0\0\x0a\0\0\0\x05\x01\0\0\xf8\x2c\0\0\0\0\0\0\x01\0\0\0\x01\x01\0\0\x30\x2d\
\0\0\0\0\0\0\x01\0\0\0\x01\x01\0\0\x50\x2d\0\0\0\0\0\0\x01\0\0\0\x14\x01\0\0\
\xc8\x30\0\0\0\0\0\0\x01\0\0\0\x01\x01\0\0\xe8\x30\0\0\0\0\0\0\x01\0\0\0\x01\
\x01\0\0\x08\x31\0\0\0\0\0\0\x01\0\0\0\x01\x01\0\0\x40\x31\0\0\0\0\0\0\x01\0\0\
\0\x01\x01\0\0\xa0\x31\0\0\0\0\0\0\x01\0\0\0\x08\x01\0\0\xd8\x31\0\0\0\0\0\0\
\x0a\0\0\0\x04\x01\0\0\xf0\x31\0\0\0\0\0\0\x0a\0\0\0\x05\x01\0\0\x30\x32\0\0\0\
\0\0\0\x01\0\0\0\x01\x01\0\0\x78\x32\0\0\0\0\0\0\x01\0\0\0\x08\x01\0\0\xb0\x32\
\0\0\0\0\0\0\x0a\0\0\0\x04\x01\0\0\xc8\x32\0\0\0\0\0\0\x0a\0\0\0\x05\x01\0\0\
\x20\x33\0\0\0\0\0\0\x01\0\0\0\x09\x01\0\0\x70\x33\0\0\0\0\0\0\x01\0\0\0\x08\
\x01\0\0\xa8\x33\0\0\0\0\0\0\x0a\0\0\0\x04\x01\0\0\xc0\x33\0\0\0\0\0\0\x0a\0\0\
\0\x05\x01\0\0\x40\x34\0\0\0\0\0\0\x01\0\0\0\x01\x01\0\0\x68\x34\0\0\0\0\0\0\
\x01\0\0\0\x01\x01\0\0\x98\x34\0\0\0\0\0\0\x01\0\0\0\x01\x01\0\0\xd0\x34\0\0\0\
\0\0\0\x01\0\0\0\x01\x01\0\0\x30\x35\0\0\0\0\0\0\x01\0\0\0\x08\x01\0\0\x68\x35\
\0\0\0\0\0\0\x0a\0\0\0\x04\x01\0\0\x80\x35\0\0\0\0\0\0\x0a\0\0\0\x05\x01\0\0\
\xc0\x35\0\0\0\0\0\0\x01\0\0\0\x01\x01\0\0\x08\x36\0\0\0\0\0\0\x01\0\0\0\x08\
\x01\0\0\x40\x36\0\0\0\0\0\0\x0a\0\0\0\x04\x01\0\0\x58\x36\0\0\0\0\0\0\x0a\0\0\
\0\x05\x01\0\0\xe0\x36\0\0\0\0\0\0\x01\0\0\0\x08\x01\0\0\x18\x37\0\0\0\0\0\0\
\x0a\0\0\0\x04\x01\0\0\x30\x37\0\0\0\0\0\0\x0a\0\0\0\x05\x01\0\0\x70\x37\0\0\0\
\0\0\0\x01\0\0\0\x09\x01\0\0\xd0\x37\0\0\0\0\0\0\x01\0\0\0\x01\x01\0\0\xf0\x37\
\0\0\0\0\0\0\x01\0\0\0\x01\x01\0\0\x30\x38\0\0\0\0\0\0\x01\0\0\0\x01\x01\0\0\
\x88\x38\0\0\0\0\0\0\x01\0\0\0\x01\x01\0\0\xc0\x38\0\0\0\0\0\0\x01\0\0\0\x01\
\x01\0\0\x30\x39\0\0\0\0\0\0\x01\0\0\0\x08\x01\0\0\x68\x39\0\0\0\0\0\0\x0a\0\0\
\0\x04\x01\0\0\x80\x39\0\0\0\0\0\0\x0a\0\0\0\x05\x01\0\0\xc0\x39\0\0\0\0\0\0\
\x01\0\0\0\x01\x01\0\0\x08\x3a\0\0\0\0\0\0\x01\0\0\0\x08\x01\0\0\x40\x3a\0\0\0\
\0\0\0\x0a\0\0\0\x04\x01\0\0\x58\x3a\0\0\0\0\0\0\x0a\0\0\0\x05\x01\0\0\xb0\x3a\
\0\0\0\0\0\0\x01\0\0\0\x09\x01\0\0\0\x3b\0\0\0\0\0\0\x01\0\0\0\x08\x01\0\0\x38\
\x3b\0\0\0\0\0\0\x0a\0\0\0\x04\x01\0\0\x50\x3b\0\0\0\0\0\0\x0a\0\0\0\x05\x01\0\
\0\xc0\x3b\0\0\0\0\0\0\x01\0\0\0\x08\x01\0\0\xf8\x3b\0\0\0\0\0\0\x0a\0\0\0\x04\
\x01\0\0\x10\x3c\0\0\0\0\0\0\x0a\0\0\0\x05\x01\0\0\xb8\x3c\0\0\0\0\0\0\x01\0\0\
\0\x01\x01\0\0\xf0\x3c\0\0\0\0\0\0\x01\0\0\0\x01\x01\0\0\x40\x3d\0\0\0\0\0\0\
\x01\0\0\0\x08\x01\0\0\x78\x3d\0\0\0\0\0\0\x0a\0\0\0\x04\x01\0\0\x90\x3d\0\0\0\
\0\0\0\x0a\0\0\0\x05\x01\0\0\xd8\x3d\0\0\0\0\0\0\x01\0\0\0\x14\x01\0\0\x58\x3e\
\0\0\0\0\0\0\x01\0\0\0\x01\x01\0\0\xb8\x3e\0\0\0\0\0\0\x01\0\0\0\x08\x01\0\0\
\xf0\x3e\0\0\0\0\0\0\x0a\0\0\0\x04\x01\0\0\x08\x3f\0\0\0\0\0\0\x0a\0\0\0\x05\
\x01\0\0\x48\x3f\0\0\0\0\0\0\x01\0\0\0\x01\x01\0\0\x90\x3f\0\0\0\0\0\0\x01\0\0\
\0\x08\x01\0\0\xc8\x3f\0\0\0\0\0\0\x0a\0\0\0\x04\x01\0\0\xe0\x3f\0\0\0\0\0\0\
\x0a\0\0\0\x05\x01\0\0\x38\x40\0\0\0\0\0\0\x01\0\0\0\x09\x01\0\0\x88\x40\0\0\0\
\0\0\0\x01\0\0\0\x08\x01\0\0\xc0\x40\0\0\0\0\0\0\x0a\0\0\0\x04\x01\0\0\xd8\x40\
\0\0\0\0\0\0\x0a\0\0\0\x05\x01\0\0\x28\x41\0\0\0\0\0\0\x01\0\0\0\x14\x01\0\0\
\xa0\x44\0\0\0\0\0\0\x01\0\0\0\x09\x01\0\0\xc8\x44\0\0\0\0\0\0\x01\0\0\0\x01\
\x01\0\0\xe8\x44\0\0\0\0\0\0\x01\0\0\0\x01\x01\0\0\x20\x45\0\0\0\0\0\0\x01\0\0\
\0\x01\x01\0\0\x80\x45\0\0\0\0\0\0\x01\0\0\0\x08\x01\0\0\xb8\x45\0\0\0\0\0\0\
\x0a\0\0\0\x04\x01\0\0\xd0\x45\0\0\0\0\0\0\x0a\0\0\0\x05\x01\0\0\x10\x46\0\0\0\
\0\0\0\x01\0\0\0\x01\x01\0\0\x58\x46\0\0\0\0\0\0\x01\0\0\0\x08\x01\0\0\x90\x46\
\0\0\0\0\0\0\x0a\0\0\0\x04\x01\0\0\xa8\x46\0\0\0\0\0\0\x0a\0\0\0\x05\x01\0\0\0\
\x47\0\0\0\0\0\0\x01\0\0\0\x09\x01\0\0\x30\x47\0\0\0\0\0\0\x01\0\0\0\x09\x01\0\
\0\x58\x47\0\0\0\0\0\0\x01\0\0\0\x01\x01\0\0\x90\x47\0\0\0\0\0\0\x01\0\0\0\x01\
\x01\0\0\xd0\x47\0\0\0\0\0\0\x01\0\0\0\x0b\x01\0\0\xf8\x47\0\0\0\0\0\0\x01\0\0\
\0\x09\x01\0\0\x30\x48\0\0\0\0\0\0\x01\0\0\0\x0b\x01\0\0\x68\x48\0\0\0\0\0\0\
\x01\0\0\0\x08\x01\0\0\xa0\x48\0\0\0\0\0\0\x0a\0\0\0\x04\x01\0\0\xb8\x48\0\0\0\
\0\0\0\x0a\0\0\0\x05\x01\0\0\x20\x49\0\0\0\0\0\0\x01\0\0\0\x08\x01\0\0\x58\x49\
\0\0\0\0\0\0\x0a\0\0\0\x04\x01\0\0\x70\x49\0\0\0\0\0\0\x0a\0\0\0\x05\x01\0\0\
\xf0\x49\0\0\0\0\0\0\x01\0\0\0\x11\x01\0\0\x28\x4a\0\0\0\0\0\0\x01\0\0\0\x01\
\x01\0\0\x60\x4a\0\0\0\0\0\0\x01\0\0\0\x01\x01\0\0\x98\x4a\0\0\0\0\0\0\x01\0\0\
\0\x01\x01\0\0\xf8\x4a\0\0\0\0\0\0\x01\0\0\0\x08\x01\0\0\x30\x4b\0\0\0\0\0\0\
\x0a\0\0\0\x04\x01\0\0\x48\x4b\0\0\0\0\0\0\x0a\0\0\0\x05\x01\0\0\x88\x4b\0\0\0\
\0\0\0\x01\0\0\0\x01\x01\0\0\xd0\x4b\0\0\0\0\0\0\x01\0\0\0\x08\x01\0\0\x08\x4c\
\0\0\0\0\0\0\x0a\0\0\0\x04\x01\0\0\x20\x4c\0\0\0\0\0\0\x0a\0\0\0\x05\x01\0\0\
\x78\x4c\0\0\0\0\0\0\x01\0\0\0\x09\x01\0\0\xc8\x4c\0\0\0\0\0\0\x01\0\0\0\x08\
\x01\0\0\0\x4d\0\0\0\0\0\0\x0a\0\0\0\x04\x01\0\0\x18\x4d\0\0\0\0\0\0\x0a\0\0\0\
\x05\x01\0\0\x68\x4d\0\0\0\0\0\0\x01\0\0\0\x14\x01\0\0\xe0\x50\0\0\0\0\0\0\x01\
\0\0\0\x09\x01\0\0\x08\x51\0\0\0\0\0\0\x01\0\0\0\x01\x01\0\0\x30\x51\0\0\0\0\0\
\0\x01\0\0\0\x01\x01\0\0\x60\x51\0\0\0\0\0\0\x01\0\0\0\x01\x01\0\0\x98\x51\0\0\
\0\0\0\0\x01\0\0\0\x01\x01\0\0\xd0\x51\0\0\0\0\0\0\x01\0\0\0\x01\x01\0\0\x40\
\x52\0\0\0\0\0\0\x01\0\0\0\x08\x01\0\0\x78\x52\0\0\0\0\0\0\x0a\0\0\0\x04\x01\0\
\0\x90\x52\0\0\0\0\0\0\x0a\0\0\0\x05\x01\0\0\xd0\x52\0\0\0\0\0\0\x01\0\0\0\x01\
\x01\0\0\x18\x53\0\0\0\0\0\0\x01\0\0\0\x08\x01\0\0\x50\x53\0\0\0\0\0\0\x0a\0\0\
\0\x04\x01\0\0\x68\x53\0\0\0\0\0\0\x0a\0\0\0\x05\x01\0\0\xc0\x53\0\0\0\0\0\0\
\x01\0\0\0\x09\x01\0\0\x60\x54\0\0\0\0\0\0\x01\0\0\0\x01\x01\0\0\x98\x54\0\0\0\
\0\0\0\x01\0\0\0\x01\x01\0\0\xe8\x54\0\0\0\0\0\0\x01\0\0\0\x08\x01\0\0\x20\x55\
\0\0\0\0\0\0\x0a\0\0\0\x04\x01\0\0\x38\x55\0\0\0\0\0\0\x0a\0\0\0\x05\x01\0\0\
\x80\x55\0\0\0\0\0\0\x01\0\0\0\x14\x01\0\0\x9f\xeb\x01\0\x18\0\0\0\0\0\0\0\x1c\
\x17\0\0\x1c\x17\0\0\x35\x4e\0\0\0\0\0\0\0\0\0\x02\x03\0\0\0\x01\0\0\0\0\0\0\
\x01\x04\0\0\0\x20\0\0\x01\0\0\0\0\0\0\0\x03\0\0\0\0\x02\0\0\0\x04\0\0\0\x01\0\
\0\0\x05\0\0\0\0\0\0\x01\x04\0\0\0\x20\0\0\0\0\0\0\0\0\0\0\x02\x02\0\0\0\0\0\0\
\0\0\0\0\x02\x07\0\0\0\x19\0\0\0\x03\0\0\x04\x60\0\0\0\x22\0\0\0\x08\0\0\0\0\0\
\0\0\x29\0\0\0\x0c\0\0\0\x60\0\0\0\x30\0\0\0\x02\0\0\0\xe0\x02\0\0\x35\0\0\0\0\
\0\0\x08\x09\0\0\0\x35\0\0\0\x03\0\0\x04\x0c\0\0\0\x41\0\0\0\x02\0\0\0\0\0\0\0\
\x45\0\0\0\x02\0\0\0\x20\0\0\0\x4c\0\0\0\x0a\0\0\0\x40\0\0\0\x52\0\0\0\0\0\0\
\x01\x01\0\0\0\x08\0\0\x04\x58\0\0\0\x02\0\0\x04\x08\0\0\0\x45\0\0\0\x02\0\0\0\
\0\0\0\0\x5e\0\0\0\x0a\0\0\0\x20\0\0\0\0\0\0\0\0\0\0\x03\0\0\0\0\x0b\0\0\0\x04\
\0\0\0\x0a\0\0\0\0\0\0\0\0\0\0\x02\x0e\0\0\0\0\0\0\0\0\0\0\x03\0\0\0\0\x02\0\0\
\0\x04\0\0\0\0\x20\0\0\0\0\0\0\x04\0\0\x04\x20\0\0\0\x66\0\0\0\x01\0\0\0\0\0\0\
\0\x6b\0\0\0\x05\0\0\0\x40\0\0\0\x6f\0\0\0\x06\0\0\0\x80\0\0\0\x75\0\0\0\x0d\0\
\0\0\xc0\0\0\0\x81\0\0\0\0\0\0\x0e\x0f\0\0\0\x01\0\0\0\0\0\0\0\0\0\0\x02\x12\0\
\0\0\x89\0\0\0\x03\0\0\x04\x18\0\0\0\x8e\0\0\0\x13\0\0\0\0\0\0\0\x92\0\0\0\x15\
\0\0\0\x40\0\0\0\x98\0\0\0\x15\0\0\0\x80\0\0\0\x9c\0\0\0\0\0\0\x08\x14\0\0\0\
\xa2\0\0\0\0\0\0\x01\x04\0\0\0\x20\0\0\0\xaf\0\0\0\0\0\0\x08\x16\0\0\0\xb5\0\0\
\0\0\0\0\x01\x08\0\0\0\x40\0\0\0\0\0\0\0\0\0\0\x02\x18\0\0\0\xc8\0\0\0\x1b\0\0\
\x04\x90\x01\0\0\x8e\0\0\0\x13\0\0\0\0\0\0\0\x92\0\0\0\x16\0\0\0\x40\0\0\0\x98\
\0\0\0\x16\0\0\0\x80\0\0\0\xcd\0\0\0\x19\0\0\0\xc0\0\0\0\xd5\0\0\0\x16\0\0\0\0\
\x01\0\0\xe0\0\0\0\x16\0\0\0\x40\x01\0\0\xef\0\0\0\x16\0\0\0\x80\x01\0\0\x03\
\x01\0\0\x16\0\0\0\xc0\x01\0\0\x12\x01\0\0\x16\0\0\0\0\x02\0\0\x20\x01\0\0\x16\
\0\0\0\x40\x02\0\0\x2e\x01\0\0\x16\0\0\0\x80\x02\0\0\x40\x01\0\0\x16\0\0\0\xc0\
\x02\0\0\x59\x01\0\0\x16\0\0\0\0\x03\0\0\x71\x01\0\0\x16\0\0\0\x40\x03\0\0\x80\
\x01\0\0\x16\0\0\0\x80\x03\0\0\x92\x01\0\0\x16\0\0\0\xc0\x03\0\0\xa3\x01\0\0\
\x16\0\0\0\0\x04\0\0\xb2\x01\0\0\x16\0\0\0\x40\x04\0\0\xc2\x01\0\0\x16\0\0\0\
\x80\x04\0\0\xd5\x01\0\0\x02\0\0\0\xc0\x04\0\0\xde\x01\0\0\x1b\0\0\0\0\x05\0\0\
\xe1\x01\0\0\x1c\0\0\0\0\x06\0\0\xe4\x01\0\0\x16\0\0\0\x40\x0b\0\0\xf0\x01\0\0\
\x15\0\0\0\x80\x0b\0\0\xf3\x01\0\0\x15\0\0\0\xc0\x0b\0\0\xf6\x01\0\0\x15\0\0\0\
\0\x0c\0\0\xfd\x01\0\0\x13\0\0\0\x40\x0c\0\0\x04\x02\0\0\0\0\0\x08\x1a\0\0\0\
\x0a\x02\0\0\0\0\0\x01\x02\0\0\0\x10\0\0\0\x19\x02\0\0\x05\0\0\x04\x20\0\0\0\
\x24\x02\0\0\x02\0\0\0\0\0\0\0\x2a\x02\0\0\x02\0\0\0\x20\0\0\0\x30\x02\0\0\x15\
\0\0\0\x40\0\0\0\x3b\x02\0\0\x15\0\0\0\x80\0\0\0\x47\x02\0\0\x15\0\0\0\xc0\0\0\
\0\x53\x02\0\0\x02\0\0\x04\xa4\0\0\0\x5e\x02\0\0\x02\0\0\0\0\0\0\0\x62\x02\0\0\
\x1f\0\0\0\x20\0\0\0\x69\x02\0\0\0\0\0\x01\x01\0\0\0\x08\0\0\x01\0\0\0\0\0\0\0\
\x03\0\0\0\0\x1d\0\0\0\x04\0\0\0\x20\0\0\0\0\0\0\0\0\0\0\x03\0\0\0\0\x1e\0\0\0\
\x04\0\0\0\x05\0\0\0\0\0\0\0\x04\0\0\x04\x20\0\0\0\x66\0\0\0\x01\0\0\0\0\0\0\0\
\x6b\0\0\0\x11\0\0\0\x40\0\0\0\x6f\0\0\0\x17\0\0\0\x80\0\0\0\x75\0\0\0\x0d\0\0\
\0\xc0\0\0\0\x6e\x02\0\0\0\0\0\x0e\x20\0\0\0\x01\0\0\0\0\0\0\0\0\0\0\x02\x15\0\
\0\0\0\0\0\0\0\0\0\x02\x24\0\0\0\0\0\0\0\0\0\0\x03\0\0\0\0\x02\0\0\0\x04\0\0\0\
\x80\0\0\0\0\0\0\0\x04\0\0\x04\x20\0\0\0\x66\0\0\0\x01\0\0\0\0\0\0\0\x6b\0\0\0\
\x22\0\0\0\x40\0\0\0\x6f\0\0\0\x11\0\0\0\x80\0\0\0\x75\0\0\0\x23\0\0\0\xc0\0\0\
\0\x72\x02\0\0\0\0\0\x0e\x25\0\0\0\x01\0\0\0\0\0\0\0\0\0\0\x02\x28\0\0\0\x7b\
\x02\0\0\x03\0\0\x04\x10\0\0\0\x8e\0\0\0\x13\0\0\0\0\0\0\0\x81\x02\0\0\x13\0\0\
\0\x20\0\0\0\x87\x02\0\0\x15\0\0\0\x40\0\0\0\0\0\0\0\x04\0\0\x04\x20\0\0\0\x66\
\0\0\0\x01\0\0\0\0\0\0\0\x6b\0\0\0\x27\0\0\0\x40\0\0\0\x6f\0\0\0\x11\0\0\0\x80\
\0\0\0\x75\0\0\0\x23\0\0\0\xc0\0\0\0\x93\x02\0\0\0\0\0\x0e\x29\0\0\0\x01\0\0\0\
\0\0\0\0\0\0\0\x02\x2c\0\0\0\0\0\0\0\0\0\0\x03\0\0\0\0\x02\0\0\0\x04\0\0\0\x1b\
\0\0\0\0\0\0\0\0\0\0\x02\x2e\0\0\0\0\0\0\0\0\0\0\x03\0\0\0\0\x02\0\0\0\x04\0\0\
\0\0\0\x04\0\0\0\0\0\x02\0\0\x04\x10\0\0\0\x66\0\0\0\x2b\0\0\0\0\0\0\0\x75\0\0\
\0\x2d\0\0\0\x40\0\0\0\xf3\x01\0\0\0\0\0\x0e\x2f\0\0\0\x01\0\0\0\0\0\0\0\0\0\0\
\x0d\x13\0\0\0\x9b\x02\0\0\x01\0\0\x0c\x31\0\0\0\xa3\x02\0\0\x01\0\0\x0c\x31\0\
\0\0\0\0\0\0\0\0\0\x0a\x35\0\0\0\0\0\0\0\0\0\0\x02\x36\0\0\0\0\0\0\0\0\0\0\x0a\
\x37\0\0\0\xab\x02\0\0\x15\0\0\x04\xa8\0\0\0\xb3\x02\0\0\x38\0\0\0\0\0\0\0\xb7\
\x02\0\0\x38\0\0\0\x40\0\0\0\xbb\x02\0\0\x38\0\0\0\x80\0\0\0\xbf\x02\0\0\x38\0\
\0\0\xc0\0\0\0\xc3\x02\0\0\x38\0\0\0\0\x01\0\0\xc7\x02\0\0\x38\0\0\0\x40\x01\0\
\0\xcb\x02\0\0\x38\0\0\0\x80\x01\0\0\xcf\x02\0\0\x38\0\0\0\xc0\x01\0\0\xd3\x02\
\0\0\x38\0\0\0\0\x02\0\0\xd6\x02\0\0\x38\0\0\0\x40\x02\0\0\xd9\x02\0\0\x38\0\0\
\0\x80\x02\0\0\xdd\x02\0\0\x38\0\0\0\xc0\x02\0\0\xe1\x02\0\0\x38\0\0\0\0\x03\0\
\0\xe5\x02\0\0\x38\0\0\0\x40\x03\0\0\xe9\x02\0\0\x38\0\0\0\x80\x03\0\0\xed\x02\
\0\0\x38\0\0\0\xc0\x03\0\0\xf6\x02\0\0\x38\0\0\0\0\x04\0\0\xfa\x02\0\0\x38\0\0\
\0\x40\x04\0\0\xfd\x02\0\0\x38\0\0\0\x80\x04\0\0\x04\x03\0\0\x38\0\0\0\xc0\x04\
\0\0\x08\x03\0\0\x38\0\0\0\0\x05\0\0\x0b\x03\0\0\0\0\0\x01\x08\0\0\0\x40\0\0\0\
\0\0\0\0\x02\0\0\x0d\x15\0\0\0\x19\x03\0\0\x34\0\0\0\x41\0\0\0\x02\0\0\0\x1d\
\x03\0\0\x01\0\0\x0c\x39\0\0\0\0\0\0\0\x02\0\0\x0d\x15\0\0\0\x2c\x03\0\0\x15\0\
\0\0\x35\x03\0\0\x06\0\0\0\x38\x03\0\0\x01\0\0\x0c\x3b\0\0\0\0\0\0\0\x01\0\0\
\x0d\x02\0\0\0\x35\x03\0\0\x06\0\0\0\x4e\x03\0\0\x01\0\0\x0c\x3d\0\0\0\0\0\0\0\
\0\0\0\x02\x37\0\0\0\0\0\0\0\x01\0\0\x0d\x02\0\0\0\x19\x03\0\0\x3f\0\0\0\x57\
\x03\0\0\x01\0\0\x0c\x40\0\0\0\x69\x03\0\0\x01\0\0\x0c\x40\0\0\0\x7b\x03\0\0\
\x01\0\0\x0c\x40\0\0\0\x8e\x03\0\0\x01\0\0\x0c\x40\0\0\0\xa8\x03\0\0\x01\0\0\
\x0c\x40\0\0\0\xc2\x03\0\0\x01\0\0\x0c\x40\0\0\0\xd2\x03\0\0\x01\0\0\x0c\x40\0\
\0\0\xe5\x03\0\0\x01\0\0\x0c\x40\0\0\0\xfb\x03\0\0\x01\0\0\x0c\x40\0\0\0\x0f\
\x04\0\0\x01\0\0\x0c\x40\0\0\0\x26\x04\0\0\x01\0\0\x0c\x40\0\0\0\x3c\x04\0\0\
\x01\0\0\x0c\x40\0\0\0\x52\x04\0\0\x01\0\0\x0c\x40\0\0\0\x70\x04\0\0\x01\0\0\
\x0c\x40\0\0\0\x83\x04\0\0\x01\0\0\x0c\x40\0\0\0\x9a\x04\0\0\x01\0\0\x0c\x40\0\
\0\0\xb7\x04\0\0\x01\0\0\x0c\x40\0\0\0\xcc\x04\0\0\x01\0\0\x0c\x40\0\0\0\xe0\
\x04\0\0\x01\0\0\x0c\x40\0\0\0\xf7\x04\0\0\x01\0\0\x0c\x40\0\0\0\0\0\0\0\0\0\0\
\x0a\x1d\0\0\0\0\0\0\0\0\0\0\x03\0\0\0\0\x55\0\0\0\x04\0\0\0\x2f\0\0\0\x0d\x05\
\0\0\0\0\0\x0e\x56\0\0\0\0\0\0\0\0\0\0\0\0\0\0\x03\0\0\0\0\x55\0\0\0\x04\0\0\0\
\x1d\0\0\0\x24\x05\0\0\0\0\0\x0e\x58\0\0\0\0\0\0\0\0\0\0\0\0\0\0\x03\0\0\0\0\
\x55\0\0\0\x04\0\0\0\x1e\0\0\0\x35\x05\0\0\0\0\0\x0e\x5a\0\0\0\0\0\0\0\x48\x05\
\0\0\0\0\0\x0e\x5a\0\0\0\0\0\0\0\x5b\x05\0\0\0\0\0\x0e\x5a\0\0\0\0\0\0\0\x6e\
\x05\0\0\0\0\0\x0e\x5a\0\0\0\0\0\0\0\x81\x05\0\0\0\0\0\x0e\x5a\0\0\0\0\0\0\0\0\
\0\0\0\0\0\0\x03\0\0\0\0\x1d\0\0\0\x04\0\0\0\x0d\0\0\0\x94\x05\0\0\0\0\0\x0e\
\x60\0\0\0\x01\0\0\0\0\0\0\0\0\0\0\x03\0\0\0\0\x55\0\0\0\x04\0\0\0\x2b\0\0\0\
\x9c\x05\0\0\0\0\0\x0e\x62\0\0\0\0\0\0\0\0\0\0\0\0\0\0\x03\0\0\0\0\x55\0\0\0\
\x04\0\0\0\x37\0\0\0\xb6\x05\0\0\0\0\0\x0e\x64\0\0\0\0\0\0\0\xd2\x05\0\0\0\0\0\
\x0e\x62\0\0\0\0\0\0\0\xee\x05\0\0\0\0\0\x0e\x62\0\0\0\0\0\0\0\0\0\0\0\0\0\0\
\x03\0\0\0\0\x55\0\0\0\x04\0\0\0\x64\0\0\0\x0a\x06\0\0\0\0\0\x0e\x68\0\0\0\0\0\
\0\0\0\0\0\0\0\0\0\x03\0\0\0\0\x55\0\0\0\x04\0\0\0\x5f\0\0\0\x26\x06\0\0\0\0\0\
\x0e\x6a\0\0\0\0\0\0\0\x43\x06\0\0\0\0\0\x0e\x62\0\0\0\0\0\0\0\x60\x06\0\0\0\0\
\0\x0e\x62\0\0\0\0\0\0\0\x7d\x06\0\0\0\0\0\x0e\x62\0\0\0\0\0\0\0\x9a\x06\0\0\0\
\0\0\x0e\x62\0\0\0\0\0\0\0\0\0\0\0\0\0\0\x03\0\0\0\0\x55\0\0\0\x04\0\0\0\x20\0\
\0\0\xb7\x06\0\0\0\0\0\x0e\x70\0\0\0\0\0\0\0\xd1\x06\0\0\0\0\0\x0e\x62\0\0\0\0\
\0\0\0\0\0\0\0\0\0\0\x03\0\0\0\0\x55\0\0\0\x04\0\0\0\x3a\0\0\0\xee\x06\0\0\0\0\
\0\x0e\x73\0\0\0\0\0\0\0\x0b\x07\0\0\0\0\0\x0e\x62\0\0\0\0\0\0\0\x28\x07\0\0\0\
\0\0\x0e\x62\0\0\0\0\0\0\0\0\0\0\0\0\0\0\x03\0\0\0\0\x55\0\0\0\x04\0\0\0\x39\0\
\0\0\x45\x07\0\0\0\0\0\x0e\x77\0\0\0\0\0\0\0\0\0\0\0\0\0\0\x03\0\0\0\0\x55\0\0\
\0\x04\0\0\0\x46\0\0\0\x62\x07\0\0\0\0\0\x0e\x79\0\0\0\0\0\0\0\x7f\x07\0\0\0\0\
\0\x0e\x62\0\0\0\0\0\0\0\x9c\x07\0\0\0\0\0\x0e\x62\0\0\0\0\0\0\0\0\0\0\0\0\0\0\
\x03\0\0\0\0\x55\0\0\0\x04\0\0\0\x21\0\0\0\xb9\x07\0\0\0\0\0\x0e\x7d\0\0\0\0\0\
\0\0\0\0\0\0\0\0\0\x03\0\0\0\0\x55\0\0\0\x04\0\0\0\x2c\0\0\0\xd4\x07\0\0\0\0\0\
\x0e\x7f\0\0\0\0\0\0\0\xf2\x07\0\0\0\0\0\x0e\x7f\0\0\0\0\0\0\0\0\0\0\0\0\0\0\
\x03\0\0\0\0\x55\0\0\0\x04\0\0\0\x3b\0\0\0\x10\x08\0\0\0\0\0\x0e\x82\0\0\0\0\0\
\0\0\0\0\0\0\0\0\0\x03\0\0\0\0\x55\0\0\0\x04\0\0\0\x3f\0\0\0\x2e\x08\0\0\0\0\0\
\x0e\x84\0\0\0\0\0\0\0\0\0\0\0\0\0\0\x03\0\0\0\0\x55\0\0\0\x04\0\0\0\x28\0\0\0\
\x4c\x08\0\0\0\0\0\x0e\x86\0\0\0\0\0\0\0\0\0\0\0\0\0\0\x03\0\0\0\0\x55\0\0\0\
\x04\0\0\0\x33\0\0\0\x6e\x08\0\0\0\0\0\x0e\x88\0\0\0\0\0\0\0\x93\x08\0\0\0\0\0\
\x0e\x88\0\0\0\0\0\0\0\0\0\0\0\0\0\0\x03\0\0\0\0\x55\0\0\0\x04\0\0\0\x4a\0\0\0\
\xb8\x08\0\0\0\0\0\x0e\x8b\0\0\0\0\0\0\0\xdd\x08\0\0\0\0\0\x0e\x79\0\0\0\0\0\0\
\0\x02\x09\0\0\0\0\0\x0e\x86\0\0\0\0\0\0\0\0\0\0\0\0\0\0\x03\0\0\0\0\x55\0\0\0\
\x04\0\0\0\x48\0\0\0\x24\x09\0\0\0\0\0\x0e\x8f\0\0\0\0\0\0\0\x49\x09\0\0\0\0\0\
\x0e\x64\0\0\0\0\0\0\0\x6e\x09\0\0\0\0\0\x0e\x5a\0\0\0\0\0\0\0\x86\x09\0\0\0\0\
\0\x0e\x84\0\0\0\0\0\0\0\0\0\0\0\0\0\0\x03\0\0\0\0\x55\0\0\0\x04\0\0\0\x2d\0\0\
\0\xa1\x09\0\0\0\0\0\x0e\x94\0\0\0\0\0\0\0\xbc\x09\0\0\0\0\0\x0e\x7d\0\0\0\0\0\
\0\0\0\0\0\0\0\0\0\x03\0\0\0\0\x55\0\0\0\x04\0\0\0\x42\0\0\0\xd7\x09\0\0\0\0\0\
\x0e\x97\0\0\0\0\0\0\0\0\0\0\0\0\0\0\x03\0\0\0\0\x55\0\0\0\x04\0\0\0\x30\0\0\0\
\xf5\x09\0\0\0\0\0\x0e\x99\0\0\0\0\0\0\0\0\0\0\0\0\0\0\x03\0\0\0\0\x55\0\0\0\
\x04\0\0\0\x24\0\0\0\x13\x0a\0\0\0\0\0\x0e\x9b\0\0\0\0\0\0\0\x31\x0a\0\0\0\0\0\
\x0e\x77\0\0\0\0\0\0\0\x52\x0a\0\0\0\0\0\x0e\x97\0\0\0\0\0\0\0\0\0\0\0\0\0\0\
\x03\0\0\0\0\x55\0\0\0\x04\0\0\0\x40\0\0\0\x73\x0a\0\0\0\0\0\x0e\x9f\0\0\0\0\0\
\0\0\0\0\0\0\0\0\0\x03\0\0\0\0\x55\0\0\0\x04\0\0\0\x41\0\0\0\x94\x0a\0\0\0\0\0\
\x0e\xa1\0\0\0\0\0\0\0\0\0\0\0\0\0\0\x03\0\0\0\0\x55\0\0\0\x04\0\0\0\x44\0\0\0\
\xb5\x0a\0\0\0\0\0\x0e\xa3\0\0\0\0\0\0\0\0\0\0\0\0\0\0\x03\0\0\0\0\x55\0\0\0\
\x04\0\0\0\x22\0\0\0\xd6\x0a\0\0\0\0\0\x0e\xa5\0\0\0\0\0\0\0\xf2\x0a\0\0\0\0\0\
\x0e\x94\0\0\0\0\0\0\0\x11\x0b\0\0\0\0\0\x0e\x94\0\0\0\0\0\0\0\x30\x0b\0\0\0\0\
\0\x0e\x9f\0\0\0\0\0\0\0\0\0\0\0\0\0\0\x03\0\0\0\0\x55\0\0\0\x04\0\0\0\x25\0\0\
\0\x4f\x0b\0\0\0\0\0\x0e\xaa\0\0\0\0\0\0\0\x6e\x0b\0\0\0\0\0\x0e\x99\0\0\0\0\0\
\0\0\x90\x0b\0\0\0\0\0\x0e\x99\0\0\0\0\0\0\0\xb2\x0b\0\0\0\0\0\x0e\x99\0\0\0\0\
\0\0\0\xd4\x0b\0\0\0\0\0\x0e\x99\0\0\0\0\0\0\0\xf6\x0b\0\0\0\0\0\x0e\x64\0\0\0\
\0\0\0\0\x18\x0c\0\0\0\0\0\x0e\xa5\0\0\0\0\0\0\0\x3a\x0c\0\0\0\0\0\x0e\x9b\0\0\
\0\0\0\0\0\x58\x0c\0\0\0\0\0\x0e\x56\0\0\0\0\0\0\0\x79\x0c\0\0\0\0\0\x0e\x56\0\
\0\0\0\0\0\0\0\0\0\0\0\0\0\x03\0\0\0\0\x55\0\0\0\x04\0\0\0\x3d\0\0\0\x9a\x0c\0\
\0\0\0\0\x0e\xb5\0\0\0\0\0\0\0\xbb\x0c\0\0\0\0\0\x0e\x56\0\0\0\0\0\0\0\xdc\x0c\
\0\0\0\0\0\x0e\x9b\0\0\0\0\0\0\0\xfa\x0c\0\0\0\0\0\x0e\x56\0\0\0\0\0\0\0\x1b\
\x0d\0\0\0\0\0\x0e\x56\0\0\0\0\0\0\0\x3c\x0d\0\0\0\0\0\x0e\x56\0\0\0\0\0\0\0\
\x5d\x0d\0\0\0\0\0\x0e\xa3\0\0\0\0\0\0\0\x7e\x0d\0\0\0\0\0\x0e\xaa\0\0\0\0\0\0\
\0\0\0\0\0\0\0\0\x03\0\0\0\0\x55\0\0\0\x04\0\0\0\x0c\0\0\0\xa4\x0d\0\0\0\0\0\
\x0e\xbe\0\0\0\0\0\0\0\xcd\x0d\0\0\0\0\0\x0e\x64\0\0\0\0\0\0\0\xf6\x0d\0\0\0\0\
\0\x0e\x64\0\0\0\0\0\0\0\0\0\0\0\0\0\0\x03\0\0\0\0\x55\0\0\0\x04\0\0\0\x1a\0\0\
\0\x1f\x0e\0\0\0\0\0\x0e\xc2\0\0\0\0\0\0\0\x3a\x0e\0\0\0\0\0\x0e\x5a\0\0\0\0\0\
\0\0\x59\x0e\0\0\0\0\0\x0e\x99\0\0\0\0\0\0\0\x7b\x0e\0\0\0\0\0\x0e\x56\0\0\0\0\
\0\0\0\x9d\x0e\0\0\0\0\0\x0e\x56\0\0\0\0\0\0\0\xbf\x0e\0\0\0\0\0\x0e\x62\0\0\0\
\0\0\0\0\xe4\x0e\0\0\0\0\0\x0e\x88\0\0\0\0\0\0\0\x0c\x0f\0\0\0\0\0\x0e\x88\0\0\
\0\0\0\0\0\x34\x0f\0\0\0\0\0\x0e\x58\0\0\0\0\0\0\0\x51\x0f\0\0\0\0\0\x0e\xb5\0\
\0\0\0\0\0\0\x71\x0f\0\0\0\0\0\x0e\x62\0\0\0\0\0\0\0\0\0\0\0\0\0\0\x03\0\0\0\0\
\x55\0\0\0\x04\0\0\0\x1b\0\0\0\x91\x0f\0\0\0\0\0\x0e\xce\0\0\0\0\0\0\0\0\0\0\0\
\0\0\0\x03\0\0\0\0\x55\0\0\0\x04\0\0\0\x26\0\0\0\xad\x0f\0\0\0\0\0\x0e\xd0\0\0\
\0\0\0\0\0\xcc\x0f\0\0\0\0\0\x0e\xd0\0\0\0\0\0\0\0\xeb\x0f\0\0\0\0\0\x0e\x64\0\
\0\0\0\0\0\0\x0a\x10\0\0\0\0\0\x0e\xd0\0\0\0\0\0\0\0\x29\x10\0\0\0\0\0\x0e\x5a\
\0\0\0\0\0\0\0\x48\x10\0\0\0\0\0\x0e\xbe\0\0\0\0\0\0\0\x6a\x10\0\0\0\0\0\x0e\
\x99\0\0\0\0\0\0\0\x8c\x10\0\0\0\0\0\x0e\x99\0\0\0\0\0\0\0\xae\x10\0\0\0\0\0\
\x0e\x58\0\0\0\0\0\0\0\x12\x4e\0\0\x61\0\0\x0f\xb5\x11\0\0\x57\0\0\0\0\0\0\0\
\x2f\0\0\0\x59\0\0\0\x2f\0\0\0\x1d\0\0\0\x5b\0\0\0\x4c\0\0\0\x1e\0\0\0\x5c\0\0\
\0\x6a\0\0\0\x1e\0\0\0\x5d\0\0\0\x88\0\0\0\x1e\0\0\0\x5e\0\0\0\xa6\0\0\0\x1e\0\
\0\0\x5f\0\0\0\xc4\0\0\0\x1e\0\0\0\x63\0\0\0\xe2\0\0\0\x2b\0\0\0\x65\0\0\0\x0d\
\x01\0\0\x37\0\0\0\x66\0\0\0\x44\x01\0\0\x2b\0\0\0\x67\0\0\0\x6f\x01\0\0\x2b\0\
\0\0\x69\0\0\0\x9a\x01\0\0\x64\0\0\0\x6b\0\0\0\xfe\x01\0\0\x5f\0\0\0\x6c\0\0\0\
\x5d\x02\0\0\x2b\0\0\0\x6d\0\0\0\x88\x02\0\0\x2b\0\0\0\x6e\0\0\0\xb3\x02\0\0\
\x2b\0\0\0\x6f\0\0\0\xde\x02\0\0\x2b\0\0\0\x71\0\0\0\x09\x03\0\0\x20\0\0\0\x72\
\0\0\0\x29\x03\0\0\x2b\0\0\0\x74\0\0\0\x54\x03\0\0\x3a\0\0\0\x75\0\0\0\x8e\x03\
\0\0\x2b\0\0\0\x76\0\0\0\xb9\x03\0\0\x2b\0\0\0\x78\0\0\0\xe4\x03\0\0\x39\0\0\0\
\x7a\0\0\0\x1d\x04\0\0\x46\0\0\0\x7b\0\0\0\x63\x04\0\0\x2b\0\0\0\x7c\0\0\0\x8e\
\x04\0\0\x2b\0\0\0\x7e\0\0\0\xb9\x04\0\0\x21\0\0\0\x80\0\0\0\xda\x04\0\0\x2c\0\
\0\0\x81\0\0\0\x06\x05\0\0\x2c\0\0\0\x83\0\0\0\x32\x05\0\0\x3b\0\0\0\x85\0\0\0\
\x6d\x05\0\0\x3f\0\0\0\x87\0\0\0\xac\x05\0\0\x28\0\0\0\x89\0\0\0\xd4\x05\0\0\
\x33\0\0\0\x8a\0\0\0\x07\x06\0\0\x33\0\0\0\x8c\0\0\0\x3a\x06\0\0\x4a\0\0\0\x8d\
\0\0\0\x84\x06\0\0\x46\0\0\0\x8e\0\0\0\xca\x06\0\0\x28\0\0\0\x90\0\0\0\xf2\x06\
\0\0\x48\0\0\0\x91\0\0\0\x3a\x07\0\0\x37\0\0\0\x92\0\0\0\x71\x07\0\0\x1e\0\0\0\
\x93\0\0\0\x8f\x07\0\0\x3f\0\0\0\x95\0\0\0\xce\x07\0\0\x2d\0\0\0\x96\0\0\0\xfb\
\x07\0\0\x21\0\0\0\x98\0\0\0\x1c\x08\0\0\x42\0\0\0\x9a\0\0\0\x5e\x08\0\0\x30\0\
\0\0\x9c\0\0\0\x8e\x08\0\0\x24\0\0\0\x9d\0\0\0\xb2\x08\0\0\x39\0\0\0\x9e\0\0\0\
\xeb\x08\0\0\x42\0\0\0\xa0\0\0\0\x2d\x09\0\0\x40\0\0\0\xa2\0\0\0\x6d\x09\0\0\
\x41\0\0\0\xa4\0\0\0\xae\x09\0\0\x44\0\0\0\xa6\0\0\0\xf2\x09\0\0\x22\0\0\0\xa7\
\0\0\0\x14\x0a\0\0\x2d\0\0\0\xa8\0\0\0\x41\x0a\0\0\x2d\0\0\0\xa9\0\0\0\x6e\x0a\
\0\0\x40\0\0\0\xab\0\0\0\xae\x0a\0\0\x25\0\0\0\xac\0\0\0\xd3\x0a\0\0\x30\0\0\0\
\xad\0\0\0\x03\x0b\0\0\x30\0\0\0\xae\0\0\0\x33\x0b\0\0\x30\0\0\0\xaf\0\0\0\x63\
\x0b\0\0\x30\0\0\0\xb0\0\0\0\x93\x0b\0\0\x37\0\0\0\xb1\0\0\0\xca\x0b\0\0\x22\0\
\0\0\xb2\0\0\0\xec\x0b\0\0\x24\0\0\0\xb3\0\0\0\x10\x0c\0\0\x2f\0\0\0\xb4\0\0\0\
\x3f\x0c\0\0\x2f\0\0\0\xb6\0\0\0\x6e\x0c\0\0\x3d\0\0\0\xb7\0\0\0\xab\x0c\0\0\
\x2f\0\0\0\xb8\0\0\0\xda\x0c\0\0\x24\0\0\0\xb9\0\0\0\xfe\x0c\0\0\x2f\0\0\0\xba\
\0\0\0\x2d\x0d\0\0\x2f\0\0\0\xbb\0\0\0\x5c\x0d\0\0\x2f\0\0\0\xbc\0\0\0\x8b\x0d\
\0\0\x44\0\0\0\xbd\0\0\0\xcf\x0d\0\0\x25\0\0\0\xbf\0\0\0\xf4\x0d\0\0\x0c\0\0\0\
\xc0\0\0\0\0\x0e\0\0\x37\0\0\0\xc1\0\0\0\x37\x0e\0\0\x37\0\0\0\xc3\0\0\0\x6e\
\x0e\0\0\x1a\0\0\0\xc4\0\0\0\x88\x0e\0\0\x1e\0\0\0\xc5\0\0\0\xa6\x0e\0\0\x30\0\
\0\0\xc6\0\0\0\xd6\x0e\0\0\x2f\0\0\0\xc7\0\0\0\x05\x0f\0\0\x2f\0\0\0\xc8\0\0\0\
\x34\x0f\0\0\x2b\0\0\0\xc9\0\0\0\x5f\x0f\0\0\x33\0\0\0\xca\0\0\0\x92\x0f\0\0\
\x33\0\0\0\xcb\0\0\0\xc5\x0f\0\0\x1d\0\0\0\xcc\0\0\0\xe2\x0f\0\0\x3d\0\0\0\xcd\
\0\0\0\x1f\x10\0\0\x2b\0\0\0\xcf\0\0\0\x4a\x10\0\0\x1b\0\0\0\xd1\0\0\0\x65\x10\
\0\0\x26\0\0\0\xd2\0\0\0\x8b\x10\0\0\x26\0\0\0\xd3\0\0\0\xb1\x10\0\0\x37\0\0\0\
\xd4\0\0\0\xe8\x10\0\0\x26\0\0\0\xd5\0\0\0\x0e\x11\0\0\x1e\0\0\0\xd6\0\0\0\x2c\
\x11\0\0\x0c\0\0\0\xd7\0\0\0\x38\x11\0\0\x30\0\0\0\xd8\0\0\0\x68\x11\0\0\x30\0\
\0\0\xd9\0\0\0\x98\x11\0\0\x1d\0\0\0\x1a\x4e\0\0\x01\0\0\x0f\x0d\0\0\0\x61\0\0\
\0\0\0\0\0\x0d\0\0\0\x22\x4e\0\0\x05\0\0\x0f\x90\0\0\0\x10\0\0\0\0\0\0\0\x20\0\
\0\0\x21\0\0\0\x20\0\0\0\x20\0\0\0\x26\0\0\0\x40\0\0\0\x20\0\0\0\x2a\0\0\0\x60\
\0\0\0\x20\0\0\0\x30\0\0\0\x80\0\0\0\x10\0\0\0\0\x69\x6e\x74\0\x5f\x5f\x41\x52\
\x52\x41\x59\x5f\x53\x49\x5a\x45\x5f\x54\x59\x50\x45\x5f\x5f\0\x56\x61\x72\x46\
\x69\x65\x6c\x64\0\x76\x61\x72\x6c\x6f\x63\0\x66\x69\x65\x6c\x64\x73\0\x73\x69\
\x7a\x65\0\x56\x61\x72\x4c\x6f\x63\x61\x74\x69\x6f\x6e\0\x72\x65\x67\0\x6f\x66\
\x66\x73\x65\x74\0\x73\x74\x61\x63\x6b\0\x5f\x42\x6f\x6f\x6c\0\x46\x69\x65\x6c\
\x64\0\x70\x6f\x69\x6e\x74\x65\x72\0\x74\x79\x70\x65\0\x6b\x65\x79\0\x76\x61\
\x6c\x75\x65\0\x6d\x61\x78\x5f\x65\x6e\x74\x72\x69\x65\x73\0\x68\x70\x72\x6f\
\x62\x65\x73\0\x6f\x70\x5f\x6b\0\x70\x69\x64\0\x6f\x77\x6e\x65\x72\0\x74\x69\
\x64\0\x5f\x5f\x75\x33\x32\0\x75\x6e\x73\x69\x67\x6e\x65\x64\x20\x69\x6e\x74\0\
\x5f\x5f\x75\x36\x34\0\x75\x6e\x73\x69\x67\x6e\x65\x64\x20\x6c\x6f\x6e\x67\x20\
\x6c\x6f\x6e\x67\0\x6f\x70\x5f\x76\0\x6f\x70\x5f\x74\x79\x70\x65\0\x72\x65\x63\
\x76\x5f\x73\x74\x61\x6d\x70\0\x74\x68\x72\x6f\x74\x74\x6c\x65\x5f\x73\x74\x61\
\x6d\x70\0\x72\x65\x63\x76\x5f\x63\x6f\x6d\x70\x6c\x65\x74\x65\x5f\x73\x74\x61\
\x6d\x70\0\x64\x69\x73\x70\x61\x74\x63\x68\x5f\x73\x74\x61\x6d\x70\0\x65\x6e\
\x71\x75\x65\x75\x65\x5f\x73\x74\x61\x6d\x70\0\x64\x65\x71\x75\x65\x75\x65\x5f\
\x73\x74\x61\x6d\x70\0\x65\x78\x65\x63\x75\x74\x65\x5f\x63\x74\x78\x5f\x73\x74\
\x61\x6d\x70\0\x73\x75\x62\x6d\x69\x74\x5f\x74\x72\x61\x6e\x73\x61\x63\x74\x69\
\x6f\x6e\x5f\x73\x74\x61\x6d\x70\0\x71\x75\x65\x75\x65\x5f\x74\x72\x61\x6e\x73\
\x61\x63\x74\x69\x6f\x6e\x5f\x73\x74\x61\x6d\x70\0\x64\x6f\x5f\x77\x72\x69\x74\
\x65\x5f\x73\x74\x61\x6d\x70\0\x77\x63\x74\x78\x5f\x66\x69\x6e\x69\x73\x68\x5f\
\x73\x74\x61\x6d\x70\0\x61\x69\x6f\x5f\x73\x75\x62\x6d\x69\x74\x5f\x73\x74\x61\
\x6d\x70\0\x61\x69\x6f\x5f\x64\x6f\x6e\x65\x5f\x73\x74\x61\x6d\x70\0\x6b\x76\
\x5f\x73\x75\x62\x6d\x69\x74\x5f\x73\x74\x61\x6d\x70\0\x6b\x76\x5f\x63\x6f\x6d\
\x6d\x69\x74\x74\x65\x64\x5f\x73\x74\x61\x6d\x70\0\x61\x69\x6f\x5f\x73\x69\x7a\
\x65\0\x70\x69\0\x64\x69\0\x72\x65\x70\x6c\x79\x5f\x73\x74\x61\x6d\x70\0\x77\
\x62\0\x72\x62\0\x6d\x5f\x70\x6f\x6f\x6c\0\x6d\x5f\x73\x65\x65\x64\0\x5f\x5f\
\x75\x31\x36\0\x75\x6e\x73\x69\x67\x6e\x65\x64\x20\x73\x68\x6f\x72\x74\0\x70\
\x65\x65\x72\x73\x5f\x69\x6e\x66\x6f\0\x70\x65\x65\x72\x31\0\x70\x65\x65\x72\
\x32\0\x73\x65\x6e\x74\x5f\x73\x74\x61\x6d\x70\0\x72\x65\x63\x76\x5f\x73\x74\
\x61\x6d\x70\x31\0\x72\x65\x63\x76\x5f\x73\x74\x61\x6d\x70\x32\0\x64\x65\x6c\
\x61\x79\x5f\x69\x6e\x66\x6f\0\x63\x6e\x74\0\x64\x65\x6c\x61\x79\x73\0\x63\x68\
\x61\x72\0\x6f\x70\x73\0\x70\x74\x69\x64\x5f\x6f\x70\x6b\0\x63\x74\x78\x5f\x6b\
\0\x73\x65\x71\x69\x64\0\x73\x74\x61\x72\x74\x5f\x73\x74\x61\x6d\x70\0\x63\x74\
\x78\x5f\x6f\x70\x6b\0\x67\x65\x74\x5f\x70\x69\x64\0\x67\x65\x74\x5f\x74\x69\
\x64\0\x70\x74\x5f\x72\x65\x67\x73\0\x72\x31\x35\0\x72\x31\x34\0\x72\x31\x33\0\
\x72\x31\x32\0\x72\x62\x70\0\x72\x62\x78\0\x72\x31\x31\0\x72\x31\x30\0\x72\x39\
\0\x72\x38\0\x72\x61\x78\0\x72\x63\x78\0\x72\x64\x78\0\x72\x73\x69\0\x72\x64\
\x69\0\x6f\x72\x69\x67\x5f\x72\x61\x78\0\x72\x69\x70\0\x63\x73\0\x65\x66\x6c\
\x61\x67\x73\0\x72\x73\x70\0\x73\x73\0\x75\x6e\x73\x69\x67\x6e\x65\x64\x20\x6c\
\x6f\x6e\x67\0\x63\x74\x78\0\x66\x65\x74\x63\x68\x5f\x72\x65\x67\x69\x73\x74\
\x65\x72\0\x63\x75\x72\x5f\x61\x64\x64\x72\0\x76\x66\0\x66\x65\x74\x63\x68\x5f\
\x76\x61\x72\x5f\x6d\x65\x6d\x62\x65\x72\x5f\x61\x64\x64\x72\0\x70\x72\x69\x6e\
\x74\x5f\x76\x66\0\x75\x70\x72\x6f\x62\x65\x5f\x65\x6e\x71\x75\x65\x75\x65\x5f\
\x6f\x70\0\x75\x70\x72\x6f\x62\x65\x5f\x64\x65\x71\x75\x65\x75\x65\x5f\x6f\x70\
\0\x75\x70\x72\x6f\x62\x65\x5f\x65\x78\x65\x63\x75\x74\x65\x5f\x63\x74\x78\0\
\x75\x70\x72\x6f\x62\x65\x5f\x73\x75\x62\x6d\x69\x74\x5f\x74\x72\x61\x6e\x73\
\x61\x63\x74\x69\x6f\x6e\0\x75\x70\x72\x6f\x62\x65\x5f\x71\x75\x65\x75\x65\x5f\
\x74\x72\x61\x6e\x73\x61\x63\x74\x69\x6f\x6e\x73\0\x75\x70\x72\x6f\x62\x65\x5f\
\x64\x6f\x5f\x77\x72\x69\x74\x65\0\x75\x70\x72\x6f\x62\x65\x5f\x77\x63\x74\x78\
\x5f\x66\x69\x6e\x69\x73\x68\0\x75\x70\x72\x6f\x62\x65\x5f\x74\x78\x63\x5f\x73\
\x74\x61\x74\x65\x5f\x70\x72\x6f\x63\0\x75\x70\x72\x6f\x62\x65\x5f\x6c\x6f\x67\
\x5f\x6f\x70\x5f\x73\x74\x61\x74\x73\0\x75\x70\x72\x6f\x62\x65\x5f\x6c\x6f\x67\
\x5f\x6f\x70\x5f\x73\x74\x61\x74\x73\x5f\x76\x32\0\x75\x70\x72\x6f\x62\x65\x5f\
\x67\x65\x6e\x65\x72\x61\x74\x65\x5f\x73\x75\x62\x6f\x70\0\x75\x70\x72\x6f\x62\
\x65\x5f\x64\x6f\x5f\x72\x65\x70\x6f\x70\x5f\x72\x65\x70\x6c\x79\0\x75\x70\x72\
\x6f\x62\x65\x5f\x6d\x61\x72\x6b\x5f\x66\x6c\x61\x67\x5f\x70\x6f\x69\x6e\x74\
\x5f\x73\x74\x72\x69\x6e\x67\0\x75\x70\x72\x6f\x62\x65\x5f\x6c\x6f\x67\x5f\x6c\
\x61\x74\x65\x6e\x63\x79\0\x75\x70\x72\x6f\x62\x65\x5f\x6c\x6f\x67\x5f\x73\x75\
\x62\x6f\x70\x5f\x73\x74\x61\x74\x73\0\x75\x70\x72\x6f\x62\x65\x5f\x65\x63\x5f\
\x73\x75\x62\x6d\x69\x74\x5f\x74\x72\x61\x6e\x73\x61\x63\x74\x69\x6f\x6e\0\x75\
\x70\x72\x6f\x62\x65\x5f\x74\x78\x63\x5f\x63\x61\x6c\x63\x5f\x63\x6f\x73\x74\0\
\x75\x70\x72\x6f\x62\x65\x5f\x72\x65\x70\x6f\x70\x5f\x63\x6f\x6d\x6d\x69\x74\0\
\x75\x70\x72\x6f\x62\x65\x5f\x6d\x61\x72\x6b\x5f\x66\x6c\x61\x67\x5f\x70\x6f\
\x69\x6e\x74\0\x75\x70\x72\x6f\x62\x65\x5f\x6c\x6f\x67\x5f\x6c\x61\x74\x65\x6e\
\x63\x79\x5f\x66\x6e\0\x66\x65\x74\x63\x68\x5f\x72\x65\x67\x69\x73\x74\x65\x72\
\x2e\x5f\x5f\x5f\x5f\x66\x6d\x74\0\x70\x72\x69\x6e\x74\x5f\x76\x66\x2e\x5f\x5f\
\x5f\x5f\x66\x6d\x74\0\x70\x72\x69\x6e\x74\x5f\x76\x66\x2e\x5f\x5f\x5f\x5f\x66\
\x6d\x74\x2e\x31\0\x70\x72\x69\x6e\x74\x5f\x76\x66\x2e\x5f\x5f\x5f\x5f\x66\x6d\
\x74\x2e\x32\0\x70\x72\x69\x6e\x74\x5f\x76\x66\x2e\x5f\x5f\x5f\x5f\x66\x6d\x74\
\x2e\x33\0\x70\x72\x69\x6e\x74\x5f\x76\x66\x2e\x5f\x5f\x5f\x5f\x66\x6d\x74\x2e\
\x34\0\x70\x72\x69\x6e\x74\x5f\x76\x66\x2e\x5f\x5f\x5f\x5f\x66\x6d\x74\x2e\x35\
\0\x4c\x49\x43\x45\x4e\x53\x45\0\x75\x70\x72\x6f\x62\x65\x5f\x65\x6e\x71\x75\
\x65\x75\x65\x5f\x6f\x70\x2e\x5f\x5f\x5f\x5f\x66\x6d\x74\0\x75\x70\x72\x6f\x62\
\x65\x5f\x65\x6e\x71\x75\x65\x75\x65\x5f\x6f\x70\x2e\x5f\x5f\x5f\x5f\x66\x6d\
\x74\x2e\x36\0\x75\x70\x72\x6f\x62\x65\x5f\x65\x6e\x71\x75\x65\x75\x65\x5f\x6f\
\x70\x2e\x5f\x5f\x5f\x5f\x66\x6d\x74\x2e\x37\0\x75\x70\x72\x6f\x62\x65\x5f\x65\
\x6e\x71\x75\x65\x75\x65\x5f\x6f\x70\x2e\x5f\x5f\x5f\x5f\x66\x6d\x74\x2e\x38\0\
\x75\x70\x72\x6f\x62\x65\x5f\x65\x6e\x71\x75\x65\x75\x65\x5f\x6f\x70\x2e\x5f\
\x5f\x5f\x5f\x66\x6d\x74\x2e\x39\0\x75\x70\x72\x6f\x62\x65\x5f\x65\x6e\x71\x75\
\x65\x75\x65\x5f\x6f\x70\x2e\x5f\x5f\x5f\x5f\x66\x6d\x74\x2e\x31\x30\0\x75\x70\
\x72\x6f\x62\x65\x5f\x65\x6e\x71\x75\x65\x75\x65\x5f\x6f\x70\x2e\x5f\x5f\x5f\
\x5f\x66\x6d\x74\x2e\x31\x31\0\x75\x70\x72\x6f\x62\x65\x5f\x65\x6e\x71\x75\x65\
\x75\x65\x5f\x6f\x70\x2e\x5f\x5f\x5f\x5f\x66\x6d\x74\x2e\x31\x32\0\x75\x70\x72\
\x6f\x62\x65\x5f\x65\x6e\x71\x75\x65\x75\x65\x5f\x6f\x70\x2e\x5f\x5f\x5f\x5f\
\x66\x6d\x74\x2e\x31\x33\0\x75\x70\x72\x6f\x62\x65\x5f\x65\x6e\x71\x75\x65\x75\
\x65\x5f\x6f\x70\x2e\x5f\x5f\x5f\x5f\x66\x6d\x74\x2e\x31\x34\0\x75\x70\x72\x6f\
\x62\x65\x5f\x64\x65\x71\x75\x65\x75\x65\x5f\x6f\x70\x2e\x5f\x5f\x5f\x5f\x66\
\x6d\x74\0\x75\x70\x72\x6f\x62\x65\x5f\x64\x65\x71\x75\x65\x75\x65\x5f\x6f\x70\
\x2e\x5f\x5f\x5f\x5f\x66\x6d\x74\x2e\x31\x35\0\x75\x70\x72\x6f\x62\x65\x5f\x64\
\x65\x71\x75\x65\x75\x65\x5f\x6f\x70\x2e\x5f\x5f\x5f\x5f\x66\x6d\x74\x2e\x31\
\x36\0\x75\x70\x72\x6f\x62\x65\x5f\x64\x65\x71\x75\x65\x75\x65\x5f\x6f\x70\x2e\
\x5f\x5f\x5f\x5f\x66\x6d\x74\x2e\x31\x37\0\x75\x70\x72\x6f\x62\x65\x5f\x64\x65\
\x71\x75\x65\x75\x65\x5f\x6f\x70\x2e\x5f\x5f\x5f\x5f\x66\x6d\x74\x2e\x31\x38\0\
\x75\x70\x72\x6f\x62\x65\x5f\x64\x65\x71\x75\x65\x75\x65\x5f\x6f\x70\x2e\x5f\
\x5f\x5f\x5f\x66\x6d\x74\x2e\x31\x39\0\x75\x70\x72\x6f\x62\x65\x5f\x64\x65\x71\
\x75\x65\x75\x65\x5f\x6f\x70\x2e\x5f\x5f\x5f\x5f\x66\x6d\x74\x2e\x32\x30\0\x75\
\x70\x72\x6f\x62\x65\x5f\x64\x65\x71\x75\x65\x75\x65\x5f\x6f\x70\x2e\x5f\x5f\
\x5f\x5f\x66\x6d\x74\x2e\x32\x31\0\x75\x70\x72\x6f\x62\x65\x5f\x64\x65\x71\x75\
\x65\x75\x65\x5f\x6f\x70\x2e\x5f\x5f\x5f\x5f\x66\x6d\x74\x2e\x32\x32\0\x75\x70\
\x72\x6f\x62\x65\x5f\x65\x78\x65\x63\x75\x74\x65\x5f\x63\x74\x78\x2e\x5f\x5f\
\x5f\x5f\x66\x6d\x74\0\x75\x70\x72\x6f\x62\x65\x5f\x65\x78\x65\x63\x75\x74\x65\
\x5f\x63\x74\x78\x2e\x5f\x5f\x5f\x5f\x66\x6d\x74\x2e\x32\x33\0\x75\x70\x72\x6f\
\x62\x65\x5f\x65\x78\x65\x63\x75\x74\x65\x5f\x63\x74\x78\x2e\x5f\x5f\x5f\x5f\
\x66\x6d\x74\x2e\x32\x34\0\x75\x70\x72\x6f\x62\x65\x5f\x65\x78\x65\x63\x75\x74\
\x65\x5f\x63\x74\x78\x2e\x5f\x5f\x5f\x5f\x66\x6d\x74\x2e\x32\x35\0\x75\x70\x72\
\x6f\x62\x65\x5f\x65\x78\x65\x63\x75\x74\x65\x5f\x63\x74\x78\x2e\x5f\x5f\x5f\
\x5f\x66\x6d\x74\x2e\x32\x36\0\x75\x70\x72\x6f\x62\x65\x5f\x73\x75\x62\x6d\x69\
\x74\x5f\x74\x72\x61\x6e\x73\x61\x63\x74\x69\x6f\x6e\x2e\x5f\x5f\x5f\x5f\x66\
\x6d\x74\0\x75\x70\x72\x6f\x62\x65\x5f\x73\x75\x62\x6d\x69\x74\x5f\x74\x72\x61\
\x6e\x73\x61\x63\x74\x69\x6f\x6e\x2e\x5f\x5f\x5f\x5f\x66\x6d\x74\x2e\x32\x37\0\
\x75\x70\x72\x6f\x62\x65\x5f\x73\x75\x62\x6d\x69\x74\x5f\x74\x72\x61\x6e\x73\
\x61\x63\x74\x69\x6f\x6e\x2e\x5f\x5f\x5f\x5f\x66\x6d\x74\x2e\x32\x38\0\x75\x70\
\x72\x6f\x62\x65\x5f\x73\x75\x62\x6d\x69\x74\x5f\x74\x72\x61\x6e\x73\x61\x63\
\x74\x69\x6f\x6e\x2e\x5f\x5f\x5f\x5f\x66\x6d\x74\x2e\x32\x39\0\x75\x70\x72\x6f\
\x62\x65\x5f\x73\x75\x62\x6d\x69\x74\x5f\x74\x72\x61\x6e\x73\x61\x63\x74\x69\
\x6f\x6e\x2e\x5f\x5f\x5f\x5f\x66\x6d\x74\x2e\x33\x30\0\x75\x70\x72\x6f\x62\x65\
\x5f\x71\x75\x65\x75\x65\x5f\x74\x72\x61\x6e\x73\x61\x63\x74\x69\x6f\x6e\x73\
\x2e\x5f\x5f\x5f\x5f\x66\x6d\x74\0\x75\x70\x72\x6f\x62\x65\x5f\x71\x75\x65\x75\
\x65\x5f\x74\x72\x61\x6e\x73\x61\x63\x74\x69\x6f\x6e\x73\x2e\x5f\x5f\x5f\x5f\
\x66\x6d\x74\x2e\x33\x31\0\x75\x70\x72\x6f\x62\x65\x5f\x71\x75\x65\x75\x65\x5f\
\x74\x72\x61\x6e\x73\x61\x63\x74\x69\x6f\x6e\x73\x2e\x5f\x5f\x5f\x5f\x66\x6d\
\x74\x2e\x33\x32\0\x75\x70\x72\x6f\x62\x65\x5f\x64\x6f\x5f\x77\x72\x69\x74\x65\
\x2e\x5f\x5f\x5f\x5f\x66\x6d\x74\0\x75\x70\x72\x6f\x62\x65\x5f\x64\x6f\x5f\x77\
\x72\x69\x74\x65\x2e\x5f\x5f\x5f\x5f\x66\x6d\x74\x2e\x33\x33\0\x75\x70\x72\x6f\
\x62\x65\x5f\x64\x6f\x5f\x77\x72\x69\x74\x65\x2e\x5f\x5f\x5f\x5f\x66\x6d\x74\
\x2e\x33\x34\0\x75\x70\x72\x6f\x62\x65\x5f\x77\x63\x74\x78\x5f\x66\x69\x6e\x69\
\x73\x68\x2e\x5f\x5f\x5f\x5f\x66\x6d\x74\0\x75\x70\x72\x6f\x62\x65\x5f\x77\x63\
\x74\x78\x5f\x66\x69\x6e\x69\x73\x68\x2e\x5f\x5f\x5f\x5f\x66\x6d\x74\x2e\x33\
\x35\0\x75\x70\x72\x6f\x62\x65\x5f\x77\x63\x74\x78\x5f\x66\x69\x6e\x69\x73\x68\
\x2e\x5f\x5f\x5f\x5f\x66\x6d\x74\x2e\x33\x36\0\x75\x70\x72\x6f\x62\x65\x5f\x74\
\x78\x63\x5f\x73\x74\x61\x74\x65\x5f\x70\x72\x6f\x63\x2e\x5f\x5f\x5f\x5f\x66\
\x6d\x74\0\x75\x70\x72\x6f\x62\x65\x5f\x74\x78\x63\x5f\x73\x74\x61\x74\x65\x5f\
\x70\x72\x6f\x63\x2e\x5f\x5f\x5f\x5f\x66\x6d\x74\x2e\x33\x37\0\x75\x70\x72\x6f\
\x62\x65\x5f\x74\x78\x63\x5f\x73\x74\x61\x74\x65\x5f\x70\x72\x6f\x63\x2e\x5f\
\x5f\x5f\x5f\x66\x6d\x74\x2e\x33\x38\0\x75\x70\x72\x6f\x62\x65\x5f\x74\x78\x63\
\x5f\x73\x74\x61\x74\x65\x5f\x70\x72\x6f\x63\x2e\x5f\x5f\x5f\x5f\x66\x6d\x74\
\x2e\x33\x39\0\x75\x70\x72\x6f\x62\x65\x5f\x74\x78\x63\x5f\x73\x74\x61\x74\x65\
\x5f\x70\x72\x6f\x63\x2e\x5f\x5f\x5f\x5f\x66\x6d\x74\x2e\x34\x30\0\x75\x70\x72\
\x6f\x62\x65\x5f\x74\x78\x63\x5f\x73\x74\x61\x74\x65\x5f\x70\x72\x6f\x63\x2e\
\x5f\x5f\x5f\x5f\x66\x6d\x74\x2e\x34\x31\0\x75\x70\x72\x6f\x62\x65\x5f\x6c\x6f\
\x67\x5f\x6f\x70\x5f\x73\x74\x61\x74\x73\x2e\x5f\x5f\x5f\x5f\x66\x6d\x74\0\x75\
\x70\x72\x6f\x62\x65\x5f\x6c\x6f\x67\x5f\x6f\x70\x5f\x73\x74\x61\x74\x73\x2e\
\x5f\x5f\x5f\x5f\x66\x6d\x74\x2e\x34\x32\0\x75\x70\x72\x6f\x62\x65\x5f\x6c\x6f\
\x67\x5f\x6f\x70\x5f\x73\x74\x61\x74\x73\x2e\x5f\x5f\x5f\x5f\x66\x6d\x74\x2e\
\x34\x33\0\x75\x70\x72\x6f\x62\x65\x5f\x6c\x6f\x67\x5f\x6f\x70\x5f\x73\x74\x61\
\x74\x73\x2e\x5f\x5f\x5f\x5f\x66\x6d\x74\x2e\x34\x34\0\x75\x70\x72\x6f\x62\x65\
\x5f\x6c\x6f\x67\x5f\x6f\x70\x5f\x73\x74\x61\x74\x73\x5f\x76\x32\x2e\x5f\x5f\
\x5f\x5f\x66\x6d\x74\0\x75\x70\x72\x6f\x62\x65\x5f\x6c\x6f\x67\x5f\x6f\x70\x5f\
\x73\x74\x61\x74\x73\x5f\x76\x32\x2e\x5f\x5f\x5f\x5f\x66\x6d\x74\x2e\x34\x35\0\
\x75\x70\x72\x6f\x62\x65\x5f\x6c\x6f\x67\x5f\x6f\x70\x5f\x73\x74\x61\x74\x73\
\x5f\x76\x32\x2e\x5f\x5f\x5f\x5f\x66\x6d\x74\x2e\x34\x36\0\x75\x70\x72\x6f\x62\
\x65\x5f\x6c\x6f\x67\x5f\x6f\x70\x5f\x73\x74\x61\x74\x73\x5f\x76\x32\x2e\x5f\
\x5f\x5f\x5f\x66\x6d\x74\x2e\x34\x37\0\x75\x70\x72\x6f\x62\x65\x5f\x6c\x6f\x67\
\x5f\x6f\x70\x5f\x73\x74\x61\x74\x73\x5f\x76\x32\x2e\x5f\x5f\x5f\x5f\x66\x6d\
\x74\x2e\x34\x38\0\x75\x70\x72\x6f\x62\x65\x5f\x6c\x6f\x67\x5f\x6f\x70\x5f\x73\
\x74\x61\x74\x73\x5f\x76\x32\x2e\x5f\x5f\x5f\x5f\x66\x6d\x74\x2e\x34\x39\0\x75\
\x70\x72\x6f\x62\x65\x5f\x6c\x6f\x67\x5f\x6f\x70\x5f\x73\x74\x61\x74\x73\x5f\
\x76\x32\x2e\x5f\x5f\x5f\x5f\x66\x6d\x74\x2e\x35\x30\0\x75\x70\x72\x6f\x62\x65\
\x5f\x67\x65\x6e\x65\x72\x61\x74\x65\x5f\x73\x75\x62\x6f\x70\x2e\x5f\x5f\x5f\
\x5f\x66\x6d\x74\0\x75\x70\x72\x6f\x62\x65\x5f\x67\x65\x6e\x65\x72\x61\x74\x65\
\x5f\x73\x75\x62\x6f\x70\x2e\x5f\x5f\x5f\x5f\x66\x6d\x74\x2e\x35\x31\0\x75\x70\
\x72\x6f\x62\x65\x5f\x67\x65\x6e\x65\x72\x61\x74\x65\x5f\x73\x75\x62\x6f\x70\
\x2e\x5f\x5f\x5f\x5f\x66\x6d\x74\x2e\x35\x32\0\x75\x70\x72\x6f\x62\x65\x5f\x67\
\x65\x6e\x65\x72\x61\x74\x65\x5f\x73\x75\x62\x6f\x70\x2e\x5f\x5f\x5f\x5f\x66\
\x6d\x74\x2e\x35\x33\0\x75\x70\x72\x6f\x62\x65\x5f\x67\x65\x6e\x65\x72\x61\x74\
\x65\x5f\x73\x75\x62\x6f\x70\x2e\x5f\x5f\x5f\x5f\x66\x6d\x74\x2e\x35\x34\0\x75\
\x70\x72\x6f\x62\x65\x5f\x64\x6f\x5f\x72\x65\x70\x6f\x70\x5f\x72\x65\x70\x6c\
\x79\x2e\x5f\x5f\x5f\x5f\x66\x6d\x74\0\x75\x70\x72\x6f\x62\x65\x5f\x64\x6f\x5f\
\x72\x65\x70\x6f\x70\x5f\x72\x65\x70\x6c\x79\x2e\x5f\x5f\x5f\x5f\x66\x6d\x74\
\x2e\x35\x35\0\x75\x70\x72\x6f\x62\x65\x5f\x64\x6f\x5f\x72\x65\x70\x6f\x70\x5f\
\x72\x65\x70\x6c\x79\x2e\x5f\x5f\x5f\x5f\x66\x6d\x74\x2e\x35\x36\0\x75\x70\x72\
\x6f\x62\x65\x5f\x64\x6f\x5f\x72\x65\x70\x6f\x70\x5f\x72\x65\x70\x6c\x79\x2e\
\x5f\x5f\x5f\x5f\x66\x6d\x74\x2e\x35\x37\0\x75\x70\x72\x6f\x62\x65\x5f\x64\x6f\
\x5f\x72\x65\x70\x6f\x70\x5f\x72\x65\x70\x6c\x79\x2e\x5f\x5f\x5f\x5f\x66\x6d\
\x74\x2e\x35\x38\0\x75\x70\x72\x6f\x62\x65\x5f\x6d\x61\x72\x6b\x5f\x66\x6c\x61\
\x67\x5f\x70\x6f\x69\x6e\x74\x5f\x73\x74\x72\x69\x6e\x67\x2e\x5f\x5f\x5f\x5f\
\x66\x6d\x74\0\x75\x70\x72\x6f\x62\x65\x5f\x6d\x61\x72\x6b\x5f\x66\x6c\x61\x67\
\x5f\x70\x6f\x69\x6e\x74\x5f\x73\x74\x72\x69\x6e\x67\x2e\x5f\x5f\x5f\x5f\x66\
\x6d\x74\x2e\x35\x39\0\x75\x70\x72\x6f\x62\x65\x5f\x6d\x61\x72\x6b\x5f\x66\x6c\
\x61\x67\x5f\x70\x6f\x69\x6e\x74\x5f\x73\x74\x72\x69\x6e\x67\x2e\x5f\x5f\x5f\
\x5f\x66\x6d\x74\x2e\x36\x30\0\x75\x70\x72\x6f\x62\x65\x5f\x6d\x61\x72\x6b\x5f\
\x66\x6c\x61\x67\x5f\x70\x6f\x69\x6e\x74\x5f\x73\x74\x72\x69\x6e\x67\x2e\x5f\
\x5f\x5f\x5f\x66\x6d\x74\x2e\x36\x31\0\x75\x70\x72\x6f\x62\x65\x5f\x6c\x6f\x67\
\x5f\x6c\x61\x74\x65\x6e\x63\x79\x2e\x5f\x5f\x5f\x5f\x66\x6d\x74\0\x75\x70\x72\
\x6f\x62\x65\x5f\x6c\x6f\x67\x5f\x73\x75\x62\x6f\x70\x5f\x73\x74\x61\x74\x73\
\x2e\x5f\x5f\x5f\x5f\x66\x6d\x74\0\x75\x70\x72\x6f\x62\x65\x5f\x6c\x6f\x67\x5f\
\x73\x75\x62\x6f\x70\x5f\x73\x74\x61\x74\x73\x2e\x5f\x5f\x5f\x5f\x66\x6d\x74\
\x2e\x36\x32\0\x75\x70\x72\x6f\x62\x65\x5f\x6c\x6f\x67\x5f\x73\x75\x62\x6f\x70\
\x5f\x73\x74\x61\x74\x73\x2e\x5f\x5f\x5f\x5f\x66\x6d\x74\x2e\x36\x33\0\x75\x70\
\x72\x6f\x62\x65\x5f\x6c\x6f\x67\x5f\x73\x75\x62\x6f\x70\x5f\x73\x74\x61\x74\
\x73\x2e\x5f\x5f\x5f\x5f\x66\x6d\x74\x2e\x36\x34\0\x75\x70\x72\x6f\x62\x65\x5f\
\x65\x63\x5f\x73\x75\x62\x6d\x69\x74\x5f\x74\x72\x61\x6e\x73\x61\x63\x74\x69\
\x6f\x6e\x2e\x5f\x5f\x5f\x5f\x66\x6d\x74\0\x75\x70\x72\x6f\x62\x65\x5f\x65\x63\
\x5f\x73\x75\x62\x6d\x69\x74\x5f\x74\x72\x61\x6e\x73\x61\x63\x74\x69\x6f\x6e\
\x2e\x5f\x5f\x5f\x5f\x66\x6d\x74\x2e\x36\x35\0\x75\x70\x72\x6f\x62\x65\x5f\x65\
\x63\x5f\x73\x75\x62\x6d\x69\x74\x5f\x74\x72\x61\x6e\x73\x61\x63\x74\x69\x6f\
\x6e\x2e\x5f\x5f\x5f\x5f\x66\x6d\x74\x2e\x36\x36\0\x75\x70\x72\x6f\x62\x65\x5f\
\x74\x78\x63\x5f\x63\x61\x6c\x63\x5f\x63\x6f\x73\x74\x2e\x5f\x5f\x5f\x5f\x66\
\x6d\x74\0\x75\x70\x72\x6f\x62\x65\x5f\x74\x78\x63\x5f\x63\x61\x6c\x63\x5f\x63\
\x6f\x73\x74\x2e\x5f\x5f\x5f\x5f\x66\x6d\x74\x2e\x36\x37\0\x75\x70\x72\x6f\x62\
\x65\x5f\x74\x78\x63\x5f\x63\x61\x6c\x63\x5f\x63\x6f\x73\x74\x2e\x5f\x5f\x5f\
\x5f\x66\x6d\x74\x2e\x36\x38\0\x75\x70\x72\x6f\x62\x65\x5f\x72\x65\x70\x6f\x70\
\x5f\x63\x6f\x6d\x6d\x69\x74\x2e\x5f\x5f\x5f\x5f\x66\x6d\x74\0\x75\x70\x72\x6f\
\x62\x65\x5f\x72\x65\x70\x6f\x70\x5f\x63\x6f\x6d\x6d\x69\x74\x2e\x5f\x5f\x5f\
\x5f\x66\x6d\x74\x2e\x36\x39\0\x75\x70\x72\x6f\x62\x65\x5f\x72\x65\x70\x6f\x70\
\x5f\x63\x6f\x6d\x6d\x69\x74\x2e\x5f\x5f\x5f\x5f\x66\x6d\x74\x2e\x37\x30\0\x75\
\x70\x72\x6f\x62\x65\x5f\x72\x65\x70\x6f\x70\x5f\x63\x6f\x6d\x6d\x69\x74\x2e\
\x5f\x5f\x5f\x5f\x66\x6d\x74\x2e\x37\x31\0\x75\x70\x72\x6f\x62\x65\x5f\x72\x65\
\x70\x6f\x70\x5f\x63\x6f\x6d\x6d\x69\x74\x2e\x5f\x5f\x5f\x5f\x66\x6d\x74\x2e\
\x37\x32\0\x75\x70\x72\x6f\x62\x65\x5f\x6d\x61\x72\x6b\x5f\x66\x6c\x61\x67\x5f\
\x70\x6f\x69\x6e\x74\x2e\x5f\x5f\x5f\x5f\x66\x6d\x74\0\x75\x70\x72\x6f\x62\x65\
\x5f\x6d\x61\x72\x6b\x5f\x66\x6c\x61\x67\x5f\x70\x6f\x69\x6e\x74\x2e\x5f\x5f\
\x5f\x5f\x66\x6d\x74\x2e\x37\x33\0\x75\x70\x72\x6f\x62\x65\x5f\x6d\x61\x72\x6b\
\x5f\x66\x6c\x61\x67\x5f\x70\x6f\x69\x6e\x74\x2e\x5f\x5f\x5f\x5f\x66\x6d\x74\
\x2e\x37\x34\0\x75\x70\x72\x6f\x62\x65\x5f\x6d\x61\x72\x6b\x5f\x66\x6c\x61\x67\
\x5f\x70\x6f\x69\x6e\x74\x2e\x5f\x5f\x5f\x5f\x66\x6d\x74\x2e\x37\x35\0\x75\x70\
\x72\x6f\x62\x65\x5f\x6c\x6f\x67\x5f\x6c\x61\x74\x65\x6e\x63\x79\x5f\x66\x6e\
\x2e\x5f\x5f\x5f\x5f\x66\x6d\x74\0\x2f\x68\x6f\x6d\x65\x2f\x74\x61\x6f\x64\x64\
\x2f\x63\x65\x70\x68\x74\x72\x61\x63\x65\x2f\x73\x72\x63\x2f\x62\x70\x66\x5f\
\x75\x74\x69\x6c\x73\x2e\x68\0\x20\x20\x5f\x5f\x75\x36\x34\x20\x70\x69\x64\x5f\
\x74\x67\x69\x64\x20\x3d\x20\x62\x70\x66\x5f\x67\x65\x74\x5f\x63\x75\x72\x72\
\x65\x6e\x74\x5f\x70\x69\x64\x5f\x74\x67\x69\x64\x28\x29\x3b\0\x20\x20\x5f\x5f\
\x75\x33\x32\x20\x70\x69\x64\x20\x3d\x20\x70\x69\x64\x5f\x74\x67\x69\x64\x20\
\x3e\x3e\x20\x33\x32\x3b\0\x20\x20\x72\x65\x74\x75\x72\x6e\x20\x70\x69\x64\x3b\
\0\x20\x20\x72\x65\x74\x75\x72\x6e\x20\x74\x69\x64\x3b\0\x5f\x5f\x75\x36\x34\
\x20\x66\x65\x74\x63\x68\x5f\x72\x65\x67\x69\x73\x74\x65\x72\x28\x63\x6f\x6e\
\x73\x74\x20\x73\x74\x72\x75\x63\x74\x20\x70\x74\x5f\x72\x65\x67\x73\x20\x2a\
\x63\x6f\x6e\x73\x74\x20\x63\x74\x78\x2c\x20\x69\x6e\x74\x20\x72\x65\x67\x29\
\x20\x7b\0\x20\x20\x69\x66\x20\x28\x72\x65\x67\x20\x3d\x3d\x20\x30\x29\0\x20\
\x20\x20\x20\x76\x20\x3d\x20\x63\x74\x78\x2d\x3e\x72\x64\x78\x3b\0\x20\x20\x20\
\x20\x76\x20\x3d\x20\x63\x74\x78\x2d\x3e\x72\x39\x3b\0\x20\x20\x20\x20\x76\x20\
\x3d\x20\x63\x74\x78\x2d\x3e\x72\x64\x69\x3b\0\x20\x20\x20\x20\x76\x20\x3d\x20\
\x63\x74\x78\x2d\x3e\x72\x31\x33\x3b\0\x20\x20\x20\x20\x76\x20\x3d\x20\x63\x74\
\x78\x2d\x3e\x72\x62\x78\x3b\0\x20\x20\x20\x20\x76\x20\x3d\x20\x63\x74\x78\x2d\
\x3e\x72\x31\x31\x3b\0\x20\x20\x20\x20\x76\x20\x3d\x20\x63\x74\x78\x2d\x3e\x72\
\x73\x70\x3b\0\x20\x20\x20\x20\x76\x20\x3d\x20\x63\x74\x78\x2d\x3e\x72\x31\x35\
\x3b\0\x20\x20\x20\x20\x76\x20\x3d\x20\x63\x74\x78\x2d\x3e\x72\x61\x78\x3b\0\
\x20\x20\x20\x20\x76\x20\x3d\x20\x63\x74\x78\x2d\x3e\x72\x38\x3b\0\x20\x20\x20\
\x20\x76\x20\x3d\x20\x63\x74\x78\x2d\x3e\x72\x73\x69\x3b\0\x20\x20\x20\x20\x76\
\x20\x3d\x20\x63\x74\x78\x2d\x3e\x72\x31\x32\x3b\0\x20\x20\x20\x20\x76\x20\x3d\
\x20\x63\x74\x78\x2d\x3e\x72\x63\x78\x3b\0\x20\x20\x20\x20\x76\x20\x3d\x20\x63\
\x74\x78\x2d\x3e\x72\x31\x30\x3b\0\x20\x20\x20\x20\x76\x20\x3d\x20\x63\x74\x78\
\x2d\x3e\x72\x62\x70\x3b\0\x20\x20\x20\x20\x76\x20\x3d\x20\x63\x74\x78\x2d\x3e\
\x72\x31\x34\x3b\0\x20\x20\x20\x20\x62\x70\x66\x5f\x70\x72\x69\x6e\x74\x6b\x28\
\x22\x66\x65\x74\x63\x68\x5f\x72\x65\x67\x69\x73\x74\x65\x72\x3a\x20\x75\x6e\
\x65\x78\x70\x65\x63\x74\x65\x64\x20\x78\x38\x36\x5f\x36\x34\x20\x72\x65\x67\
\x69\x73\x74\x65\x72\x20\x25\x64\x5c\x6e\x22\x2c\x20\x72\x65\x67\x29\x3b\0\x20\
\x20\x72\x65\x74\x75\x72\x6e\x20\x76\x3b\0\x5f\x5f\x75\x36\x34\x20\x66\x65\x74\
\x63\x68\x5f\x76\x61\x72\x5f\x6d\x65\x6d\x62\x65\x72\x5f\x61\x64\x64\x72\x28\
\x5f\x5f\x75\x36\x34\x20\x63\x75\x72\x5f\x61\x64\x64\x72\x2c\x20\x73\x74\x72\
\x75\x63\x74\x20\x56\x61\x72\x46\x69\x65\x6c\x64\x20\x2a\x76\x66\x29\x20\x7b\0\
\x20\x20\x69\x66\x20\x28\x76\x66\x20\x3d\x3d\x20\x4e\x55\x4c\x4c\x29\x20\x72\
\x65\x74\x75\x72\x6e\x20\x30\x3b\0\x20\x20\x69\x66\x20\x28\x76\x66\x2d\x3e\x76\
\x61\x72\x6c\x6f\x63\x2e\x73\x74\x61\x63\x6b\x29\x20\x7b\0\x20\x20\x20\x20\x63\
\x75\x72\x5f\x61\x64\x64\x72\x20\x2b\x3d\x20\x76\x66\x2d\x3e\x76\x61\x72\x6c\
\x6f\x63\x2e\x6f\x66\x66\x73\x65\x74\x3b\0\x20\x20\x20\x20\x69\x66\x20\x28\x76\
\x66\x2d\x3e\x66\x69\x65\x6c\x64\x73\x5b\x31\x5d\x2e\x70\x6f\x69\x6e\x74\x65\
\x72\x29\x20\x7b\0\x20\x20\x20\x20\x20\x20\x62\x70\x66\x5f\x70\x72\x6f\x62\x65\
\x5f\x72\x65\x61\x64\x5f\x75\x73\x65\x72\x28\x26\x74\x6d\x70\x61\x64\x64\x72\
\x2c\x20\x73\x69\x7a\x65\x6f\x66\x28\x74\x6d\x70\x61\x64\x64\x72\x29\x2c\x20\
\x28\x76\x6f\x69\x64\x20\x2a\x29\x63\x75\x72\x5f\x61\x64\x64\x72\x29\x3b\0\x20\
\x20\x20\x20\x20\x20\x63\x75\x72\x5f\x61\x64\x64\x72\x20\x3d\x20\x74\x6d\x70\
\x61\x64\x64\x72\x3b\0\x20\x20\x63\x75\x72\x5f\x61\x64\x64\x72\x20\x2b\x3d\x20\
\x76\x66\x2d\x3e\x66\x69\x65\x6c\x64\x73\x5b\x31\x5d\x2e\x6f\x66\x66\x73\x65\
\x74\x3b\0\x20\x20\x69\x66\x20\x28\x32\x20\x3e\x3d\x20\x76\x66\x2d\x3e\x73\x69\
\x7a\x65\x29\x20\x72\x65\x74\x75\x72\x6e\x20\x63\x75\x72\x5f\x61\x64\x64\x72\
\x3b\0\x20\x20\x69\x66\x20\x28\x76\x66\x2d\x3e\x66\x69\x65\x6c\x64\x73\x5b\x32\
\x5d\x2e\x70\x6f\x69\x6e\x74\x65\x72\x29\x20\x7b\0\x20\x20\x20\x20\x62\x70\x66\
\x5f\x70\x72\x6f\x62\x65\x5f\x72\x65\x61\x64\x5f\x75\x73\x65\x72\x28\x26\x74\
\x6d\x70\x61\x64\x64\x72\x2c\x20\x73\x69\x7a\x65\x6f\x66\x28\x74\x6d\x70\x61\
\x64\x64\x72\x29\x2c\x20\x28\x76\x6f\x69\x64\x20\x2a\x29\x63\x75\x72\x5f\x61\
\x64\x64\x72\x29\x3b\0\x20\x20\x20\x20\x63\x75\x72\x5f\x61\x64\x64\x72\x20\x3d\
\x20\x74\x6d\x70\x61\x64\x64\x72\x20\x2b\x20\x76\x66\x2d\x3e\x66\x69\x65\x6c\
\x64\x73\x5b\x32\x5d\x2e\x6f\x66\x66\x73\x65\x74\x3b\0\x20\x20\x69\x66\x20\x28\
\x33\x20\x3e\x3d\x20\x76\x66\x2d\x3e\x73\x69\x7a\x65\x29\x20\x72\x65\x74\x75\
\x72\x6e\x20\x63\x75\x72\x5f\x61\x64\x64\x72\x3b\0\x20\x20\x20\x20\x63\x75\x72\
\x5f\x61\x64\x64\x72\x20\x2b\x3d\x20\x76\x66\x2d\x3e\x66\x69\x65\x6c\x64\x73\
\x5b\x32\x5d\x2e\x6f\x66\x66\x73\x65\x74\x3b\0\x20\x20\x69\x66\x20\x28\x76\x66\
\x2d\x3e\x66\x69\x65\x6c\x64\x73\x5b\x33\x5d\x2e\x70\x6f\x69\x6e\x74\x65\x72\
\x29\x20\x7b\0\x20\x20\x20\x20\x63\x75\x72\x5f\x61\x64\x64\x72\x20\x3d\x20\x74\
\x6d\x70\x61\x64\x64\x72\x20\x2b\x20\x76\x66\x2d\x3e\x66\x69\x65\x6c\x64\x73\
\x5b\x33\x5d\x2e\x6f\x66\x66\x73\x65\x74\x3b\0\x20\x20\x69\x66\x20\x28\x34\x20\
\x3e\x3d\x20\x76\x66\x2d\x3e\x73\x69\x7a\x65\x29\x20\x72\x65\x74\x75\x72\x6e\
\x20\x63\x75\x72\x5f\x61\x64\x64\x72\x3b\0\x20\x20\x20\x20\x63\x75\x72\x5f\x61\
\x64\x64\x72\x20\x2b\x3d\x20\x76\x66\x2d\x3e\x66\x69\x65\x6c\x64\x73\x5b\x33\
\x5d\x2e\x6f\x66\x66\x73\x65\x74\x3b\0\x20\x20\x69\x66\x20\x28\x76\x66\x2d\x3e\
\x66\x69\x65\x6c\x64\x73\x5b\x34\x5d\x2e\x70\x6f\x69\x6e\x74\x65\x72\x29\x20\
\x7b\0\x20\x20\x20\x20\x63\x75\x72\x5f\x61\x64\x64\x72\x20\x3d\x20\x74\x6d\x70\
\x61\x64\x64\x72\x20\x2b\x20\x76\x66\x2d\x3e\x66\x69\x65\x6c\x64\x73\x5b\x34\
\x5d\x2e\x6f\x66\x66\x73\x65\x74\x3b\0\x20\x20\x69\x66\x20\x28\x35\x20\x3e\x3d\
\x20\x76\x66\x2d\x3e\x73\x69\x7a\x65\x29\x20\x72\x65\x74\x75\x72\x6e\x20\x63\
\x75\x72\x5f\x61\x64\x64\x72\x3b\0\x20\x20\x20\x20\x63\x75\x72\x5f\x61\x64\x64\
\x72\x20\x2b\x3d\x20\x76\x66\x2d\x3e\x66\x69\x65\x6c\x64\x73\x5b\x34\x5d\x2e\
\x6f\x66\x66\x73\x65\x74\x3b\0\x20\x20\x69\x66\x20\x28\x76\x66\x2d\x3e\x66\x69\
\x65\x6c\x64\x73\x5b\x35\x5d\x2e\x70\x6f\x69\x6e\x74\x65\x72\x29\x20\x7b\0\x20\
\x20\x20\x20\x63\x75\x72\x5f\x61\x64\x64\x72\x20\x3d\x20\x74\x6d\x70\x61\x64\
\x64\x72\x20\x2b\x20\x76\x66\x2d\x3e\x66\x69\x65\x6c\x64\x73\x5b\x35\x5d\x2e\
\x6f\x66\x66\x73\x65\x74\x3b\0\x20\x20\x69\x66\x20\x28\x36\x20\x3e\x3d\x20\x76\
\x66\x2d\x3e\x73\x69\x7a\x65\x29\x20\x72\x65\x74\x75\x72\x6e\x20\x63\x75\x72\
\x5f\x61\x64\x64\x72\x3b\0\x20\x20\x20\x20\x63\x75\x72\x5f\x61\x64\x64\x72\x20\
\x2b\x3d\x20\x76\x66\x2d\x3e\x66\x69\x65\x6c\x64\x73\x5b\x35\x5d\x2e\x6f\x66\
\x66\x73\x65\x74\x3b\0\x20\x20\x69\x66\x20\x28\x76\x66\x2d\x3e\x66\x69\x65\x6c\
\x64\x73\x5b\x36\x5d\x2e\x70\x6f\x69\x6e\x74\x65\x72\x29\x20\x7b\0\x20\x20\x20\
\x20\x63\x75\x72\x5f\x61\x64\x64\x72\x20\x3d\x20\x74\x6d\x70\x61\x64\x64\x72\
\x20\x2b\x20\x76\x66\x2d\x3e\x66\x69\x65\x6c\x64\x73\x5b\x36\x5d\x2e\x6f\x66\
\x66\x73\x65\x74\x3b\0\x20\x20\x69\x66\x20\x28\x37\x20\x3e\x3d\x20\x76\x66\x2d\
\x3e\x73\x69\x7a\x65\x29\x20\x72\x65\x74\x75\x72\x6e\x20\x63\x75\x72\x5f\x61\
\x64\x64\x72\x3b\0\x20\x20\x20\x20\x63\x75\x72\x5f\x61\x64\x64\x72\x20\x2b\x3d\
\x20\x76\x66\x2d\x3e\x66\x69\x65\x6c\x64\x73\x5b\x36\x5d\x2e\x6f\x66\x66\x73\
\x65\x74\x3b\0\x20\x20\x69\x66\x20\x28\x76\x66\x2d\x3e\x66\x69\x65\x6c\x64\x73\
\x5b\x37\x5d\x2e\x70\x6f\x69\x6e\x74\x65\x72\x29\x20\x7b\0\x20\x20\x20\x20\x63\
\x75\x72\x5f\x61\x64\x64\x72\x20\x3d\x20\x74\x6d\x70\x61\x64\x64\x72\x20\x2b\
\x20\x76\x66\x2d\x3e\x66\x69\x65\x6c\x64\x73\x5b\x37\x5d\x2e\x6f\x66\x66\x73\
\x65\x74\x3b\0\x20\x20\x69\x66\x20\x28\x38\x20\x3e\x3d\x20\x76\x66\x2d\x3e\x73\
\x69\x7a\x65\x29\x20\x72\x65\x74\x75\x72\x6e\x20\x63\x75\x72\x5f\x61\x64\x64\
\x72\x3b\0\x20\x20\x20\x20\x63\x75\x72\x5f\x61\x64\x64\x72\x20\x2b\x3d\x20\x76\
\x66\x2d\x3e\x66\x69\x65\x6c\x64\x73\x5b\x37\x5d\x2e\x6f\x66\x66\x73\x65\x74\
\x3b\0\x20\x20\x69\x66\x20\x28\x76\x66\x2d\x3e\x66\x69\x65\x6c\x64\x73\x5b\x38\
\x5d\x2e\x70\x6f\x69\x6e\x74\x65\x72\x29\x20\x7b\0\x20\x20\x20\x20\x63\x75\x72\
\x5f\x61\x64\x64\x72\x20\x3d\x20\x74\x6d\x70\x61\x64\x64\x72\x20\x2b\x20\x76\
\x66\x2d\x3e\x66\x69\x65\x6c\x64\x73\x5b\x38\x5d\x2e\x6f\x66\x66\x73\x65\x74\
\x3b\0\x7d\0\x69\x6e\x74\x20\x70\x72\x69\x6e\x74\x5f\x76\x66\x28\x73\x74\x72\
\x75\x63\x74\x20\x56\x61\x72\x46\x69\x65\x6c\x64\x20\x2a\x76\x66\x29\x20\x7b\0\
\x20\x20\x62\x70\x66\x5f\x70\x72\x69\x6e\x74\x6b\x28\x22\x72\x65\x67\x20\x25\
\x64\x20\x6f\x66\x66\x73\x65\x74\x20\x25\x64\x20\x6f\x6e\x73\x74\x61\x63\x6b\
\x20\x25\x64\x5c\x6e\x22\x2c\x20\x76\x66\x2d\x3e\x76\x61\x72\x6c\x6f\x63\x2e\
\x72\x65\x67\x2c\x20\x76\x66\x2d\x3e\x76\x61\x72\x6c\x6f\x63\x2e\x6f\x66\x66\
\x73\x65\x74\x2c\0\x20\x20\x69\x66\x20\x28\x31\x20\x3e\x3d\x20\x76\x66\x2d\x3e\
\x73\x69\x7a\x65\x29\x20\x72\x65\x74\x75\x72\x6e\x20\x30\x3b\0\x20\x20\x62\x70\
\x66\x5f\x70\x72\x69\x6e\x74\x6b\x28\x22\x66\x69\x65\x6c\x64\x20\x31\x20\x6f\
\x66\x66\x73\x65\x74\x20\x25\x64\x2c\x20\x70\x6f\x69\x6e\x74\x65\x72\x20\x25\
\x64\x22\x2c\x20\x76\x66\x2d\x3e\x66\x69\x65\x6c\x64\x73\x5b\x31\x5d\x2e\x6f\
\x66\x66\x73\x65\x74\x2c\0\x20\x20\x69\x66\x20\x28\x32\x20\x3e\x3d\x20\x76\x66\
\x2d\x3e\x73\x69\x7a\x65\x29\x20\x72\x65\x74\x75\x72\x6e\x20\x30\x3b\0\x20\x20\
\x62\x70\x66\x5f\x70\x72\x69\x6e\x74\x6b\x28\x22\x66\x69\x65\x6c\x64\x20\x32\
\x20\x6f\x66\x66\x73\x65\x74\x20\x25\x64\x2c\x20\x70\x6f\x69\x6e\x74\x65\x72\
\x20\x25\x64\x22\x2c\x20\x76\x66\x2d\x3e\x66\x69\x65\x6c\x64\x73\x5b\x32\x5d\
\x2e\x6f\x66\x66\x73\x65\x74\x2c\0\x20\x20\x69\x66\x20\x28\x33\x20\x3e\x3d\x20\
\x76\x66\x2d\x3e\x73\x69\x7a\x65\x29\x20\x72\x65\x74\x75\x72\x6e\x20\x30\x3b\0\
\x20\x20\x62\x70\x66\x5f\x70\x72\x69\x6e\x74\x6b\x28\x22\x66\x69\x65\x6c\x64\
\x20\x33\x20\x6f\x66\x66\x73\x65\x74\x20\x25\x64\x2c\x20\x70\x6f\x69\x6e\x74\
\x65\x72\x20\x25\x64\x22\x2c\x20\x76\x66\x2d\x3e\x66\x69\x65\x6c\x64\x73\x5b\
\x33\x5d\x2e\x6f\x66\x66\x73\x65\x74\x2c\0\x20\x20\x69\x66\x20\x28\x34\x20\x3e\
\x3d\x20\x76\x66\x2d\x3e\x73\x69\x7a\x65\x29\x20\x72\x65\x74\x75\x72\x6e\x20\
\x30\x3b\0\x20\x20\x62\x70\x66\x5f\x70\x72\x69\x6e\x74\x6b\x28\x22\x66\x69\x65\
\x6c\x64\x20\x34\x20\x6f\x66\x66\x73\x65\x74\x20\x25\x64\x2c\x20\x70\x6f\x69\
\x6e\x74\x65\x72\x20\x25\x64\x22\x2c\x20\x76\x66\x2d\x3e\x66\x69\x65\x6c\x64\
\x73\x5b\x34\x5d\x2e\x6f\x66\x66\x73\x65\x74\x2c\0\x20\x20\x69\x66\x20\x28\x35\
\x20\x3e\x3d\x20\x76\x66\x2d\x3e\x73\x69\x7a\x65\x29\x20\x72\x65\x74\x75\x72\
\x6e\x20\x30\x3b\0\x20\x20\x62\x70\x66\x5f\x70\x72\x69\x6e\x74\x6b\x28\x22\x66\
\x69\x65\x6c\x64\x20\x35\x20\x6f\x66\x66\x73\x65\x74\x20\x25\x64\x2c\x20\x70\
\x6f\x69\x6e\x74\x65\x72\x20\x25\x64\x22\x2c\x20\x76\x66\x2d\x3e\x66\x69\x65\
\x6c\x64\x73\x5b\x35\x5d\x2e\x6f\x66\x66\x73\x65\x74\x2c\0\x2f\x68\x6f\x6d\x65\
\x2f\x74\x61\x6f\x64\x64\x2f\x63\x65\x70\x68\x74\x72\x61\x63\x65\x2f\x73\x72\
\x63\x2f\x6f\x73\x64\x74\x72\x61\x63\x65\x2e\x62\x70\x66\x2e\x63\0\x69\x6e\x74\
\x20\x75\x70\x72\x6f\x62\x65\x5f\x65\x6e\x71\x75\x65\x75\x65\x5f\x6f\x70\x28\
\x73\x74\x72\x75\x63\x74\x20\x70\x74\x5f\x72\x65\x67\x73\x20\x2a\x63\x74\x78\
\x29\x20\x7b\0\x20\x20\x69\x6e\x74\x20\x76\x61\x72\x69\x64\x20\x3d\x20\x30\x3b\
\0\x20\x20\x6d\x65\x6d\x73\x65\x74\x28\x26\x6b\x65\x79\x2c\x20\x30\x2c\x20\x73\
\x69\x7a\x65\x6f\x66\x28\x6b\x65\x79\x29\x29\x3b\0\x20\x20\x5f\x5f\x75\x31\x36\
\x20\x6f\x70\x5f\x74\x79\x70\x65\x20\x3d\x20\x30\x3b\0\x20\x20\x73\x74\x72\x75\
\x63\x74\x20\x56\x61\x72\x46\x69\x65\x6c\x64\x20\x2a\x76\x66\x20\x3d\x20\x62\
\x70\x66\x5f\x6d\x61\x70\x5f\x6c\x6f\x6f\x6b\x75\x70\x5f\x65\x6c\x65\x6d\x28\
\x26\x68\x70\x72\x6f\x62\x65\x73\x2c\x20\x26\x76\x61\x72\x69\x64\x29\x3b\0\x20\
\x20\x69\x66\x20\x28\x4e\x55\x4c\x4c\x20\x21\x3d\x20\x76\x66\x29\x20\x7b\0\x20\
\x20\x20\x20\x62\x70\x66\x5f\x70\x72\x69\x6e\x74\x6b\x28\x22\x75\x70\x72\x6f\
\x62\x65\x5f\x65\x6e\x71\x75\x65\x75\x65\x5f\x6f\x70\x20\x67\x6f\x74\x20\x4e\
\x55\x4c\x4c\x20\x76\x66\x20\x61\x74\x20\x76\x61\x72\x69\x64\x20\x25\x64\x5c\
\x6e\x22\x2c\x20\x76\x61\x72\x69\x64\x29\x3b\0\x20\x20\x20\x20\x76\x20\x3d\x20\
\x66\x65\x74\x63\x68\x5f\x72\x65\x67\x69\x73\x74\x65\x72\x28\x63\x74\x78\x2c\
\x20\x76\x66\x2d\x3e\x76\x61\x72\x6c\x6f\x63\x2e\x72\x65\x67\x29\x3b\0\x20\x20\
\x20\x20\x5f\x5f\x75\x36\x34\x20\x6f\x70\x5f\x74\x79\x70\x65\x5f\x61\x64\x64\
\x72\x20\x3d\x20\x66\x65\x74\x63\x68\x5f\x76\x61\x72\x5f\x6d\x65\x6d\x62\x65\
\x72\x5f\x61\x64\x64\x72\x28\x76\x2c\x20\x76\x66\x29\x3b\0\x20\x20\x20\x20\x62\
\x70\x66\x5f\x70\x72\x6f\x62\x65\x5f\x72\x65\x61\x64\x5f\x75\x73\x65\x72\x28\
\x26\x6f\x70\x5f\x74\x79\x70\x65\x2c\x20\x73\x69\x7a\x65\x6f\x66\x28\x6f\x70\
\x5f\x74\x79\x70\x65\x29\x2c\x20\x28\x76\x6f\x69\x64\x20\x2a\x29\x6f\x70\x5f\
\x74\x79\x70\x65\x5f\x61\x64\x64\x72\x29\x3b\0\x20\x20\x69\x66\x20\x28\x6f\x70\
\x5f\x74\x79\x70\x65\x20\x21\x3d\x20\x4d\x53\x47\x5f\x4f\x53\x44\x5f\x4f\x50\
\x20\x26\x26\x20\x6f\x70\x5f\x74\x79\x70\x65\x20\x21\x3d\x20\x4d\x53\x47\x5f\
\x4f\x53\x44\x5f\x52\x45\x50\x4f\x50\x29\x20\x7b\0\x20\x20\x20\x20\x62\x70\x66\
\x5f\x70\x72\x69\x6e\x74\x6b\x28\x22\x75\x70\x72\x6f\x62\x65\x5f\x65\x6e\x71\
\x75\x65\x75\x65\x5f\x6f\x70\x20\x67\x6f\x74\x20\x61\x20\x6e\x6f\x6e\x20\x6f\
\x73\x64\x6f\x70\x2f\x6f\x73\x64\x72\x65\x70\x6f\x70\x20\x25\x64\x2c\x20\x69\
\x67\x6e\x6f\x72\x65\x5c\x6e\x22\x2c\x20\x6f\x70\x5f\x74\x79\x70\x65\x29\x3b\0\
\x20\x20\x76\x61\x72\x69\x64\x2b\x2b\x3b\0\x20\x20\x76\x66\x20\x3d\x20\x62\x70\
\x66\x5f\x6d\x61\x70\x5f\x6c\x6f\x6f\x6b\x75\x70\x5f\x65\x6c\x65\x6d\x28\x26\
\x68\x70\x72\x6f\x62\x65\x73\x2c\x20\x26\x76\x61\x72\x69\x64\x29\x3b\0\x20\x20\
\x20\x20\x5f\x5f\x75\x36\x34\x20\x6e\x75\x6d\x5f\x61\x64\x64\x72\x20\x3d\x20\
\x66\x65\x74\x63\x68\x5f\x76\x61\x72\x5f\x6d\x65\x6d\x62\x65\x72\x5f\x61\x64\
\x64\x72\x28\x76\x2c\x20\x76\x66\x29\x3b\0\x20\x20\x20\x20\x62\x70\x66\x5f\x70\
\x72\x6f\x62\x65\x5f\x72\x65\x61\x64\x5f\x75\x73\x65\x72\x28\x26\x6b\x65\x79\
\x2e\x6f\x77\x6e\x65\x72\x2c\x20\x73\x69\x7a\x65\x6f\x66\x28\x6b\x65\x79\x2e\
\x6f\x77\x6e\x65\x72\x29\x2c\x20\x28\x76\x6f\x69\x64\x20\x2a\x29\x6e\x75\x6d\
\x5f\x61\x64\x64\x72\x29\x3b\0\x20\x20\x2b\x2b\x76\x61\x72\x69\x64\x3b\0\x20\
\x20\x20\x20\x5f\x5f\x75\x36\x34\x20\x74\x69\x64\x5f\x61\x64\x64\x72\x20\x3d\
\x20\x66\x65\x74\x63\x68\x5f\x76\x61\x72\x5f\x6d\x65\x6d\x62\x65\x72\x5f\x61\
\x64\x64\x72\x28\x76\x2c\x20\x76\x66\x29\x3b\0\x20\x20\x20\x20\x62\x70\x66\x5f\
\x70\x72\x6f\x62\x65\x5f\x72\x65\x61\x64\x5f\x75\x73\x65\x72\x28\x26\x6b\x65\
\x79\x2e\x74\x69\x64\x2c\x20\x73\x69\x7a\x65\x6f\x66\x28\x6b\x65\x79\x2e\x74\
\x69\x64\x29\x2c\x20\x28\x76\x6f\x69\x64\x20\x2a\x29\x74\x69\x64\x5f\x61\x64\
\x64\x72\x29\x3b\0\x20\x20\x6b\x65\x79\x2e\x70\x69\x64\x20\x3d\x20\x67\x65\x74\
\x5f\x70\x69\x64\x28\x29\x3b\0\x20\x20\x73\x74\x72\x75\x63\x74\x20\x6f\x70\x5f\
\x76\x20\x2a\x65\x78\x69\x73\x74\x69\x6e\x67\x20\x3d\x20\x62\x70\x66\x5f\x6d\
\x61\x70\x5f\x6c\x6f\x6f\x6b\x75\x70\x5f\x65\x6c\x65\x6d\x28\x26\x6f\x70\x73\
\x2c\x20\x26\x6b\x65\x79\x29\x3b\0\x20\x20\x69\x66\x20\x28\x65\x78\x69\x73\x74\
\x69\x6e\x67\x20\x21\x3d\x20\x4e\x55\x4c\x4c\x29\x20\x7b\0\x20\x20\x20\x20\x5f\
\x5f\x75\x36\x34\x20\x61\x67\x65\x5f\x6e\x73\x20\x3d\x20\x62\x70\x66\x5f\x6b\
\x74\x69\x6d\x65\x5f\x67\x65\x74\x5f\x62\x6f\x6f\x74\x5f\x6e\x73\x28\x29\x20\
\x2d\x20\x65\x78\x69\x73\x74\x69\x6e\x67\x2d\x3e\x65\x6e\x71\x75\x65\x75\x65\
\x5f\x73\x74\x61\x6d\x70\x3b\0\x20\x20\x20\x20\x69\x66\x20\x28\x61\x67\x65\x5f\
\x6e\x73\x20\x3c\x20\x35\x30\x30\x30\x30\x30\x30\x30\x30\x30\x55\x4c\x4c\x29\
\x20\x7b\0\x20\x20\x20\x20\x62\x70\x66\x5f\x70\x72\x69\x6e\x74\x6b\x28\x22\x75\
\x70\x72\x6f\x62\x65\x5f\x65\x6e\x71\x75\x65\x75\x65\x5f\x6f\x70\x3a\x20\x6f\
\x72\x70\x68\x61\x6e\x20\x63\x6c\x65\x61\x6e\x75\x70\x2c\x20\x6f\x76\x65\x72\
\x77\x72\x69\x74\x69\x6e\x67\x20\x73\x74\x61\x6c\x65\x20\x65\x6e\x74\x72\x79\
\x20\x28\x63\x6c\x69\x65\x6e\x74\x3d\x25\x6c\x6c\x64\x20\x74\x69\x64\x3d\x25\
\x6c\x6c\x64\x20\x61\x67\x65\x5f\x6e\x73\x3d\x25\x6c\x6c\x75\x29\x5c\x6e\x22\
\x2c\0\x20\x20\x6d\x65\x6d\x73\x65\x74\x28\x26\x76\x61\x6c\x75\x65\x2c\x20\x30\
\x2c\x20\x73\x69\x7a\x65\x6f\x66\x28\x76\x61\x6c\x75\x65\x29\x29\x3b\0\x20\x20\
\x76\x61\x6c\x75\x65\x2e\x65\x6e\x71\x75\x65\x75\x65\x5f\x73\x74\x61\x6d\x70\
\x20\x3d\x20\x62\x70\x66\x5f\x6b\x74\x69\x6d\x65\x5f\x67\x65\x74\x5f\x62\x6f\
\x6f\x74\x5f\x6e\x73\x28\x29\x3b\0\x20\x20\x76\x61\x6c\x75\x65\x2e\x70\x69\x2e\
\x70\x65\x65\x72\x31\x20\x3d\x20\x2d\x31\x3b\0\x20\x20\x76\x61\x6c\x75\x65\x2e\
\x70\x69\x64\x20\x3d\x20\x6b\x65\x79\x2e\x70\x69\x64\x3b\0\x20\x20\x76\x61\x6c\
\x75\x65\x2e\x74\x69\x64\x20\x3d\x20\x6b\x65\x79\x2e\x74\x69\x64\x3b\0\x20\x20\
\x76\x61\x6c\x75\x65\x2e\x6f\x77\x6e\x65\x72\x20\x3d\x20\x6b\x65\x79\x2e\x6f\
\x77\x6e\x65\x72\x3b\0\x20\x20\x76\x61\x6c\x75\x65\x2e\x6f\x70\x5f\x74\x79\x70\
\x65\x20\x3d\x20\x6f\x70\x5f\x74\x79\x70\x65\x3b\0\x20\x20\x20\x20\x5f\x5f\x75\
\x36\x34\x20\x72\x65\x63\x76\x5f\x73\x74\x61\x6d\x70\x5f\x61\x64\x64\x72\x20\
\x3d\x20\x66\x65\x74\x63\x68\x5f\x76\x61\x72\x5f\x6d\x65\x6d\x62\x65\x72\x5f\
\x61\x64\x64\x72\x28\x76\x2c\x20\x76\x66\x29\x3b\0\x20\x20\x20\x20\x62\x70\x66\
\x5f\x70\x72\x6f\x62\x65\x5f\x72\x65\x61\x64\x5f\x75\x73\x65\x72\x28\x26\x73\
\x74\x61\x6d\x70\x2e\x73\x65\x63\x2c\x20\x73\x69\x7a\x65\x6f\x66\x28\x73\x74\
\x61\x6d\x70\x2e\x73\x65\x63\x29\x2c\x20\x28\x76\x6f\x69\x64\x20\x2a\x29\x72\
\x65\x63\x76\x5f\x73\x74\x61\x6d\x70\x5f\x61\x64\x64\x72\x29\x3b\0\x20\x20\x20\
\x20\x20\x20\x20\x20\x20\x20\x20\x20\x20\x20\x20\x20\x20\x20\x20\x20\x20\x20\
\x20\x20\x28\x76\x6f\x69\x64\x20\x2a\x29\x28\x72\x65\x63\x76\x5f\x73\x74\x61\
\x6d\x70\x5f\x61\x64\x64\x72\x20\x2b\x20\x34\x29\x29\x3b\0\x20\x20\x20\x20\x62\
\x70\x66\x5f\x70\x72\x6f\x62\x65\x5f\x72\x65\x61\x64\x5f\x75\x73\x65\x72\x28\
\x26\x73\x74\x61\x6d\x70\x2e\x6e\x73\x65\x63\x2c\x20\x73\x69\x7a\x65\x6f\x66\
\x28\x73\x74\x61\x6d\x70\x2e\x6e\x73\x65\x63\x29\x2c\0\x20\x20\x72\x65\x74\x75\
\x72\x6e\x20\x28\x5f\x5f\x75\x36\x34\x29\x75\x74\x2d\x3e\x73\x65\x63\x20\x2a\
\x20\x31\x30\x30\x30\x30\x30\x30\x30\x30\x30\x75\x6c\x6c\x20\x2b\x20\x28\x5f\
\x5f\x75\x36\x34\x29\x75\x74\x2d\x3e\x6e\x73\x65\x63\x3b\0\x20\x20\x20\x20\x76\
\x61\x6c\x75\x65\x2e\x72\x65\x63\x76\x5f\x73\x74\x61\x6d\x70\x20\x3d\x20\x74\
\x6f\x5f\x6e\x73\x65\x63\x28\x26\x73\x74\x61\x6d\x70\x29\x3b\0\x20\x20\x20\x20\
\x5f\x5f\x75\x36\x34\x20\x74\x68\x72\x6f\x74\x74\x6c\x65\x5f\x73\x74\x61\x6d\
\x70\x5f\x61\x64\x64\x72\x20\x3d\x20\x66\x65\x74\x63\x68\x5f\x76\x61\x72\x5f\
\x6d\x65\x6d\x62\x65\x72\x5f\x61\x64\x64\x72\x28\x76\x2c\x20\x76\x66\x29\x3b\0\
\x20\x20\x20\x20\x62\x70\x66\x5f\x70\x72\x6f\x62\x65\x5f\x72\x65\x61\x64\x5f\
\x75\x73\x65\x72\x28\x26\x73\x74\x61\x6d\x70\x2e\x73\x65\x63\x2c\x20\x73\x69\
\x7a\x65\x6f\x66\x28\x73\x74\x61\x6d\x70\x2e\x73\x65\x63\x29\x2c\x20\x28\x76\
\x6f\x69\x64\x20\x2a\x29\x74\x68\x72\x6f\x74\x74\x6c\x65\x5f\x73\x74\x61\x6d\
\x70\x5f\x61\x64\x64\x72\x29\x3b\0\x20\x20\x20\x20\x20\x20\x20\x20\x20\x20\x20\
\x20\x20\x20\x20\x20\x20\x20\x20\x20\x20\x20\x20\x20\x28\x76\x6f\x69\x64\x20\
\x2a\x29\x28\x74\x68\x72\x6f\x74\x74\x6c\x65\x5f\x73\x74\x61\x6d\x70\x5f\x61\
\x64\x64\x72\x20\x2b\x20\x34\x29\x29\x3b\0\x20\x20\x20\x20\x76\x61\x6c\x75\x65\
\x2e\x74\x68\x72\x6f\x74\x74\x6c\x65\x5f\x73\x74\x61\x6d\x70\x20\x3d\x20\x74\
\x6f\x5f\x6e\x73\x65\x63\x28\x26\x73\x74\x61\x6d\x70\x29\x3b\0\x20\x20\x20\x20\
\x5f\x5f\x75\x36\x34\x20\x72\x65\x63\x76\x5f\x63\x6f\x6d\x70\x6c\x65\x74\x65\
\x5f\x73\x74\x61\x6d\x70\x5f\x61\x64\x64\x72\x20\x3d\x20\x66\x65\x74\x63\x68\
\x5f\x76\x61\x72\x5f\x6d\x65\x6d\x62\x65\x72\x5f\x61\x64\x64\x72\x28\x76\x2c\
\x20\x76\x66\x29\x3b\0\x20\x20\x20\x20\x62\x70\x66\x5f\x70\x72\x6f\x62\x65\x5f\
\x72\x65\x61\x64\x5f\x75\x73\x65\x72\x28\x26\x73\x74\x61\x6d\x70\x2e\x73\x65\
\x63\x2c\x20\x73\x69\x7a\x65\x6f\x66\x28\x73\x74\x61\x6d\x70\x2e\x73\x65\x63\
\x29\x2c\0\x20\x20\x20\x20\x20\x20\x20\x20\x20\x20\x20\x20\x20\x20\x20\x20\x20\
\x20\x20\x20\x20\x20\x20\x20\x28\x76\x6f\x69\x64\x20\x2a\x29\x28\x72\x65\x63\
\x76\x5f\x63\x6f\x6d\x70\x6c\x65\x74\x65\x5f\x73\x74\x61\x6d\x70\x5f\x61\x64\
\x64\x72\x20\x2b\x20\x34\x29\x29\x3b\0\x20\x20\x20\x20\x76\x61\x6c\x75\x65\x2e\
\x72\x65\x63\x76\x5f\x63\x6f\x6d\x70\x6c\x65\x74\x65\x5f\x73\x74\x61\x6d\x70\
\x20\x3d\x20\x74\x6f\x5f\x6e\x73\x65\x63\x28\x26\x73\x74\x61\x6d\x70\x29\x3b\0\
\x20\x20\x20\x20\x5f\x5f\x75\x36\x34\x20\x64\x69\x73\x70\x61\x74\x63\x68\x5f\
\x73\x74\x61\x6d\x70\x5f\x61\x64\x64\x72\x20\x3d\x20\x66\x65\x74\x63\x68\x5f\
\x76\x61\x72\x5f\x6d\x65\x6d\x62\x65\x72\x5f\x61\x64\x64\x72\x28\x76\x2c\x20\
\x76\x66\x29\x3b\0\x20\x20\x20\x20\x20\x20\x20\x20\x20\x20\x20\x20\x20\x20\x20\
\x20\x20\x20\x20\x20\x20\x20\x20\x20\x28\x76\x6f\x69\x64\x20\x2a\x29\x28\x64\
\x69\x73\x70\x61\x74\x63\x68\x5f\x73\x74\x61\x6d\x70\x5f\x61\x64\x64\x72\x20\
\x2b\x20\x34\x29\x29\x3b\0\x20\x20\x20\x20\x76\x61\x6c\x75\x65\x2e\x64\x69\x73\
\x70\x61\x74\x63\x68\x5f\x73\x74\x61\x6d\x70\x20\x3d\x20\x74\x6f\x5f\x6e\x73\
\x65\x63\x28\x26\x73\x74\x61\x6d\x70\x29\x3b\0\x20\x20\x62\x70\x66\x5f\x6d\x61\
\x70\x5f\x75\x70\x64\x61\x74\x65\x5f\x65\x6c\x65\x6d\x28\x26\x6f\x70\x73\x2c\
\x20\x26\x6b\x65\x79\x2c\x20\x26\x76\x61\x6c\x75\x65\x2c\x20\x30\x29\x3b\0\x20\
\x20\x20\x20\x20\x20\x62\x70\x66\x5f\x70\x72\x69\x6e\x74\x6b\x28\x22\x75\x70\
\x72\x6f\x62\x65\x5f\x65\x6e\x71\x75\x65\x75\x65\x5f\x6f\x70\x3a\x20\x72\x65\
\x74\x72\x79\x20\x64\x65\x74\x65\x63\x74\x65\x64\x2c\x20\x70\x72\x65\x73\x65\
\x72\x76\x69\x6e\x67\x20\x6f\x72\x69\x67\x69\x6e\x61\x6c\x20\x74\x72\x61\x63\
\x6b\x69\x6e\x67\x20\x28\x63\x6c\x69\x65\x6e\x74\x3d\x25\x6c\x6c\x64\x20\x74\
\x69\x64\x3d\x25\x6c\x6c\x64\x20\x61\x67\x65\x5f\x6e\x73\x3d\x25\x6c\x6c\x75\
\x29\x5c\x6e\x22\x2c\0\x69\x6e\x74\x20\x75\x70\x72\x6f\x62\x65\x5f\x64\x65\x71\
\x75\x65\x75\x65\x5f\x6f\x70\x28\x73\x74\x72\x75\x63\x74\x20\x70\x74\x5f\x72\
\x65\x67\x73\x20\x2a\x63\x74\x78\x29\x20\x7b\0\x20\x20\x62\x70\x66\x5f\x70\x72\
\x69\x6e\x74\x6b\x28\x22\x45\x6e\x74\x65\x72\x65\x64\x20\x69\x6e\x74\x6f\x20\
\x75\x70\x72\x6f\x62\x65\x5f\x64\x65\x71\x75\x65\x75\x65\x5f\x6f\x70\x5c\x6e\
\x22\x29\x3b\0\x20\x20\x69\x6e\x74\x20\x76\x61\x72\x69\x64\x20\x3d\x20\x31\x30\
\x3b\0\x20\x20\x20\x20\x62\x70\x66\x5f\x70\x72\x69\x6e\x74\x6b\x28\x22\x75\x70\
\x72\x6f\x62\x65\x5f\x64\x65\x71\x75\x65\x75\x65\x5f\x6f\x70\x20\x67\x6f\x74\
\x20\x4e\x55\x4c\x4c\x20\x76\x66\x20\x61\x74\x20\x76\x61\x72\x69\x64\x20\x25\
\x64\x5c\x6e\x22\x2c\x20\x76\x61\x72\x69\x64\x29\x3b\0\x20\x20\x20\x20\x62\x70\
\x66\x5f\x70\x72\x69\x6e\x74\x6b\x28\x22\x75\x70\x72\x6f\x62\x65\x5f\x64\x65\
\x71\x75\x65\x75\x65\x5f\x6f\x70\x20\x67\x6f\x74\x20\x6e\x6f\x6e\x20\x6f\x73\
\x64\x6f\x70\x20\x6f\x72\x20\x72\x65\x70\x6f\x70\x20\x74\x79\x70\x65\x20\x25\
\x64\x2c\x20\x69\x67\x6e\x6f\x72\x65\x5c\x6e\x22\x2c\x20\x6f\x70\x5f\x74\x79\
\x70\x65\x29\x3b\0\x20\x20\x62\x70\x66\x5f\x70\x72\x69\x6e\x74\x6b\x28\x22\x45\
\x6e\x74\x65\x72\x65\x64\x20\x69\x6e\x74\x6f\x20\x75\x70\x72\x6f\x62\x65\x5f\
\x64\x65\x71\x75\x65\x75\x65\x5f\x6f\x70\x20\x6b\x65\x79\x20\x6f\x77\x6e\x65\
\x72\x20\x25\x6c\x6c\x64\x2c\x20\x74\x69\x64\x20\x25\x6c\x6c\x64\x5c\x6e\x22\
\x2c\0\x20\x20\x73\x74\x72\x75\x63\x74\x20\x6f\x70\x5f\x76\x20\x2a\x76\x70\x20\
\x3d\x20\x62\x70\x66\x5f\x6d\x61\x70\x5f\x6c\x6f\x6f\x6b\x75\x70\x5f\x65\x6c\
\x65\x6d\x28\x26\x6f\x70\x73\x2c\x20\x26\x6b\x65\x79\x29\x3b\0\x20\x20\x69\x66\
\x20\x28\x4e\x55\x4c\x4c\x20\x3d\x3d\x20\x76\x70\x29\x20\x7b\0\x20\x20\x69\x66\
\x20\x28\x76\x70\x2d\x3e\x64\x65\x71\x75\x65\x75\x65\x5f\x73\x74\x61\x6d\x70\
\x20\x3d\x3d\x20\x30\x29\0\x20\x20\x20\x20\x76\x70\x2d\x3e\x64\x65\x71\x75\x65\
\x75\x65\x5f\x73\x74\x61\x6d\x70\x20\x3d\x20\x62\x70\x66\x5f\x6b\x74\x69\x6d\
\x65\x5f\x67\x65\x74\x5f\x62\x6f\x6f\x74\x5f\x6e\x73\x28\x29\x3b\0\x20\x20\x20\
\x20\x5f\x5f\x75\x36\x34\x20\x6d\x5f\x70\x6f\x6f\x6c\x5f\x61\x64\x64\x72\x20\
\x3d\x20\x66\x65\x74\x63\x68\x5f\x76\x61\x72\x5f\x6d\x65\x6d\x62\x65\x72\x5f\
\x61\x64\x64\x72\x28\x76\x2c\x20\x76\x66\x29\x3b\0\x20\x20\x20\x20\x62\x70\x66\
\x5f\x70\x72\x6f\x62\x65\x5f\x72\x65\x61\x64\x5f\x75\x73\x65\x72\x28\x26\x6d\
\x5f\x70\x6f\x6f\x6c\x2c\x20\x73\x69\x7a\x65\x6f\x66\x28\x6d\x5f\x70\x6f\x6f\
\x6c\x29\x2c\x28\x76\x6f\x69\x64\x20\x2a\x29\x6d\x5f\x70\x6f\x6f\x6c\x5f\x61\
\x64\x64\x72\x29\x3b\0\x20\x20\x20\x20\x76\x70\x2d\x3e\x6d\x5f\x70\x6f\x6f\x6c\
\x20\x3d\x20\x6d\x5f\x70\x6f\x6f\x6c\x3b\0\x20\x20\x20\x20\x5f\x5f\x75\x36\x34\
\x20\x6d\x5f\x73\x65\x65\x64\x5f\x61\x64\x64\x72\x20\x3d\x20\x66\x65\x74\x63\
\x68\x5f\x76\x61\x72\x5f\x6d\x65\x6d\x62\x65\x72\x5f\x61\x64\x64\x72\x28\x76\
\x2c\x20\x76\x66\x29\x3b\0\x20\x20\x20\x20\x62\x70\x66\x5f\x70\x72\x6f\x62\x65\
\x5f\x72\x65\x61\x64\x5f\x75\x73\x65\x72\x28\x26\x6d\x5f\x73\x65\x65\x64\x2c\
\x20\x73\x69\x7a\x65\x6f\x66\x28\x6d\x5f\x73\x65\x65\x64\x29\x2c\x28\x76\x6f\
\x69\x64\x20\x2a\x29\x6d\x5f\x73\x65\x65\x64\x5f\x61\x64\x64\x72\x29\x3b\0\x20\
\x20\x20\x20\x76\x70\x2d\x3e\x6d\x5f\x73\x65\x65\x64\x20\x3d\x20\x6d\x5f\x73\
\x65\x65\x64\x3b\0\x20\x20\x5f\x5f\x75\x36\x34\x20\x70\x74\x69\x64\x20\x3d\x20\
\x62\x70\x66\x5f\x67\x65\x74\x5f\x63\x75\x72\x72\x65\x6e\x74\x5f\x70\x69\x64\
\x5f\x74\x67\x69\x64\x28\x29\x3b\0\x20\x20\x62\x70\x66\x5f\x6d\x61\x70\x5f\x75\
\x70\x64\x61\x74\x65\x5f\x65\x6c\x65\x6d\x28\x26\x70\x74\x69\x64\x5f\x6f\x70\
\x6b\x2c\x20\x26\x70\x74\x69\x64\x2c\x20\x26\x6b\x65\x79\x2c\x20\x30\x29\x3b\0\
\x20\x20\x20\x20\x62\x70\x66\x5f\x70\x72\x69\x6e\x74\x6b\x28\x22\x75\x70\x72\
\x6f\x62\x65\x5f\x64\x65\x71\x75\x65\x75\x65\x5f\x6f\x70\x2c\x20\x6e\x6f\x20\
\x70\x72\x65\x76\x69\x6f\x75\x73\x20\x65\x6e\x71\x75\x65\x75\x65\x5f\x6f\x70\
\x20\x69\x6e\x66\x6f\x2c\x20\x6f\x77\x6e\x65\x72\x20\x25\x6c\x6c\x64\x2c\x20\
\x74\x69\x64\x20\x25\x6c\x6c\x64\x5c\x6e\x22\x2c\x20\x6b\x65\x79\x2e\x6f\x77\
\x6e\x65\x72\x2c\x20\x6b\x65\x79\x2e\x74\x69\x64\x29\x3b\0\x69\x6e\x74\x20\x75\
\x70\x72\x6f\x62\x65\x5f\x65\x78\x65\x63\x75\x74\x65\x5f\x63\x74\x78\x28\x73\
\x74\x72\x75\x63\x74\x20\x70\x74\x5f\x72\x65\x67\x73\x20\x2a\x63\x74\x78\x29\
\x20\x7b\0\x20\x20\x62\x70\x66\x5f\x70\x72\x69\x6e\x74\x6b\x28\x22\x45\x6e\x74\
\x65\x72\x65\x64\x20\x69\x6e\x74\x6f\x20\x75\x70\x72\x6f\x62\x65\x5f\x65\x78\
\x65\x63\x75\x74\x65\x5f\x63\x74\x78\x5c\x6e\x22\x29\x3b\0\x20\x20\x69\x6e\x74\
\x20\x76\x61\x72\x69\x64\x20\x3d\x20\x32\x30\x3b\0\x20\x20\x20\x20\x62\x70\x66\
\x5f\x70\x72\x69\x6e\x74\x6b\x28\x22\x75\x70\x72\x6f\x62\x65\x5f\x65\x78\x65\
\x63\x75\x74\x65\x5f\x63\x74\x78\x20\x67\x6f\x74\x20\x4e\x55\x4c\x4c\x20\x76\
\x66\x20\x61\x74\x20\x76\x61\x72\x69\x64\x20\x25\x64\x5c\x6e\x22\x2c\x20\x76\
\x61\x72\x69\x64\x29\x3b\0\x20\x20\x62\x70\x66\x5f\x70\x72\x69\x6e\x74\x6b\x28\
\x22\x45\x6e\x74\x65\x72\x65\x64\x20\x69\x6e\x74\x6f\x20\x75\x70\x72\x6f\x62\
\x65\x5f\x65\x78\x65\x63\x75\x74\x65\x5f\x63\x74\x78\x20\x6b\x65\x79\x20\x6f\
\x77\x6e\x65\x72\x20\x25\x6c\x6c\x64\x2c\x20\x74\x69\x64\x20\x25\x6c\x6c\x64\
\x20\x5c\x6e\x22\x2c\0\x20\x20\x69\x66\x20\x28\x4e\x55\x4c\x4c\x20\x21\x3d\x20\
\x76\x70\x29\x20\x7b\0\x20\x20\x20\x20\x76\x70\x2d\x3e\x65\x78\x65\x63\x75\x74\
\x65\x5f\x63\x74\x78\x5f\x73\x74\x61\x6d\x70\x20\x3d\x20\x62\x70\x66\x5f\x6b\
\x74\x69\x6d\x65\x5f\x67\x65\x74\x5f\x62\x6f\x6f\x74\x5f\x6e\x73\x28\x29\x3b\0\
\x20\x20\x20\x20\x62\x70\x66\x5f\x70\x72\x69\x6e\x74\x6b\x28\0\x69\x6e\x74\x20\
\x75\x70\x72\x6f\x62\x65\x5f\x73\x75\x62\x6d\x69\x74\x5f\x74\x72\x61\x6e\x73\
\x61\x63\x74\x69\x6f\x6e\x28\x73\x74\x72\x75\x63\x74\x20\x70\x74\x5f\x72\x65\
\x67\x73\x20\x2a\x63\x74\x78\x29\x20\x7b\0\x20\x20\x62\x70\x66\x5f\x70\x72\x69\
\x6e\x74\x6b\x28\x22\x45\x6e\x74\x65\x72\x65\x64\x20\x69\x6e\x74\x6f\x20\x75\
\x70\x72\x6f\x62\x65\x5f\x73\x75\x62\x6d\x69\x74\x5f\x74\x72\x61\x6e\x73\x61\
\x63\x74\x69\x6f\x6e\x5c\x6e\x22\x29\x3b\0\x20\x20\x69\x6e\x74\x20\x76\x61\x72\
\x69\x64\x20\x3d\x20\x33\x30\x3b\0\x20\x20\x20\x20\x62\x70\x66\x5f\x70\x72\x69\
\x6e\x74\x6b\x28\x22\x75\x70\x72\x6f\x62\x65\x5f\x73\x75\x62\x6d\x69\x74\x5f\
\x74\x72\x61\x6e\x73\x61\x63\x74\x69\x6f\x6e\x20\x67\x6f\x74\x20\x4e\x55\x4c\
\x4c\x20\x76\x66\x20\x61\x74\x20\x76\x61\x72\x69\x64\x20\x25\x64\x5c\x6e\x22\
\x2c\x20\x76\x61\x72\x69\x64\x29\x3b\0\x20\x20\x62\x70\x66\x5f\x70\x72\x69\x6e\
\x74\x6b\x28\0\x20\x20\x20\x20\x76\x70\x2d\x3e\x73\x75\x62\x6d\x69\x74\x5f\x74\
\x72\x61\x6e\x73\x61\x63\x74\x69\x6f\x6e\x5f\x73\x74\x61\x6d\x70\x20\x3d\x20\
\x62\x70\x66\x5f\x6b\x74\x69\x6d\x65\x5f\x67\x65\x74\x5f\x62\x6f\x6f\x74\x5f\
\x6e\x73\x28\x29\x3b\0\x20\x20\x20\x20\x5f\x5f\x75\x36\x34\x20\x70\x74\x69\x64\
\x20\x3d\x20\x62\x70\x66\x5f\x67\x65\x74\x5f\x63\x75\x72\x72\x65\x6e\x74\x5f\
\x70\x69\x64\x5f\x74\x67\x69\x64\x28\x29\x3b\0\x20\x20\x20\x20\x62\x70\x66\x5f\
\x6d\x61\x70\x5f\x75\x70\x64\x61\x74\x65\x5f\x65\x6c\x65\x6d\x28\x26\x70\x74\
\x69\x64\x5f\x6f\x70\x6b\x2c\x20\x26\x70\x74\x69\x64\x2c\x20\x26\x6b\x65\x79\
\x2c\x20\x30\x29\x3b\0\x20\x20\x62\x70\x66\x5f\x70\x72\x69\x6e\x74\x6b\x28\x22\
\x45\x6e\x74\x65\x72\x65\x64\x20\x69\x6e\x74\x6f\x20\x75\x70\x72\x6f\x62\x65\
\x5f\x71\x75\x65\x75\x65\x5f\x74\x72\x61\x6e\x73\x61\x63\x74\x69\x6f\x6e\x73\
\x5c\x6e\x22\x29\x3b\0\x20\x20\x73\x74\x72\x75\x63\x74\x20\x6f\x70\x5f\x6b\x20\
\x2a\x6b\x65\x79\x20\x3d\x20\x62\x70\x66\x5f\x6d\x61\x70\x5f\x6c\x6f\x6f\x6b\
\x75\x70\x5f\x65\x6c\x65\x6d\x28\x26\x70\x74\x69\x64\x5f\x6f\x70\x6b\x2c\x20\
\x26\x70\x74\x69\x64\x29\x3b\0\x20\x20\x69\x66\x20\x28\x4e\x55\x4c\x4c\x20\x21\
\x3d\x20\x6b\x65\x79\x29\x20\x7b\0\x20\x20\x20\x20\x73\x74\x72\x75\x63\x74\x20\
\x6f\x70\x5f\x76\x20\x2a\x76\x70\x20\x3d\x20\x62\x70\x66\x5f\x6d\x61\x70\x5f\
\x6c\x6f\x6f\x6b\x75\x70\x5f\x65\x6c\x65\x6d\x28\x26\x6f\x70\x73\x2c\x20\x6b\
\x65\x79\x29\x3b\0\x20\x20\x20\x20\x69\x66\x20\x28\x4e\x55\x4c\x4c\x20\x21\x3d\
\x20\x76\x70\x29\x20\x7b\0\x20\x20\x20\x20\x20\x20\x76\x70\x2d\x3e\x71\x75\x65\
\x75\x65\x5f\x74\x72\x61\x6e\x73\x61\x63\x74\x69\x6f\x6e\x5f\x73\x74\x61\x6d\
\x70\x20\x3d\x20\x62\x70\x66\x5f\x6b\x74\x69\x6d\x65\x5f\x67\x65\x74\x5f\x62\
\x6f\x6f\x74\x5f\x6e\x73\x28\x29\x3b\0\x20\x20\x20\x20\x62\x70\x66\x5f\x70\x72\
\x69\x6e\x74\x6b\x28\x22\x75\x70\x72\x6f\x62\x65\x5f\x71\x75\x65\x75\x65\x5f\
\x74\x72\x61\x6e\x73\x61\x63\x74\x69\x6f\x6e\x2c\x20\x6e\x6f\x20\x70\x72\x65\
\x76\x69\x6f\x75\x73\x20\x70\x74\x69\x64\x20\x6d\x61\x74\x63\x68\x65\x64\x20\
\x25\x64\x5c\x6e\x22\x2c\x20\x70\x74\x69\x64\x29\x3b\0\x20\x20\x20\x20\x20\x20\
\x62\x70\x66\x5f\x70\x72\x69\x6e\x74\x6b\x28\0\x20\x20\x72\x65\x74\x75\x72\x6e\
\x20\x30\x3b\0\x20\x20\x62\x70\x66\x5f\x70\x72\x69\x6e\x74\x6b\x28\x22\x45\x6e\
\x74\x65\x72\x65\x64\x20\x69\x6e\x74\x6f\x20\x75\x70\x72\x6f\x62\x65\x5f\x64\
\x6f\x5f\x77\x72\x69\x74\x65\x5c\x6e\x22\x29\x3b\0\x20\x20\x20\x20\x20\x20\x76\
\x70\x2d\x3e\x64\x6f\x5f\x77\x72\x69\x74\x65\x5f\x73\x74\x61\x6d\x70\x20\x3d\
\x20\x62\x70\x66\x5f\x6b\x74\x69\x6d\x65\x5f\x67\x65\x74\x5f\x62\x6f\x6f\x74\
\x5f\x6e\x73\x28\x29\x3b\0\x20\x20\x20\x20\x62\x70\x66\x5f\x70\x72\x69\x6e\x74\
\x6b\x28\x22\x75\x70\x72\x6f\x62\x65\x5f\x64\x6f\x5f\x77\x72\x69\x74\x65\x2c\
\x20\x6e\x6f\x20\x70\x72\x65\x76\x69\x6f\x75\x73\x20\x74\x69\x64\x20\x6d\x61\
\x74\x63\x68\x65\x64\x20\x25\x64\x5c\x6e\x22\x2c\x20\x70\x74\x69\x64\x29\x3b\0\
\x69\x6e\x74\x20\x75\x70\x72\x6f\x62\x65\x5f\x77\x63\x74\x78\x5f\x66\x69\x6e\
\x69\x73\x68\x28\x73\x74\x72\x75\x63\x74\x20\x70\x74\x5f\x72\x65\x67\x73\x20\
\x2a\x63\x74\x78\x29\x20\x7b\0\x20\x20\x62\x70\x66\x5f\x70\x72\x69\x6e\x74\x6b\
\x28\x22\x45\x6e\x74\x65\x72\x65\x64\x20\x69\x6e\x74\x6f\x20\x75\x70\x72\x6f\
\x62\x65\x5f\x77\x63\x74\x78\x5f\x66\x69\x6e\x69\x73\x68\x5c\x6e\x22\x29\x3b\0\
\x20\x20\x20\x20\x20\x20\x76\x70\x2d\x3e\x77\x63\x74\x78\x5f\x66\x69\x6e\x69\
\x73\x68\x5f\x73\x74\x61\x6d\x70\x20\x3d\x20\x62\x70\x66\x5f\x6b\x74\x69\x6d\
\x65\x5f\x67\x65\x74\x5f\x62\x6f\x6f\x74\x5f\x6e\x73\x28\x29\x3b\0\x20\x20\x20\
\x20\x20\x20\x62\x70\x66\x5f\x6d\x61\x70\x5f\x64\x65\x6c\x65\x74\x65\x5f\x65\
\x6c\x65\x6d\x28\x26\x70\x74\x69\x64\x5f\x6f\x70\x6b\x2c\x20\x26\x70\x74\x69\
\x64\x29\x3b\x20\x2f\x2f\x20\x74\x68\x69\x73\x20\x77\x69\x6c\x6c\x20\x6e\x65\
\x65\x64\x20\x74\x6f\x20\x62\x65\x20\x64\x65\x6c\x61\x79\x65\x64\x20\x74\x6f\
\x20\x73\x75\x62\x6d\x69\x74\x5f\x62\x61\x74\x63\x68\0\x20\x20\x20\x20\x20\x20\
\x69\x6e\x74\x20\x76\x61\x72\x69\x64\x20\x3d\x20\x36\x30\x3b\0\x20\x20\x20\x20\
\x20\x20\x73\x74\x72\x75\x63\x74\x20\x56\x61\x72\x46\x69\x65\x6c\x64\x20\x2a\
\x76\x66\x20\x3d\x20\x62\x70\x66\x5f\x6d\x61\x70\x5f\x6c\x6f\x6f\x6b\x75\x70\
\x5f\x65\x6c\x65\x6d\x28\x26\x68\x70\x72\x6f\x62\x65\x73\x2c\x20\x26\x76\x61\
\x72\x69\x64\x29\x3b\0\x20\x20\x20\x20\x20\x20\x69\x66\x20\x28\x76\x66\x20\x3d\
\x3d\x20\x4e\x55\x4c\x4c\x29\x20\x72\x65\x74\x75\x72\x6e\x20\x30\x3b\0\x20\x20\
\x20\x20\x20\x20\x76\x20\x3d\x20\x66\x65\x74\x63\x68\x5f\x72\x65\x67\x69\x73\
\x74\x65\x72\x28\x63\x74\x78\x2c\x20\x76\x66\x2d\x3e\x76\x61\x72\x6c\x6f\x63\
\x2e\x72\x65\x67\x29\x3b\0\x20\x20\x20\x20\x20\x20\x5f\x5f\x75\x36\x34\x20\x73\
\x65\x71\x69\x64\x5f\x61\x64\x64\x72\x20\x3d\x20\x66\x65\x74\x63\x68\x5f\x76\
\x61\x72\x5f\x6d\x65\x6d\x62\x65\x72\x5f\x61\x64\x64\x72\x28\x76\x2c\x20\x76\
\x66\x29\x3b\0\x20\x20\x20\x20\x20\x20\x5f\x5f\x75\x33\x32\x20\x73\x65\x71\x69\
\x64\x20\x3d\x20\x30\x3b\0\x20\x20\x20\x20\x20\x20\x62\x70\x66\x5f\x70\x72\x6f\
\x62\x65\x5f\x72\x65\x61\x64\x5f\x75\x73\x65\x72\x28\x26\x73\x65\x71\x69\x64\
\x2c\x20\x73\x69\x7a\x65\x6f\x66\x28\x73\x65\x71\x69\x64\x29\x2c\x20\x28\x76\
\x6f\x69\x64\x20\x2a\x29\x73\x65\x71\x69\x64\x5f\x61\x64\x64\x72\x29\x3b\0\x20\
\x20\x20\x20\x20\x20\x2b\x2b\x76\x61\x72\x69\x64\x3b\0\x20\x20\x20\x20\x20\x20\
\x76\x66\x20\x3d\x20\x62\x70\x66\x5f\x6d\x61\x70\x5f\x6c\x6f\x6f\x6b\x75\x70\
\x5f\x65\x6c\x65\x6d\x28\x26\x68\x70\x72\x6f\x62\x65\x73\x2c\x20\x26\x76\x61\
\x72\x69\x64\x29\x3b\0\x20\x20\x20\x20\x20\x20\x5f\x5f\x75\x36\x34\x20\x73\x74\
\x61\x72\x74\x5f\x61\x64\x64\x72\x20\x3d\x20\x66\x65\x74\x63\x68\x5f\x76\x61\
\x72\x5f\x6d\x65\x6d\x62\x65\x72\x5f\x61\x64\x64\x72\x28\x76\x2c\x20\x76\x66\
\x29\x3b\0\x20\x20\x20\x20\x20\x20\x5f\x5f\x75\x36\x34\x20\x73\x74\x61\x72\x74\
\x20\x3d\x20\x30\x3b\0\x20\x20\x20\x20\x20\x20\x62\x70\x66\x5f\x70\x72\x6f\x62\
\x65\x5f\x72\x65\x61\x64\x5f\x75\x73\x65\x72\x28\x26\x73\x74\x61\x72\x74\x2c\
\x20\x73\x69\x7a\x65\x6f\x66\x28\x73\x74\x61\x72\x74\x29\x2c\x20\x28\x76\x6f\
\x69\x64\x20\x2a\x29\x73\x74\x61\x72\x74\x5f\x61\x64\x64\x72\x29\x3b\0\x20\x20\
\x20\x20\x20\x20\x63\x6b\x2e\x73\x65\x71\x69\x64\x20\x3d\x20\x73\x65\x71\x69\
\x64\x3b\0\x20\x20\x20\x20\x20\x20\x63\x6b\x2e\x73\x74\x61\x72\x74\x5f\x73\x74\
\x61\x6d\x70\x20\x3d\x20\x73\x74\x61\x72\x74\x3b\x20\0\x20\x20\x20\x20\x20\x20\
\x63\x6b\x2e\x70\x69\x64\x20\x3d\x20\x67\x65\x74\x5f\x70\x69\x64\x28\x29\x3b\
\x20\0\x20\x20\x20\x20\x20\x20\x62\x70\x66\x5f\x6d\x61\x70\x5f\x75\x70\x64\x61\
\x74\x65\x5f\x65\x6c\x65\x6d\x28\x26\x63\x74\x78\x5f\x6f\x70\x6b\x2c\x20\x26\
\x63\x6b\x2c\x20\x6b\x65\x79\x2c\x20\x30\x29\x3b\0\x20\x20\x20\x20\x62\x70\x66\
\x5f\x70\x72\x69\x6e\x74\x6b\x28\x22\x75\x70\x72\x6f\x62\x65\x5f\x77\x63\x74\
\x78\x5f\x66\x69\x6e\x69\x73\x68\x2c\x20\x6e\x6f\x20\x70\x72\x65\x76\x69\x6f\
\x75\x73\x20\x74\x69\x64\x20\x6d\x61\x74\x63\x68\x65\x64\x20\x25\x64\x5c\x6e\
\x22\x2c\x20\x70\x74\x69\x64\x29\x3b\0\x69\x6e\x74\x20\x75\x70\x72\x6f\x62\x65\
\x5f\x74\x78\x63\x5f\x73\x74\x61\x74\x65\x5f\x70\x72\x6f\x63\x28\x73\x74\x72\
\x75\x63\x74\x20\x70\x74\x5f\x72\x65\x67\x73\x20\x2a\x63\x74\x78\x29\x20\x7b\0\
\x20\x20\x62\x70\x66\x5f\x70\x72\x69\x6e\x74\x6b\x28\x22\x45\x6e\x74\x65\x72\
\x65\x64\x20\x69\x6e\x74\x6f\x20\x75\x70\x72\x6f\x62\x65\x5f\x74\x78\x63\x5f\
\x73\x74\x61\x74\x65\x5f\x70\x72\x6f\x63\x5c\x6e\x22\x29\x3b\0\x20\x20\x69\x6e\
\x74\x20\x76\x61\x72\x69\x64\x20\x3d\x20\x37\x30\x3b\0\x20\x20\x76\x20\x3d\x20\
\x66\x65\x74\x63\x68\x5f\x72\x65\x67\x69\x73\x74\x65\x72\x28\x63\x74\x78\x2c\
\x20\x76\x66\x2d\x3e\x76\x61\x72\x6c\x6f\x63\x2e\x72\x65\x67\x29\x3b\0\x20\x20\
\x5f\x5f\x75\x36\x34\x20\x73\x65\x71\x69\x64\x5f\x61\x64\x64\x72\x20\x3d\x20\
\x66\x65\x74\x63\x68\x5f\x76\x61\x72\x5f\x6d\x65\x6d\x62\x65\x72\x5f\x61\x64\
\x64\x72\x28\x76\x2c\x20\x76\x66\x29\x3b\0\x20\x20\x5f\x5f\x75\x33\x32\x20\x73\
\x65\x71\x69\x64\x20\x3d\x20\x30\x3b\0\x20\x20\x62\x70\x66\x5f\x70\x72\x6f\x62\
\x65\x5f\x72\x65\x61\x64\x5f\x75\x73\x65\x72\x28\x26\x73\x65\x71\x69\x64\x2c\
\x20\x73\x69\x7a\x65\x6f\x66\x28\x73\x65\x71\x69\x64\x29\x2c\x20\x28\x76\x6f\
\x69\x64\x20\x2a\x29\x73\x65\x71\x69\x64\x5f\x61\x64\x64\x72\x29\x3b\0\x20\x20\
\x5f\x5f\x75\x36\x34\x20\x73\x74\x61\x72\x74\x5f\x61\x64\x64\x72\x20\x3d\x20\
\x66\x65\x74\x63\x68\x5f\x76\x61\x72\x5f\x6d\x65\x6d\x62\x65\x72\x5f\x61\x64\
\x64\x72\x28\x76\x2c\x20\x76\x66\x29\x3b\0\x20\x20\x5f\x5f\x75\x36\x34\x20\x73\
\x74\x61\x72\x74\x20\x3d\x20\x30\x3b\0\x20\x20\x62\x70\x66\x5f\x70\x72\x6f\x62\
\x65\x5f\x72\x65\x61\x64\x5f\x75\x73\x65\x72\x28\x26\x73\x74\x61\x72\x74\x2c\
\x20\x73\x69\x7a\x65\x6f\x66\x28\x73\x74\x61\x72\x74\x29\x2c\x20\x28\x76\x6f\
\x69\x64\x20\x2a\x29\x73\x74\x61\x72\x74\x5f\x61\x64\x64\x72\x29\x3b\0\x20\x20\
\x63\x6b\x2e\x73\x65\x71\x69\x64\x20\x3d\x20\x73\x65\x71\x69\x64\x3b\0\x20\x20\
\x63\x6b\x2e\x73\x74\x61\x72\x74\x5f\x73\x74\x61\x6d\x70\x20\x3d\x20\x73\x74\
\x61\x72\x74\x3b\x20\0\x20\x20\x63\x6b\x2e\x70\x69\x64\x20\x3d\x20\x67\x65\x74\
\x5f\x70\x69\x64\x28\x29\x3b\x20\0\x20\x20\x73\x74\x72\x75\x63\x74\x20\x6f\x70\
\x5f\x6b\x20\x2a\x6b\x65\x79\x20\x3d\x20\x62\x70\x66\x5f\x6d\x61\x70\x5f\x6c\
\x6f\x6f\x6b\x75\x70\x5f\x65\x6c\x65\x6d\x28\x26\x63\x74\x78\x5f\x6f\x70\x6b\
\x2c\x20\x26\x63\x6b\x29\x3b\0\x20\x20\x69\x66\x20\x28\x4e\x55\x4c\x4c\x20\x3d\
\x3d\x20\x6b\x65\x79\x29\x20\x7b\0\x20\x20\x20\x20\x62\x70\x66\x5f\x70\x72\x69\
\x6e\x74\x6b\x28\x22\x75\x70\x72\x6f\x62\x65\x5f\x74\x78\x63\x5f\x73\x74\x61\
\x74\x65\x5f\x70\x72\x6f\x63\x20\x67\x6f\x74\x20\x4e\x55\x4c\x4c\x20\x6b\x65\
\x79\x20\x61\x74\x20\x63\x6b\x20\x25\x6c\x6c\x64\x20\x25\x6c\x6c\x64\x20\x25\
\x6c\x6c\x64\x5c\x6e\x22\x2c\x20\x63\x6b\x2e\x73\x65\x71\x69\x64\x2c\x20\x63\
\x6b\x2e\x73\x74\x61\x72\x74\x5f\x73\x74\x61\x6d\x70\x2c\x20\x63\x6b\x2e\x70\
\x69\x64\x29\x3b\0\x20\x20\x69\x66\x20\x28\x4e\x55\x4c\x4c\x20\x3d\x3d\x20\x76\
\x66\x29\x20\x72\x65\x74\x75\x72\x6e\x20\x30\x3b\0\x20\x20\x5f\x5f\x75\x36\x34\
\x20\x73\x74\x61\x74\x65\x5f\x61\x64\x64\x72\x20\x3d\x20\x66\x65\x74\x63\x68\
\x5f\x76\x61\x72\x5f\x6d\x65\x6d\x62\x65\x72\x5f\x61\x64\x64\x72\x28\x76\x2c\
\x20\x76\x66\x29\x3b\0\x20\x20\x5f\x5f\x75\x33\x32\x20\x73\x74\x61\x74\x65\x20\
\x3d\x20\x30\x3b\0\x20\x20\x62\x70\x66\x5f\x70\x72\x6f\x62\x65\x5f\x72\x65\x61\
\x64\x5f\x75\x73\x65\x72\x28\x26\x73\x74\x61\x74\x65\x2c\x20\x73\x69\x7a\x65\
\x6f\x66\x28\x73\x74\x61\x74\x65\x29\x2c\x20\x28\x76\x6f\x69\x64\x20\x2a\x29\
\x73\x74\x61\x74\x65\x5f\x61\x64\x64\x72\x29\x3b\0\x20\x20\x73\x74\x72\x75\x63\
\x74\x20\x6f\x70\x5f\x76\x20\x2a\x76\x70\x20\x3d\x20\x62\x70\x66\x5f\x6d\x61\
\x70\x5f\x6c\x6f\x6f\x6b\x75\x70\x5f\x65\x6c\x65\x6d\x28\x26\x6f\x70\x73\x2c\
\x20\x6b\x65\x79\x29\x3b\0\x20\x20\x69\x66\x20\x28\x4e\x55\x4c\x4c\x20\x3d\x3d\
\x20\x76\x70\x29\x20\x72\x65\x74\x75\x72\x6e\x20\x30\x3b\0\x20\x20\x69\x66\x20\
\x28\x73\x74\x61\x74\x65\x20\x3d\x3d\x20\x30\x29\x20\x7b\x20\x20\x2f\x2f\x20\
\x53\x54\x41\x54\x45\x5f\x50\x52\x45\x50\x41\x52\x45\0\x20\x20\x20\x20\x76\x70\
\x2d\x3e\x61\x69\x6f\x5f\x64\x6f\x6e\x65\x5f\x73\x74\x61\x6d\x70\x20\x3d\x20\
\x62\x70\x66\x5f\x6b\x74\x69\x6d\x65\x5f\x67\x65\x74\x5f\x62\x6f\x6f\x74\x5f\
\x6e\x73\x28\x29\x3b\0\x20\x20\x20\x20\x62\x70\x66\x5f\x70\x72\x69\x6e\x74\x6b\
\x28\x22\x75\x70\x72\x6f\x62\x65\x5f\x74\x78\x63\x5f\x73\x74\x61\x74\x65\x5f\
\x70\x72\x6f\x63\x20\x6f\x77\x6e\x65\x72\x20\x25\x6c\x6c\x64\x20\x74\x69\x64\
\x20\x25\x6c\x6c\x64\x20\x61\x69\x6f\x5f\x64\x6f\x6e\x65\x5f\x73\x74\x61\x6d\
\x70\x20\x3d\x20\x25\x6c\x6c\x64\x22\x2c\x20\x6b\x65\x79\x2d\x3e\x6f\x77\x6e\
\x65\x72\x2c\x20\x6b\x65\x79\x2d\x3e\x74\x69\x64\x2c\x20\x76\x70\x2d\x3e\x61\
\x69\x6f\x5f\x64\x6f\x6e\x65\x5f\x73\x74\x61\x6d\x70\x29\x3b\0\x20\x20\x20\x20\
\x76\x70\x2d\x3e\x6b\x76\x5f\x63\x6f\x6d\x6d\x69\x74\x74\x65\x64\x5f\x73\x74\
\x61\x6d\x70\x20\x3d\x20\x62\x70\x66\x5f\x6b\x74\x69\x6d\x65\x5f\x67\x65\x74\
\x5f\x62\x6f\x6f\x74\x5f\x6e\x73\x28\x29\x3b\0\x20\x20\x20\x20\x62\x70\x66\x5f\
\x70\x72\x69\x6e\x74\x6b\x28\x22\x75\x70\x72\x6f\x62\x65\x5f\x74\x78\x63\x5f\
\x73\x74\x61\x74\x65\x5f\x70\x72\x6f\x63\x20\x6f\x77\x6e\x65\x72\x20\x25\x6c\
\x6c\x64\x20\x74\x69\x64\x20\x25\x6c\x6c\x64\x20\x6b\x76\x5f\x63\x6f\x6d\x6d\
\x69\x74\x74\x65\x64\x5f\x73\x74\x61\x6d\x70\x20\x3d\x20\x25\x6c\x6c\x64\x22\
\x2c\x20\x6b\x65\x79\x2d\x3e\x6f\x77\x6e\x65\x72\x2c\x20\x6b\x65\x79\x2d\x3e\
\x74\x69\x64\x2c\x20\x76\x70\x2d\x3e\x6b\x76\x5f\x63\x6f\x6d\x6d\x69\x74\x74\
\x65\x64\x5f\x73\x74\x61\x6d\x70\x29\x3b\0\x20\x20\x20\x20\x62\x70\x66\x5f\x6d\
\x61\x70\x5f\x64\x65\x6c\x65\x74\x65\x5f\x65\x6c\x65\x6d\x28\x26\x63\x74\x78\
\x5f\x6f\x70\x6b\x2c\x20\x26\x63\x6b\x29\x3b\0\x20\x20\x20\x20\x76\x70\x2d\x3e\
\x61\x69\x6f\x5f\x73\x75\x62\x6d\x69\x74\x5f\x73\x74\x61\x6d\x70\x20\x3d\x20\
\x62\x70\x66\x5f\x6b\x74\x69\x6d\x65\x5f\x67\x65\x74\x5f\x62\x6f\x6f\x74\x5f\
\x6e\x73\x28\x29\x3b\0\x20\x20\x20\x20\x5f\x5f\x75\x36\x34\x20\x70\x65\x6e\x64\
\x69\x6e\x67\x5f\x61\x64\x64\x72\x20\x3d\x20\x66\x65\x74\x63\x68\x5f\x76\x61\
\x72\x5f\x6d\x65\x6d\x62\x65\x72\x5f\x61\x64\x64\x72\x28\x76\x2c\x20\x76\x66\
\x29\x3b\0\x20\x20\x20\x20\x69\x6e\x74\x20\x70\x65\x6e\x64\x69\x6e\x67\x5f\x6e\
\x75\x6d\x20\x3d\x20\x30\x3b\0\x20\x20\x20\x20\x62\x70\x66\x5f\x70\x72\x6f\x62\
\x65\x5f\x72\x65\x61\x64\x5f\x75\x73\x65\x72\x28\x26\x70\x65\x6e\x64\x69\x6e\
\x67\x5f\x6e\x75\x6d\x2c\x20\x73\x69\x7a\x65\x6f\x66\x28\x70\x65\x6e\x64\x69\
\x6e\x67\x5f\x6e\x75\x6d\x29\x2c\x20\x28\x76\x6f\x69\x64\x20\x2a\x29\x70\x65\
\x6e\x64\x69\x6e\x67\x5f\x61\x64\x64\x72\x29\x3b\0\x20\x20\x20\x20\x76\x70\x2d\
\x3e\x61\x69\x6f\x5f\x73\x69\x7a\x65\x20\x3d\x20\x70\x65\x6e\x64\x69\x6e\x67\
\x5f\x6e\x75\x6d\x3b\0\x20\x20\x20\x20\x62\x70\x66\x5f\x70\x72\x69\x6e\x74\x6b\
\x28\x22\x75\x70\x72\x6f\x62\x65\x5f\x74\x78\x63\x5f\x73\x74\x61\x74\x65\x5f\
\x70\x72\x6f\x63\x20\x6f\x77\x6e\x65\x72\x20\x25\x6c\x6c\x64\x20\x74\x69\x64\
\x20\x25\x6c\x6c\x64\x20\x61\x69\x6f\x5f\x73\x75\x62\x6d\x69\x74\x5f\x73\x74\
\x61\x6d\x70\x20\x3d\x20\x25\x6c\x6c\x64\x22\x2c\x20\x6b\x65\x79\x2d\x3e\x6f\
\x77\x6e\x65\x72\x2c\x20\x6b\x65\x79\x2d\x3e\x74\x69\x64\x2c\x20\x76\x70\x2d\
\x3e\x61\x69\x6f\x5f\x73\x75\x62\x6d\x69\x74\x5f\x73\x74\x61\x6d\x70\x29\x3b\0\
\x20\x20\x20\x20\x69\x66\x20\x28\x70\x65\x6e\x64\x69\x6e\x67\x5f\x6e\x75\x6d\
\x20\x3d\x3d\x20\x30\x29\0\x20\x20\x20\x20\x20\x20\x76\x70\x2d\x3e\x61\x69\x6f\
\x5f\x64\x6f\x6e\x65\x5f\x73\x74\x61\x6d\x70\x20\x3d\x20\x76\x70\x2d\x3e\x61\
\x69\x6f\x5f\x73\x75\x62\x6d\x69\x74\x5f\x73\x74\x61\x6d\x70\x3b\0\x20\x20\x20\
\x20\x76\x70\x2d\x3e\x6b\x76\x5f\x73\x75\x62\x6d\x69\x74\x5f\x73\x74\x61\x6d\
\x70\x20\x3d\x20\x62\x70\x66\x5f\x6b\x74\x69\x6d\x65\x5f\x67\x65\x74\x5f\x62\
\x6f\x6f\x74\x5f\x6e\x73\x28\x29\x3b\0\x20\x20\x20\x20\x62\x70\x66\x5f\x70\x72\
\x69\x6e\x74\x6b\x28\x22\x75\x70\x72\x6f\x62\x65\x5f\x74\x78\x63\x5f\x73\x74\
\x61\x74\x65\x5f\x70\x72\x6f\x63\x20\x6f\x77\x6e\x65\x72\x20\x25\x6c\x6c\x64\
\x20\x74\x69\x64\x20\x25\x6c\x6c\x64\x20\x6b\x76\x5f\x73\x75\x62\x6d\x69\x74\
\x5f\x73\x74\x61\x6d\x70\x20\x3d\x20\x25\x6c\x6c\x64\x22\x2c\x20\x6b\x65\x79\
\x2d\x3e\x6f\x77\x6e\x65\x72\x2c\x20\x6b\x65\x79\x2d\x3e\x74\x69\x64\x2c\x20\
\x76\x70\x2d\x3e\x6b\x76\x5f\x73\x75\x62\x6d\x69\x74\x5f\x73\x74\x61\x6d\x70\
\x29\x3b\0\x69\x6e\x74\x20\x75\x70\x72\x6f\x62\x65\x5f\x6c\x6f\x67\x5f\x6f\x70\
\x5f\x73\x74\x61\x74\x73\x28\x73\x74\x72\x75\x63\x74\x20\x70\x74\x5f\x72\x65\
\x67\x73\x20\x2a\x63\x74\x78\x29\x20\x7b\0\x20\x20\x62\x70\x66\x5f\x70\x72\x69\
\x6e\x74\x6b\x28\x22\x45\x6e\x74\x65\x72\x65\x64\x20\x69\x6e\x74\x6f\x20\x75\
\x70\x72\x6f\x62\x65\x5f\x6c\x6f\x67\x5f\x6f\x70\x5f\x73\x74\x61\x74\x73\x5c\
\x6e\x22\x29\x3b\0\x20\x20\x69\x6e\x74\x20\x76\x61\x72\x69\x64\x20\x3d\x20\x39\
\x30\x3b\0\x20\x20\x20\x20\x62\x70\x66\x5f\x70\x72\x69\x6e\x74\x6b\x28\x22\x75\
\x70\x72\x6f\x62\x65\x5f\x6c\x6f\x67\x5f\x6f\x70\x5f\x73\x74\x61\x74\x73\x20\
\x67\x6f\x74\x20\x4e\x55\x4c\x4c\x20\x76\x66\x20\x61\x74\x20\x76\x61\x72\x69\
\x64\x20\x25\x64\x5c\x6e\x22\x2c\x20\x76\x61\x72\x69\x64\x29\x3b\0\x20\x20\x20\
\x20\x76\x70\x2d\x3e\x72\x65\x70\x6c\x79\x5f\x73\x74\x61\x6d\x70\x20\x3d\x20\
\x62\x70\x66\x5f\x6b\x74\x69\x6d\x65\x5f\x67\x65\x74\x5f\x62\x6f\x6f\x74\x5f\
\x6e\x73\x28\x29\x3b\0\x20\x20\x20\x20\x76\x70\x2d\x3e\x77\x62\x20\x3d\x20\x50\
\x54\x5f\x52\x45\x47\x53\x5f\x50\x41\x52\x4d\x33\x28\x63\x74\x78\x29\x3b\0\x20\
\x20\x20\x20\x76\x70\x2d\x3e\x72\x62\x20\x3d\x20\x50\x54\x5f\x52\x45\x47\x53\
\x5f\x50\x41\x52\x4d\x34\x28\x63\x74\x78\x29\x3b\0\x20\x20\x20\x20\x73\x74\x72\
\x75\x63\x74\x20\x6f\x70\x5f\x76\x20\x2a\x65\x20\x3d\x20\x62\x70\x66\x5f\x72\
\x69\x6e\x67\x62\x75\x66\x5f\x72\x65\x73\x65\x72\x76\x65\x28\x26\x72\x62\x2c\
\x20\x73\x69\x7a\x65\x6f\x66\x28\x73\x74\x72\x75\x63\x74\x20\x6f\x70\x5f\x76\
\x29\x2c\x20\x30\x29\x3b\0\x20\x20\x20\x20\x69\x66\x20\x28\x4e\x55\x4c\x4c\x20\
\x3d\x3d\x20\x65\x29\x20\x7b\0\x20\x20\x20\x20\x2a\x65\x20\x3d\x20\x2a\x76\x70\
\x3b\0\x20\x20\x20\x20\x62\x70\x66\x5f\x72\x69\x6e\x67\x62\x75\x66\x5f\x73\x75\
\x62\x6d\x69\x74\x28\x65\x2c\x20\x30\x29\x3b\0\x20\x20\x62\x70\x66\x5f\x6d\x61\
\x70\x5f\x64\x65\x6c\x65\x74\x65\x5f\x65\x6c\x65\x6d\x28\x26\x6f\x70\x73\x2c\
\x20\x26\x6b\x65\x79\x29\x3b\0\x69\x6e\x74\x20\x75\x70\x72\x6f\x62\x65\x5f\x6c\
\x6f\x67\x5f\x6f\x70\x5f\x73\x74\x61\x74\x73\x5f\x76\x32\x28\x73\x74\x72\x75\
\x63\x74\x20\x70\x74\x5f\x72\x65\x67\x73\x20\x2a\x63\x74\x78\x29\x20\x7b\0\x20\
\x20\x62\x70\x66\x5f\x70\x72\x69\x6e\x74\x6b\x28\x22\x45\x6e\x74\x65\x72\x65\
\x64\x20\x69\x6e\x74\x6f\x20\x75\x70\x72\x6f\x62\x65\x5f\x6c\x6f\x67\x5f\x6f\
\x70\x5f\x73\x74\x61\x74\x73\x20\x76\x32\x5c\x6e\x22\x29\x3b\0\x20\x20\x6d\x65\
\x6d\x73\x65\x74\x28\x26\x6f\x70\x2c\x20\x30\x2c\x20\x73\x69\x7a\x65\x6f\x66\
\x28\x6f\x70\x29\x29\x3b\0\x20\x20\x20\x20\x62\x70\x66\x5f\x70\x72\x6f\x62\x65\
\x5f\x72\x65\x61\x64\x5f\x75\x73\x65\x72\x28\x26\x6f\x70\x2e\x6f\x77\x6e\x65\
\x72\x2c\x20\x73\x69\x7a\x65\x6f\x66\x28\x6f\x70\x2e\x6f\x77\x6e\x65\x72\x29\
\x2c\x20\x28\x76\x6f\x69\x64\x20\x2a\x29\x6e\x75\x6d\x5f\x61\x64\x64\x72\x29\
\x3b\0\x20\x20\x20\x20\x62\x70\x66\x5f\x70\x72\x69\x6e\x74\x6b\x28\x22\x75\x70\
\x72\x6f\x62\x65\x5f\x6c\x6f\x67\x5f\x6f\x70\x5f\x73\x74\x61\x74\x73\x5f\x76\
\x32\x20\x67\x6f\x74\x20\x4e\x55\x4c\x4c\x20\x76\x66\x20\x61\x74\x20\x76\x61\
\x72\x69\x64\x20\x25\x64\x5c\x6e\x22\x2c\x20\x76\x61\x72\x69\x64\x29\x3b\0\x20\
\x20\x20\x20\x62\x70\x66\x5f\x70\x72\x6f\x62\x65\x5f\x72\x65\x61\x64\x5f\x75\
\x73\x65\x72\x28\x26\x6f\x70\x2e\x74\x69\x64\x2c\x20\x73\x69\x7a\x65\x6f\x66\
\x28\x6f\x70\x2e\x74\x69\x64\x29\x2c\x20\x28\x76\x6f\x69\x64\x20\x2a\x29\x74\
\x69\x64\x5f\x61\x64\x64\x72\x29\x3b\0\x20\x20\x6f\x70\x2e\x70\x69\x64\x20\x3d\
\x20\x67\x65\x74\x5f\x70\x69\x64\x28\x29\x3b\0\x20\x20\x6f\x70\x2e\x72\x65\x70\
\x6c\x79\x5f\x73\x74\x61\x6d\x70\x20\x3d\x20\x62\x70\x66\x5f\x6b\x74\x69\x6d\
\x65\x5f\x67\x65\x74\x5f\x62\x6f\x6f\x74\x5f\x6e\x73\x28\x29\x3b\0\x20\x20\x6f\
\x70\x2e\x77\x62\x20\x3d\x20\x50\x54\x5f\x52\x45\x47\x53\x5f\x50\x41\x52\x4d\
\x33\x28\x63\x74\x78\x29\x3b\0\x20\x20\x6f\x70\x2e\x72\x62\x20\x3d\x20\x50\x54\
\x5f\x52\x45\x47\x53\x5f\x50\x41\x52\x4d\x34\x28\x63\x74\x78\x29\x3b\0\x20\x20\
\x20\x20\x6f\x70\x2e\x72\x65\x63\x76\x5f\x73\x74\x61\x6d\x70\x20\x3d\x20\x74\
\x6f\x5f\x6e\x73\x65\x63\x28\x26\x73\x74\x61\x6d\x70\x29\x3b\0\x20\x20\x20\x20\
\x62\x70\x66\x5f\x70\x72\x6f\x62\x65\x5f\x72\x65\x61\x64\x5f\x75\x73\x65\x72\
\x28\x26\x6f\x70\x2e\x6f\x70\x5f\x74\x79\x70\x65\x2c\x20\x73\x69\x7a\x65\x6f\
\x66\x28\x6f\x70\x2e\x6f\x70\x5f\x74\x79\x70\x65\x29\x2c\x20\x28\x76\x6f\x69\
\x64\x20\x2a\x29\x6f\x70\x5f\x74\x79\x70\x65\x5f\x61\x64\x64\x72\x29\x3b\0\x20\
\x20\x62\x70\x66\x5f\x70\x72\x69\x6e\x74\x6b\x28\x22\x20\x6c\x6f\x67\x5f\x6f\
\x70\x5f\x73\x74\x61\x74\x73\x5f\x76\x32\x20\x63\x6c\x69\x65\x6e\x74\x20\x25\
\x6c\x6c\x64\x20\x74\x69\x64\x20\x25\x6c\x6c\x64\x20\x72\x65\x63\x76\x5f\x73\
\x74\x61\x6d\x70\x20\x25\x6c\x6c\x64\x20\x22\x2c\x20\x6f\x70\x2e\x6f\x77\x6e\
\x65\x72\x2c\x20\x6f\x70\x2e\x74\x69\x64\x2c\x20\x6f\x70\x2e\x72\x65\x63\x76\
\x5f\x73\x74\x61\x6d\x70\x29\x3b\0\x20\x20\x62\x70\x66\x5f\x70\x72\x69\x6e\x74\
\x6b\x28\x22\x20\x69\x6e\x62\x20\x25\x6c\x6c\x64\x20\x6f\x75\x74\x62\x20\x25\
\x6c\x6c\x64\x20\x6f\x70\x20\x74\x79\x70\x65\x20\x25\x6c\x6c\x64\x5c\x6e\x22\
\x2c\x6f\x70\x2e\x77\x62\x2c\x20\x6f\x70\x2e\x72\x62\x2c\x20\x6f\x70\x2e\x6f\
\x70\x5f\x74\x79\x70\x65\x29\x3b\0\x20\x20\x73\x74\x72\x75\x63\x74\x20\x6f\x70\
\x5f\x76\x20\x2a\x65\x20\x3d\x20\x62\x70\x66\x5f\x72\x69\x6e\x67\x62\x75\x66\
\x5f\x72\x65\x73\x65\x72\x76\x65\x28\x26\x72\x62\x2c\x20\x73\x69\x7a\x65\x6f\
\x66\x28\x73\x74\x72\x75\x63\x74\x20\x6f\x70\x5f\x76\x29\x2c\x20\x30\x29\x3b\0\
\x20\x20\x69\x66\x20\x28\x4e\x55\x4c\x4c\x20\x3d\x3d\x20\x65\x29\x20\x7b\0\x20\
\x20\x2a\x65\x20\x3d\x20\x6f\x70\x3b\0\x20\x20\x62\x70\x66\x5f\x72\x69\x6e\x67\
\x62\x75\x66\x5f\x73\x75\x62\x6d\x69\x74\x28\x65\x2c\x20\x30\x29\x3b\0\x69\x6e\
\x74\x20\x75\x70\x72\x6f\x62\x65\x5f\x67\x65\x6e\x65\x72\x61\x74\x65\x5f\x73\
\x75\x62\x6f\x70\x28\x73\x74\x72\x75\x63\x74\x20\x70\x74\x5f\x72\x65\x67\x73\
\x20\x2a\x63\x74\x78\x29\0\x20\x20\x62\x70\x66\x5f\x70\x72\x69\x6e\x74\x6b\x28\
\x22\x45\x6e\x74\x65\x72\x65\x64\x20\x69\x6e\x74\x6f\x20\x75\x70\x72\x6f\x62\
\x65\x5f\x67\x65\x6e\x65\x72\x61\x74\x65\x5f\x73\x75\x62\x6f\x70\x5c\x6e\x22\
\x29\x3b\0\x20\x20\x69\x6e\x74\x20\x76\x61\x72\x69\x64\x20\x3d\x20\x31\x30\x30\
\x3b\0\x20\x20\x20\x20\x62\x70\x66\x5f\x70\x72\x69\x6e\x74\x6b\x28\x22\x75\x70\
\x72\x6f\x62\x65\x5f\x67\x65\x6e\x65\x72\x61\x74\x65\x5f\x73\x75\x62\x6f\x70\
\x20\x67\x6f\x74\x20\x4e\x55\x4c\x4c\x20\x76\x66\x20\x61\x74\x20\x76\x61\x72\
\x69\x64\x20\x25\x64\x5c\x6e\x22\x2c\x20\x76\x61\x72\x69\x64\x29\x3b\0\x20\x20\
\x69\x66\x20\x28\x76\x70\x20\x3d\x3d\x20\x4e\x55\x4c\x4c\x29\x20\x7b\0\x20\x20\
\x20\x20\x5f\x5f\x75\x36\x34\x20\x70\x65\x65\x72\x5f\x61\x64\x64\x72\x20\x3d\
\x20\x66\x65\x74\x63\x68\x5f\x76\x61\x72\x5f\x6d\x65\x6d\x62\x65\x72\x5f\x61\
\x64\x64\x72\x28\x76\x2c\x20\x76\x66\x29\x3b\0\x20\x20\x20\x20\x69\x66\x20\x28\
\x76\x70\x2d\x3e\x70\x69\x2e\x70\x65\x65\x72\x31\x20\x3d\x3d\x20\x2d\x31\x29\
\x20\x7b\0\x20\x20\x76\x70\x2d\x3e\x70\x69\x2e\x73\x65\x6e\x74\x5f\x73\x74\x61\
\x6d\x70\x20\x3d\x20\x62\x70\x66\x5f\x6b\x74\x69\x6d\x65\x5f\x67\x65\x74\x5f\
\x62\x6f\x6f\x74\x5f\x6e\x73\x28\x29\x3b\0\x20\x20\x20\x20\x62\x70\x66\x5f\x70\
\x72\x69\x6e\x74\x6b\x28\x22\x75\x70\x72\x6f\x62\x65\x5f\x67\x65\x6e\x65\x72\
\x61\x74\x65\x5f\x73\x75\x62\x6f\x70\x20\x67\x6f\x74\x20\x4e\x55\x4c\x4c\x20\
\x76\x70\x20\x66\x6f\x72\x20\x63\x6c\x69\x65\x6e\x74\x20\x25\x6c\x6c\x64\x2c\
\x20\x74\x69\x64\x20\x25\x6c\x6c\x64\x5c\x6e\x22\x2c\x20\x6b\x65\x79\x2e\x6f\
\x77\x6e\x65\x72\x2c\x20\x6b\x65\x79\x2e\x74\x69\x64\x29\x3b\0\x69\x6e\x74\x20\
\x75\x70\x72\x6f\x62\x65\x5f\x64\x6f\x5f\x72\x65\x70\x6f\x70\x5f\x72\x65\x70\
\x6c\x79\x28\x73\x74\x72\x75\x63\x74\x20\x70\x74\x5f\x72\x65\x67\x73\x20\x2a\
\x63\x74\x78\x29\0\x20\x20\x62\x70\x66\x5f\x70\x72\x69\x6e\x74\x6b\x28\x22\x45\
\x6e\x74\x65\x72\x65\x64\x20\x69\x6e\x74\x6f\x20\x75\x70\x72\x6f\x62\x65\x5f\
\x64\x6f\x5f\x72\x65\x70\x6f\x70\x5f\x72\x65\x70\x6c\x79\x5c\x6e\x22\x29\x3b\0\
\x20\x20\x69\x6e\x74\x20\x76\x61\x72\x69\x64\x20\x3d\x20\x31\x31\x30\x3b\0\x20\
\x20\x20\x20\x62\x70\x66\x5f\x70\x72\x69\x6e\x74\x6b\x28\x22\x75\x70\x72\x6f\
\x62\x65\x5f\x64\x6f\x5f\x72\x65\x70\x6f\x70\x5f\x72\x65\x70\x6c\x79\x20\x67\
\x6f\x74\x20\x4e\x55\x4c\x4c\x20\x76\x66\x20\x61\x74\x20\x76\x61\x72\x69\x64\
\x20\x25\x64\x5c\x6e\x22\x2c\x20\x76\x61\x72\x69\x64\x29\x3b\0\x20\x20\x69\x6e\
\x74\x20\x6f\x73\x64\x69\x64\x20\x3d\x20\x2d\x31\x3b\0\x20\x20\x20\x20\x5f\x5f\
\x75\x36\x34\x20\x6f\x73\x64\x69\x64\x5f\x61\x64\x64\x72\x20\x3d\x20\x66\x65\
\x74\x63\x68\x5f\x76\x61\x72\x5f\x6d\x65\x6d\x62\x65\x72\x5f\x61\x64\x64\x72\
\x28\x76\x2c\x20\x76\x66\x29\x3b\0\x20\x20\x20\x20\x62\x70\x66\x5f\x70\x72\x6f\
\x62\x65\x5f\x72\x65\x61\x64\x5f\x75\x73\x65\x72\x28\x26\x6f\x73\x64\x69\x64\
\x2c\x20\x73\x69\x7a\x65\x6f\x66\x28\x6f\x73\x64\x69\x64\x29\x2c\x20\x28\x76\
\x6f\x69\x64\x20\x2a\x29\x6f\x73\x64\x69\x64\x5f\x61\x64\x64\x72\x29\x3b\0\x20\
\x20\x20\x20\x69\x66\x20\x28\x6f\x73\x64\x69\x64\x20\x3d\x3d\x20\x76\x70\x2d\
\x3e\x70\x69\x2e\x70\x65\x65\x72\x31\x29\0\x20\x20\x20\x20\x20\x20\x76\x70\x2d\
\x3e\x70\x69\x2e\x72\x65\x63\x76\x5f\x73\x74\x61\x6d\x70\x31\x20\x3d\x20\x62\
\x70\x66\x5f\x6b\x74\x69\x6d\x65\x5f\x67\x65\x74\x5f\x62\x6f\x6f\x74\x5f\x6e\
\x73\x28\x29\x3b\0\x20\x20\x20\x20\x62\x70\x66\x5f\x70\x72\x69\x6e\x74\x6b\x28\
\x22\x75\x70\x72\x6f\x62\x65\x5f\x64\x6f\x5f\x72\x65\x70\x6f\x70\x5f\x72\x65\
\x70\x6c\x79\x20\x75\x6e\x61\x62\x6c\x65\x20\x74\x6f\x20\x67\x65\x74\x20\x6f\
\x70\x5f\x76\x20\x66\x6f\x72\x20\x63\x6c\x69\x65\x6e\x74\x20\x25\x6c\x6c\x64\
\x2c\x20\x74\x69\x64\x20\x25\x6c\x6c\x64\x5c\x6e\x22\x2c\x20\x6b\x65\x79\x2e\
\x6f\x77\x6e\x65\x72\x2c\x20\x6b\x65\x79\x2e\x74\x69\x64\x29\x3b\x20\x20\0\x20\
\x20\x20\x20\x65\x6c\x73\x65\x20\x69\x66\x20\x28\x6f\x73\x64\x69\x64\x20\x3d\
\x3d\x20\x76\x70\x2d\x3e\x70\x69\x2e\x70\x65\x65\x72\x32\x29\0\x20\x20\x20\x20\
\x20\x20\x76\x70\x2d\x3e\x70\x69\x2e\x72\x65\x63\x76\x5f\x73\x74\x61\x6d\x70\
\x32\x20\x3d\x20\x62\x70\x66\x5f\x6b\x74\x69\x6d\x65\x5f\x67\x65\x74\x5f\x62\
\x6f\x6f\x74\x5f\x6e\x73\x28\x29\x3b\0\x69\x6e\x74\x20\x75\x70\x72\x6f\x62\x65\
\x5f\x6d\x61\x72\x6b\x5f\x66\x6c\x61\x67\x5f\x70\x6f\x69\x6e\x74\x5f\x73\x74\
\x72\x69\x6e\x67\x28\x73\x74\x72\x75\x63\x74\x20\x70\x74\x5f\x72\x65\x67\x73\
\x20\x2a\x63\x74\x78\x29\0\x20\x20\x62\x70\x66\x5f\x70\x72\x69\x6e\x74\x6b\x28\
\x22\x45\x6e\x74\x65\x72\x65\x64\x20\x69\x6e\x74\x6f\x20\x6d\x61\x72\x6b\x5f\
\x66\x6c\x61\x67\x5f\x70\x6f\x69\x6e\x74\x5f\x73\x74\x72\x69\x6e\x67\x5c\x6e\
\x22\x29\x3b\0\x20\x20\x5f\x5f\x75\x38\x20\x66\x6c\x61\x67\x20\x3d\x20\x50\x54\
\x5f\x52\x45\x47\x53\x5f\x50\x41\x52\x4d\x32\x28\x63\x74\x78\x29\x3b\0\x20\x20\
\x62\x70\x66\x5f\x70\x72\x69\x6e\x74\x6b\x28\x22\x66\x6c\x61\x67\x20\x69\x73\
\x20\x25\x64\x5c\x6e\x22\x2c\x20\x66\x6c\x61\x67\x29\x3b\0\x20\x20\x69\x66\x28\
\x21\x28\x66\x6c\x61\x67\x20\x26\x20\x66\x6c\x61\x67\x5f\x64\x65\x6c\x61\x79\
\x65\x64\x29\x29\0\x20\x20\x20\x20\x62\x70\x66\x5f\x70\x72\x69\x6e\x74\x6b\x28\
\x22\x75\x70\x72\x6f\x62\x65\x5f\x6d\x61\x72\x6b\x5f\x66\x6c\x61\x67\x5f\x70\
\x6f\x69\x6e\x74\x5f\x73\x74\x72\x69\x6e\x67\x20\x67\x6f\x74\x20\x4e\x55\x4c\
\x4c\x20\x76\x66\x20\x61\x74\x20\x76\x61\x72\x69\x64\x20\x25\x64\x5c\x6e\x22\
\x2c\x20\x76\x61\x72\x69\x64\x29\x3b\0\x20\x20\x69\x66\x20\x28\x76\x70\x20\x3d\
\x3d\x20\x4e\x55\x4c\x4c\x29\x20\0\x20\x20\x69\x66\x20\x28\x4e\x55\x4c\x4c\x20\
\x3d\x3d\x20\x76\x66\x29\0\x20\x20\x5f\x5f\x75\x36\x34\x20\x73\x74\x72\x6c\x65\
\x6e\x5f\x61\x64\x64\x72\x20\x3d\x20\x66\x65\x74\x63\x68\x5f\x76\x61\x72\x5f\
\x6d\x65\x6d\x62\x65\x72\x5f\x61\x64\x64\x72\x28\x76\x2c\x20\x76\x66\x29\x3b\0\
\x20\x20\x5f\x5f\x75\x33\x32\x20\x6c\x65\x6e\x20\x3d\x20\x30\x3b\0\x20\x20\x62\
\x70\x66\x5f\x70\x72\x6f\x62\x65\x5f\x72\x65\x61\x64\x5f\x75\x73\x65\x72\x28\
\x26\x6c\x65\x6e\x2c\x20\x73\x69\x7a\x65\x6f\x66\x28\x6c\x65\x6e\x29\x2c\x20\
\x28\x76\x6f\x69\x64\x20\x2a\x29\x73\x74\x72\x6c\x65\x6e\x5f\x61\x64\x64\x72\
\x29\x3b\0\x20\x20\x5f\x5f\x75\x33\x32\x20\x69\x64\x78\x20\x3d\x20\x76\x70\x2d\
\x3e\x64\x69\x2e\x63\x6e\x74\x3b\0\x20\x20\x5f\x5f\x75\x36\x34\x20\x6d\x5f\x6c\
\x6f\x63\x61\x6c\x5f\x62\x75\x66\x5f\x61\x64\x64\x72\x20\x3d\x20\x66\x65\x74\
\x63\x68\x5f\x76\x61\x72\x5f\x6d\x65\x6d\x62\x65\x72\x5f\x61\x64\x64\x72\x28\
\x76\x2c\x20\x76\x66\x29\x3b\0\x20\x20\x62\x70\x66\x5f\x70\x72\x6f\x62\x65\x5f\
\x72\x65\x61\x64\x5f\x75\x73\x65\x72\x28\x26\x73\x74\x72\x5f\x61\x64\x64\x72\
\x2c\x20\x73\x69\x7a\x65\x6f\x66\x28\x73\x74\x72\x5f\x61\x64\x64\x72\x29\x2c\
\x20\x28\x76\x6f\x69\x64\x20\x2a\x29\x6d\x5f\x6c\x6f\x63\x61\x6c\x5f\x62\x75\
\x66\x5f\x61\x64\x64\x72\x29\x3b\0\x20\x20\x69\x66\x20\x28\x69\x64\x78\x20\x3e\
\x3d\x20\x35\x20\x7c\x7c\x20\x6c\x65\x6e\x20\x3e\x3d\x20\x33\x32\x29\0\x20\x20\
\x62\x70\x66\x5f\x70\x72\x6f\x62\x65\x5f\x72\x65\x61\x64\x5f\x75\x73\x65\x72\
\x28\x76\x70\x2d\x3e\x64\x69\x2e\x64\x65\x6c\x61\x79\x73\x5b\x69\x64\x78\x5d\
\x2c\x20\x6c\x65\x6e\x2c\x20\x28\x76\x6f\x69\x64\x20\x2a\x29\x73\x74\x72\x5f\
\x61\x64\x64\x72\x29\x3b\0\x20\x20\x76\x70\x2d\x3e\x64\x69\x2e\x63\x6e\x74\x2b\
\x2b\x3b\0\x69\x6e\x74\x20\x75\x70\x72\x6f\x62\x65\x5f\x6c\x6f\x67\x5f\x6c\x61\
\x74\x65\x6e\x63\x79\x28\x73\x74\x72\x75\x63\x74\x20\x70\x74\x5f\x72\x65\x67\
\x73\x20\x2a\x63\x74\x78\x29\0\x20\x20\x62\x70\x66\x5f\x70\x72\x69\x6e\x74\x6b\
\x28\x22\x45\x6e\x74\x65\x72\x65\x64\x20\x69\x6e\x74\x6f\x20\x6c\x6f\x67\x5f\
\x6c\x61\x74\x65\x6e\x63\x79\x5c\x6e\x22\x29\x3b\0\x20\x20\x62\x73\x6c\x2e\x69\
\x64\x78\x20\x3d\x20\x50\x54\x5f\x52\x45\x47\x53\x5f\x50\x41\x52\x4d\x33\x28\
\x63\x74\x78\x29\x3b\0\x20\x20\x5f\x5f\x75\x36\x34\x20\x76\x20\x3d\x20\x66\x65\
\x74\x63\x68\x5f\x72\x65\x67\x69\x73\x74\x65\x72\x28\x63\x74\x78\x2c\x20\x76\
\x66\x2d\x3e\x76\x61\x72\x6c\x6f\x63\x2e\x72\x65\x67\x29\x3b\0\x20\x20\x5f\x5f\
\x75\x36\x34\x20\x72\x5f\x61\x64\x64\x72\x20\x3d\x20\x66\x65\x74\x63\x68\x5f\
\x76\x61\x72\x5f\x6d\x65\x6d\x62\x65\x72\x5f\x61\x64\x64\x72\x28\x76\x2c\x20\
\x76\x66\x29\x3b\0\x20\x20\x62\x70\x66\x5f\x70\x72\x6f\x62\x65\x5f\x72\x65\x61\
\x64\x5f\x75\x73\x65\x72\x28\x26\x62\x73\x6c\x2e\x6c\x61\x74\x2c\x20\x73\x69\
\x7a\x65\x6f\x66\x28\x5f\x5f\x75\x36\x34\x29\x2c\x20\x28\x76\x6f\x69\x64\x20\
\x2a\x29\x72\x5f\x61\x64\x64\x72\x29\x3b\0\x20\x20\x62\x73\x6c\x2e\x70\x69\x64\
\x20\x3d\x20\x67\x65\x74\x5f\x70\x69\x64\x28\x29\x3b\x20\0\x20\x20\x73\x74\x72\
\x75\x63\x74\x20\x62\x6c\x75\x65\x73\x74\x6f\x72\x65\x5f\x6c\x61\x74\x5f\x76\
\x20\x2a\x65\x20\x3d\x20\x62\x70\x66\x5f\x72\x69\x6e\x67\x62\x75\x66\x5f\x72\
\x65\x73\x65\x72\x76\x65\x28\x26\x72\x62\x2c\x20\x73\x69\x7a\x65\x6f\x66\x28\
\x73\x74\x72\x75\x63\x74\x20\x62\x6c\x75\x65\x73\x74\x6f\x72\x65\x5f\x6c\x61\
\x74\x5f\x76\x29\x2c\x20\x30\x29\x3b\0\x20\x20\x2a\x65\x20\x3d\x20\x62\x73\x6c\
\x3b\0\x69\x6e\x74\x20\x75\x70\x72\x6f\x62\x65\x5f\x6c\x6f\x67\x5f\x73\x75\x62\
\x6f\x70\x5f\x73\x74\x61\x74\x73\x28\x73\x74\x72\x75\x63\x74\x20\x70\x74\x5f\
\x72\x65\x67\x73\x20\x2a\x63\x74\x78\x29\0\x20\x20\x62\x70\x66\x5f\x70\x72\x69\
\x6e\x74\x6b\x28\x22\x45\x6e\x74\x65\x72\x65\x64\x20\x69\x6e\x74\x6f\x20\x6c\
\x6f\x67\x5f\x73\x75\x62\x6f\x70\x5f\x73\x74\x61\x74\x73\x5c\x6e\x22\x29\x3b\0\
\x20\x20\x69\x6e\x74\x20\x76\x61\x72\x69\x64\x20\x3d\x20\x31\x34\x30\x3b\0\x20\
\x20\x20\x20\x62\x70\x66\x5f\x70\x72\x69\x6e\x74\x6b\x28\x22\x75\x70\x72\x6f\
\x62\x65\x5f\x6c\x6f\x67\x5f\x73\x75\x62\x6f\x70\x5f\x73\x74\x61\x74\x73\x20\
\x67\x6f\x74\x20\x4e\x55\x4c\x4c\x20\x76\x66\x20\x61\x74\x20\x76\x61\x72\x69\
\x64\x20\x25\x64\x5c\x6e\x22\x2c\x20\x76\x61\x72\x69\x64\x29\x3b\0\x20\x20\x69\
\x66\x20\x28\x4e\x55\x4c\x4c\x20\x3d\x3d\x20\x76\x70\x29\x20\x72\x65\x74\x75\
\x72\x6e\x20\x30\x3b\x20\0\x20\x20\x20\x20\x5f\x5f\x75\x36\x34\x20\x6c\x65\x6e\
\x5f\x61\x64\x64\x72\x20\x3d\x20\x66\x65\x74\x63\x68\x5f\x76\x61\x72\x5f\x6d\
\x65\x6d\x62\x65\x72\x5f\x61\x64\x64\x72\x28\x76\x2c\x20\x76\x66\x29\x3b\0\x20\
\x20\x20\x20\x62\x70\x66\x5f\x70\x72\x6f\x62\x65\x5f\x72\x65\x61\x64\x5f\x75\
\x73\x65\x72\x28\x26\x6c\x65\x6e\x2c\x20\x73\x69\x7a\x65\x6f\x66\x28\x6c\x65\
\x6e\x29\x2c\x20\x28\x76\x6f\x69\x64\x20\x2a\x29\x6c\x65\x6e\x5f\x61\x64\x64\
\x72\x29\x3b\0\x20\x20\x76\x70\x2d\x3e\x77\x62\x20\x3d\x20\x6c\x65\x6e\x3b\0\
\x20\x20\x76\x70\x2d\x3e\x72\x65\x70\x6c\x79\x5f\x73\x74\x61\x6d\x70\x20\x3d\
\x20\x62\x70\x66\x5f\x6b\x74\x69\x6d\x65\x5f\x67\x65\x74\x5f\x62\x6f\x6f\x74\
\x5f\x6e\x73\x28\x29\x3b\0\x20\x20\x2a\x65\x20\x3d\x20\x2a\x76\x70\x3b\0\x20\
\x20\x20\x20\x62\x70\x66\x5f\x70\x72\x69\x6e\x74\x6b\x28\x22\x75\x70\x72\x6f\
\x62\x65\x5f\x6c\x6f\x67\x5f\x73\x75\x62\x6f\x70\x5f\x73\x74\x61\x74\x20\x67\
\x6f\x74\x20\x4e\x55\x4c\x4c\x20\x76\x66\x20\x61\x74\x20\x76\x61\x72\x69\x64\
\x20\x25\x64\x5c\x6e\x22\x2c\x20\x76\x61\x72\x69\x64\x29\x3b\0\x69\x6e\x74\x20\
\x75\x70\x72\x6f\x62\x65\x5f\x65\x63\x5f\x73\x75\x62\x6d\x69\x74\x5f\x74\x72\
\x61\x6e\x73\x61\x63\x74\x69\x6f\x6e\x28\x73\x74\x72\x75\x63\x74\x20\x70\x74\
\x5f\x72\x65\x67\x73\x20\x2a\x63\x74\x78\x29\x20\x7b\0\x20\x20\x62\x70\x66\x5f\
\x70\x72\x69\x6e\x74\x6b\x28\x22\x45\x6e\x74\x65\x72\x65\x64\x20\x69\x6e\x74\
\x6f\x20\x75\x70\x72\x6f\x62\x65\x5f\x65\x63\x5f\x73\x75\x62\x6d\x69\x74\x5f\
\x74\x72\x61\x6e\x73\x61\x63\x74\x69\x6f\x6e\x5c\x6e\x22\x29\x3b\0\x20\x20\x69\
\x6e\x74\x20\x76\x61\x72\x69\x64\x20\x3d\x20\x31\x35\x30\x3b\0\x20\x20\x20\x20\
\x62\x70\x66\x5f\x6d\x61\x70\x5f\x64\x65\x6c\x65\x74\x65\x5f\x65\x6c\x65\x6d\
\x28\x26\x6f\x70\x73\x2c\x20\x26\x6b\x65\x79\x29\x3b\0\x69\x6e\x74\x20\x75\x70\
\x72\x6f\x62\x65\x5f\x74\x78\x63\x5f\x63\x61\x6c\x63\x5f\x63\x6f\x73\x74\x28\
\x73\x74\x72\x75\x63\x74\x20\x70\x74\x5f\x72\x65\x67\x73\x20\x2a\x63\x74\x78\
\x29\0\x20\x20\x62\x70\x66\x5f\x70\x72\x69\x6e\x74\x6b\x28\x22\x45\x6e\x74\x65\
\x72\x65\x64\x20\x69\x6e\x74\x6f\x20\x5f\x74\x63\x78\x5f\x63\x61\x6c\x63\x5f\
\x63\x6f\x73\x74\x5c\x6e\x22\x29\x3b\0\x20\x20\x20\x20\x20\x20\x69\x6e\x74\x20\
\x76\x61\x72\x69\x64\x20\x3d\x20\x31\x36\x30\x3b\0\x20\x20\x20\x20\x62\x70\x66\
\x5f\x70\x72\x69\x6e\x74\x6b\x28\x22\x74\x78\x63\x5f\x63\x61\x6c\x63\x5f\x63\
\x6f\x73\x74\x2c\x20\x6e\x6f\x20\x70\x72\x65\x76\x69\x6f\x75\x73\x20\x74\x69\
\x64\x20\x6d\x61\x74\x63\x68\x65\x64\x20\x25\x64\x5c\x6e\x22\x2c\x20\x70\x74\
\x69\x64\x29\x3b\0\x69\x6e\x74\x20\x75\x70\x72\x6f\x62\x65\x5f\x72\x65\x70\x6f\
\x70\x5f\x63\x6f\x6d\x6d\x69\x74\x28\x73\x74\x72\x75\x63\x74\x20\x70\x74\x5f\
\x72\x65\x67\x73\x20\x2a\x63\x74\x78\x29\0\x20\x20\x62\x70\x66\x5f\x70\x72\x69\
\x6e\x74\x6b\x28\x22\x45\x6e\x74\x65\x72\x65\x64\x20\x69\x6e\x74\x6f\x20\x72\
\x65\x70\x6f\x70\x5f\x63\x6f\x6d\x6d\x69\x74\x5c\x6e\x22\x29\x3b\0\x20\x20\x69\
\x6e\x74\x20\x76\x61\x72\x69\x64\x20\x3d\x20\x31\x37\x30\x3b\0\x20\x20\x20\x20\
\x62\x70\x66\x5f\x70\x72\x69\x6e\x74\x6b\x28\x22\x72\x65\x70\x6f\x70\x5f\x63\
\x6f\x6d\x6d\x69\x74\x20\x67\x6f\x74\x20\x4e\x55\x4c\x4c\x20\x76\x66\x20\x61\
\x74\x20\x76\x61\x72\x69\x64\x20\x25\x64\x5c\x6e\x22\x2c\x20\x76\x61\x72\x69\
\x64\x29\x3b\0\x20\x20\x69\x66\x20\x28\x4e\x55\x4c\x4c\x20\x3d\x3d\x20\x76\x70\
\x29\x20\x7b\x20\0\x20\x20\x20\x20\x62\x70\x66\x5f\x70\x72\x69\x6e\x74\x6b\x28\
\x22\x72\x65\x70\x6f\x70\x5f\x63\x6f\x6d\x6d\x69\x74\x20\x67\x6f\x74\x20\x4e\
\x55\x4c\x4c\x20\x76\x61\x6c\x20\x61\x74\x20\x6b\x65\x79\x20\x63\x6c\x69\x65\
\x6e\x74\x20\x25\x6c\x6c\x64\x20\x74\x69\x64\x20\x25\x6c\x6c\x64\x5c\x6e\x22\
\x2c\x20\x6b\x65\x79\x2e\x6f\x77\x6e\x65\x72\x2c\x20\x6b\x65\x79\x2e\x74\x69\
\x64\x29\x3b\0\x69\x6e\x74\x20\x75\x70\x72\x6f\x62\x65\x5f\x6d\x61\x72\x6b\x5f\
\x66\x6c\x61\x67\x5f\x70\x6f\x69\x6e\x74\x28\x73\x74\x72\x75\x63\x74\x20\x70\
\x74\x5f\x72\x65\x67\x73\x20\x2a\x63\x74\x78\x29\0\x20\x20\x62\x70\x66\x5f\x70\
\x72\x69\x6e\x74\x6b\x28\x22\x45\x6e\x74\x65\x72\x65\x64\x20\x69\x6e\x74\x6f\
\x20\x6d\x61\x72\x6b\x5f\x66\x6c\x61\x67\x5f\x70\x6f\x69\x6e\x74\x5c\x6e\x22\
\x29\x3b\0\x20\x20\x20\x20\x62\x70\x66\x5f\x70\x72\x69\x6e\x74\x6b\x28\x22\x75\
\x70\x72\x6f\x62\x65\x5f\x6d\x61\x72\x6b\x5f\x66\x6c\x61\x67\x5f\x70\x6f\x69\
\x6e\x74\x20\x67\x6f\x74\x20\x4e\x55\x4c\x4c\x20\x76\x66\x20\x61\x74\x20\x76\
\x61\x72\x69\x64\x20\x25\x64\x5c\x6e\x22\x2c\x20\x76\x61\x72\x69\x64\x29\x3b\0\
\x20\x20\x69\x66\x20\x28\x76\x70\x20\x3d\x3d\x20\x4e\x55\x4c\x4c\x29\0\x20\x20\
\x69\x66\x20\x28\x69\x64\x78\x20\x3e\x3d\x20\x35\x29\0\x20\x20\x62\x70\x66\x5f\
\x70\x72\x6f\x62\x65\x5f\x72\x65\x61\x64\x5f\x75\x73\x65\x72\x5f\x73\x74\x72\
\x28\x76\x70\x2d\x3e\x64\x69\x2e\x64\x65\x6c\x61\x79\x73\x5b\x69\x64\x78\x5d\
\x2c\x20\x33\x32\x2c\x20\x28\x76\x6f\x69\x64\x20\x2a\x29\x73\x74\x72\x5f\x61\
\x64\x64\x72\x29\x3b\0\x20\x20\x5f\x5f\x75\x36\x34\x20\x73\x74\x72\x5f\x61\x64\
\x64\x72\x20\x3d\x20\x50\x54\x5f\x52\x45\x47\x53\x5f\x50\x41\x52\x4d\x33\x28\
\x63\x74\x78\x29\x3b\0\x69\x6e\x74\x20\x75\x70\x72\x6f\x62\x65\x5f\x6c\x6f\x67\
\x5f\x6c\x61\x74\x65\x6e\x63\x79\x5f\x66\x6e\x28\x73\x74\x72\x75\x63\x74\x20\
\x70\x74\x5f\x72\x65\x67\x73\x20\x2a\x63\x74\x78\x29\0\x20\x20\x62\x70\x66\x5f\
\x70\x72\x69\x6e\x74\x6b\x28\x22\x45\x6e\x74\x65\x72\x65\x64\x20\x69\x6e\x74\
\x6f\x20\x6c\x6f\x67\x5f\x6c\x61\x74\x65\x6e\x63\x79\x5f\x66\x6e\x5c\x6e\x22\
\x29\x3b\0\x20\x20\x62\x73\x6c\x2e\x70\x69\x64\x20\x3d\x20\x67\x65\x74\x5f\x70\
\x69\x64\x28\x29\x3b\0\x2e\x72\x6f\x64\x61\x74\x61\0\x6c\x69\x63\x65\x6e\x73\
\x65\0\x2e\x6d\x61\x70\x73\0\x2e\x74\x65\x78\x74\0\x75\x70\x72\x6f\x62\x65\0\0\
\0\0\0\0\0\0\x9f\xeb\x01\0\x20\0\0\0\0\0\0\0\xdc\0\0\0\xdc\0\0\0\x34\x40\0\0\
\x10\x41\0\0\0\0\0\0\x08\0\0\0\x28\x4e\0\0\x05\0\0\0\0\0\0\0\x32\0\0\0\x18\0\0\
\0\x33\0\0\0\x28\0\0\0\x3a\0\0\0\x68\x02\0\0\x3c\0\0\0\xf8\x07\0\0\x3e\0\0\0\
\x2e\x4e\0\0\x14\0\0\0\0\0\0\0\x41\0\0\0\x98\x0a\0\0\x42\0\0\0\x90\x10\0\0\x43\
\0\0\0\x58\x13\0\0\x44\0\0\0\x78\x16\0\0\x45\0\0\0\x98\x17\0\0\x46\0\0\0\xb8\
\x18\0\0\x47\0\0\0\xd8\x1b\0\0\x48\0\0\0\x68\x21\0\0\x49\0\0\0\xb0\x27\0\0\x4a\
\0\0\0\x38\x31\0\0\x4b\0\0\0\xc8\x34\0\0\x4c\0\0\0\x80\x38\0\0\x4d\0\0\0\xe8\
\x3c\0\0\x4e\0\0\0\x50\x3e\0\0\x4f\0\0\0\x18\x45\0\0\x50\0\0\0\x88\x47\0\0\x51\
\0\0\0\x90\x4a\0\0\x52\0\0\0\x90\x51\0\0\x53\0\0\0\x90\x54\0\0\x54\0\0\0\x10\0\
\0\0\x28\x4e\0\0\x89\0\0\0\0\0\0\0\xcc\x10\0\0\xf2\x10\0\0\x14\x4c\0\0\x08\0\0\
\0\xcc\x10\0\0\x21\x11\0\0\x18\x50\0\0\x10\0\0\0\xcc\x10\0\0\x3f\x11\0\0\x03\
\x54\0\0\x18\0\0\0\xcc\x10\0\0\xf2\x10\0\0\x14\x64\0\0\x20\0\0\0\xcc\x10\0\0\
\x4d\x11\0\0\x03\x6c\0\0\x28\0\0\0\xcc\x10\0\0\x5b\x11\0\0\0\x78\0\0\x30\0\0\0\
\xcc\x10\0\0\x9c\x11\0\0\x07\x8c\0\0\x70\0\0\0\xcc\x10\0\0\xac\x11\0\0\x0e\x98\
\0\0\x80\0\0\0\xcc\x10\0\0\x9c\x11\0\0\x07\x8c\0\0\xa8\0\0\0\xcc\x10\0\0\xbe\
\x11\0\0\x0e\xd8\0\0\xb8\0\0\0\xcc\x10\0\0\x9c\x11\0\0\x07\x8c\0\0\xd8\0\0\0\
\xcc\x10\0\0\xcf\x11\0\0\x0e\xb8\0\0\xe8\0\0\0\xcc\x10\0\0\x9c\x11\0\0\x07\x8c\
\0\0\x08\x01\0\0\xcc\x10\0\0\xe1\x11\0\0\x0e\xf8\0\0\x18\x01\0\0\xcc\x10\0\0\
\x9c\x11\0\0\x07\x8c\0\0\x30\x01\0\0\xcc\x10\0\0\xf3\x11\0\0\x0e\xa8\0\0\x40\
\x01\0\0\xcc\x10\0\0\x9c\x11\0\0\x07\x8c\0\0\x58\x01\0\0\xcc\x10\0\0\x05\x12\0\
\0\x0e\xe8\0\0\x68\x01\0\0\xcc\x10\0\0\x9c\x11\0\0\x07\x8c\0\0\x80\x01\0\0\xcc\
\x10\0\0\x17\x12\0\0\x0e\xc8\0\0\x90\x01\0\0\xcc\x10\0\0\x9c\x11\0\0\x07\x8c\0\
\0\xa8\x01\0\0\xcc\x10\0\0\x29\x12\0\0\x0e\x08\x01\0\xb8\x01\0\0\xcc\x10\0\0\
\x3b\x12\0\0\x0e\x90\0\0\xc8\x01\0\0\xcc\x10\0\0\x4d\x12\0\0\x0e\xd0\0\0\xd8\
\x01\0\0\xcc\x10\0\0\x5e\x12\0\0\x0e\xb0\0\0\xe8\x01\0\0\xcc\x10\0\0\x70\x12\0\
\0\x0e\xf0\0\0\xf8\x01\0\0\xcc\x10\0\0\x82\x12\0\0\x0e\xa0\0\0\x08\x02\0\0\xcc\
\x10\0\0\x94\x12\0\0\x0e\xe0\0\0\x18\x02\0\0\xcc\x10\0\0\xa6\x12\0\0\x0e\xc0\0\
\0\x28\x02\0\0\xcc\x10\0\0\xb8\x12\0\0\x0e\0\x01\0\x38\x02\0\0\xcc\x10\0\0\xca\
\x12\0\0\x05\x10\x01\0\x60\x02\0\0\xcc\x10\0\0\x12\x13\0\0\x03\x60\x01\0\x68\
\x02\0\0\xcc\x10\0\0\x1e\x13\0\0\0\x74\x01\0\x78\x02\0\0\xcc\x10\0\0\x61\x13\0\
\0\x07\x78\x01\0\x88\x02\0\0\xcc\x10\0\0\x7d\x13\0\0\x12\x8c\x01\0\x98\x02\0\0\
\xcc\x10\0\0\x7d\x13\0\0\x07\x8c\x01\0\xa0\x02\0\0\xcc\x10\0\0\x97\x13\0\0\x1c\
\x90\x01\0\xb8\x02\0\0\xcc\x10\0\0\x97\x13\0\0\x0e\x90\x01\0\xc0\x02\0\0\xcc\
\x10\0\0\xba\x13\0\0\x17\x94\x01\0\xc8\x02\0\0\xcc\x10\0\0\xba\x13\0\0\x09\x94\
\x01\0\xd8\x02\0\0\xcc\x10\0\0\xdb\x13\0\0\x07\x98\x01\0\xf8\x02\0\0\xcc\x10\0\
\0\x23\x14\0\0\x12\x9c\x01\0\0\x03\0\0\xcc\x10\0\0\x3d\x14\0\0\x1d\xa8\x01\0\
\x18\x03\0\0\xcc\x10\0\0\x3d\x14\0\0\x0c\xa8\x01\0\x20\x03\0\0\xcc\x10\0\0\x61\
\x14\0\0\x10\xb0\x01\0\x40\x03\0\0\xcc\x10\0\0\x61\x14\0\0\x07\xb0\x01\0\x48\
\x03\0\0\xcc\x10\0\0\x87\x14\0\0\x15\xb4\x01\0\x50\x03\0\0\xcc\x10\0\0\x87\x14\
\0\0\x07\xb4\x01\0\x60\x03\0\0\xcc\x10\0\0\xa6\x14\0\0\x05\xb8\x01\0\x80\x03\0\
\0\xcc\x10\0\0\xec\x14\0\0\x28\xbc\x01\0\x98\x03\0\0\xcc\x10\0\0\xec\x14\0\0\
\x10\xbc\x01\0\xa0\x03\0\0\xcc\x10\0\0\xec\x14\0\0\x18\xbc\x01\0\xa8\x03\0\0\
\xcc\x10\0\0\x1b\x15\0\0\x10\xd0\x01\0\xb8\x03\0\0\xcc\x10\0\0\x41\x15\0\0\x1f\
\xc4\x01\0\xd0\x03\0\0\xcc\x10\0\0\x41\x15\0\0\x0e\xc4\x01\0\xd8\x03\0\0\xcc\
\x10\0\0\x1b\x15\0\0\x09\xd0\x01\0\xf8\x03\0\0\xcc\x10\0\0\x1b\x15\0\0\x07\xd0\
\x01\0\0\x04\0\0\xcc\x10\0\0\x67\x15\0\0\x15\xd4\x01\0\x08\x04\0\0\xcc\x10\0\0\
\x67\x15\0\0\x07\xd4\x01\0\x18\x04\0\0\xcc\x10\0\0\xa6\x14\0\0\x05\xd8\x01\0\
\x38\x04\0\0\xcc\x10\0\0\x86\x15\0\0\x28\xdc\x01\0\x50\x04\0\0\xcc\x10\0\0\x86\
\x15\0\0\x10\xdc\x01\0\x58\x04\0\0\xcc\x10\0\0\x86\x15\0\0\x18\xdc\x01\0\x60\
\x04\0\0\xcc\x10\0\0\xb5\x15\0\0\x10\xf0\x01\0\x70\x04\0\0\xcc\x10\0\0\xdb\x15\
\0\0\x1f\xe4\x01\0\x88\x04\0\0\xcc\x10\0\0\xdb\x15\0\0\x0e\xe4\x01\0\x90\x04\0\
\0\xcc\x10\0\0\xb5\x15\0\0\x09\xf0\x01\0\xb0\x04\0\0\xcc\x10\0\0\xb5\x15\0\0\
\x07\xf0\x01\0\xb8\x04\0\0\xcc\x10\0\0\x01\x16\0\0\x15\xf4\x01\0\xc0\x04\0\0\
\xcc\x10\0\0\x01\x16\0\0\x07\xf4\x01\0\xd0\x04\0\0\xcc\x10\0\0\xa6\x14\0\0\x05\
\xf8\x01\0\xf0\x04\0\0\xcc\x10\0\0\x20\x16\0\0\x28\xfc\x01\0\x08\x05\0\0\xcc\
\x10\0\0\x20\x16\0\0\x10\xfc\x01\0\x10\x05\0\0\xcc\x10\0\0\x20\x16\0\0\x18\xfc\
\x01\0\x18\x05\0\0\xcc\x10\0\0\x4f\x16\0\0\x10\x10\x02\0\x28\x05\0\0\xcc\x10\0\
\0\x75\x16\0\0\x1f\x04\x02\0\x40\x05\0\0\xcc\x10\0\0\x75\x16\0\0\x0e\x04\x02\0\
\x48\x05\0\0\xcc\x10\0\0\x4f\x16\0\0\x09\x10\x02\0\x68\x05\0\0\xcc\x10\0\0\x4f\
\x16\0\0\x07\x10\x02\0\x70\x05\0\0\xcc\x10\0\0\x9b\x16\0\0\x15\x14\x02\0\x78\
\x05\0\0\xcc\x10\0\0\x9b\x16\0\0\x07\x14\x02\0\x88\x05\0\0\xcc\x10\0\0\xa6\x14\
\0\0\x05\x18\x02\0\xa8\x05\0\0\xcc\x10\0\0\xba\x16\0\0\x28\x1c\x02\0\xc0\x05\0\
\0\xcc\x10\0\0\xba\x16\0\0\x10\x1c\x02\0\xc8\x05\0\0\xcc\x10\0\0\xba\x16\0\0\
\x18\x1c\x02\0\xd0\x05\0\0\xcc\x10\0\0\xe9\x16\0\0\x10\x30\x02\0\xe0\x05\0\0\
\xcc\x10\0\0\x0f\x17\0\0\x1f\x24\x02\0\xf8\x05\0\0\xcc\x10\0\0\x0f\x17\0\0\x0e\
\x24\x02\0\0\x06\0\0\xcc\x10\0\0\xe9\x16\0\0\x09\x30\x02\0\x20\x06\0\0\xcc\x10\
\0\0\xe9\x16\0\0\x07\x30\x02\0\x28\x06\0\0\xcc\x10\0\0\x35\x17\0\0\x15\x34\x02\
\0\x30\x06\0\0\xcc\x10\0\0\x35\x17\0\0\x07\x34\x02\0\x40\x06\0\0\xcc\x10\0\0\
\xa6\x14\0\0\x05\x38\x02\0\x60\x06\0\0\xcc\x10\0\0\x54\x17\0\0\x28\x3c\x02\0\
\x78\x06\0\0\xcc\x10\0\0\x54\x17\0\0\x10\x3c\x02\0\x80\x06\0\0\xcc\x10\0\0\x54\
\x17\0\0\x18\x3c\x02\0\x88\x06\0\0\xcc\x10\0\0\x83\x17\0\0\x10\x50\x02\0\x98\
\x06\0\0\xcc\x10\0\0\xa9\x17\0\0\x1f\x44\x02\0\xb0\x06\0\0\xcc\x10\0\0\xa9\x17\
\0\0\x0e\x44\x02\0\xb8\x06\0\0\xcc\x10\0\0\x83\x17\0\0\x09\x50\x02\0\xd8\x06\0\
\0\xcc\x10\0\0\x83\x17\0\0\x07\x50\x02\0\xe0\x06\0\0\xcc\x10\0\0\xcf\x17\0\0\
\x15\x54\x02\0\xe8\x06\0\0\xcc\x10\0\0\xcf\x17\0\0\x07\x54\x02\0\xf8\x06\0\0\
\xcc\x10\0\0\xa6\x14\0\0\x05\x58\x02\0\x18\x07\0\0\xcc\x10\0\0\xee\x17\0\0\x28\
\x5c\x02\0\x30\x07\0\0\xcc\x10\0\0\xee\x17\0\0\x10\x5c\x02\0\x38\x07\0\0\xcc\
\x10\0\0\xee\x17\0\0\x18\x5c\x02\0\x40\x07\0\0\xcc\x10\0\0\x1d\x18\0\0\x10\x70\
\x02\0\x50\x07\0\0\xcc\x10\0\0\x43\x18\0\0\x1f\x64\x02\0\x68\x07\0\0\xcc\x10\0\
\0\x43\x18\0\0\x0e\x64\x02\0\x70\x07\0\0\xcc\x10\0\0\x1d\x18\0\0\x09\x70\x02\0\
\x88\x07\0\0\xcc\x10\0\0\x1d\x18\0\0\x07\x70\x02\0\x90\x07\0\0\xcc\x10\0\0\x69\
\x18\0\0\x15\x74\x02\0\x98\x07\0\0\xcc\x10\0\0\x69\x18\0\0\x07\x74\x02\0\xa8\
\x07\0\0\xcc\x10\0\0\xa6\x14\0\0\x05\x78\x02\0\xc8\x07\0\0\xcc\x10\0\0\x88\x18\
\0\0\x10\x7c\x02\0\xd0\x07\0\0\xcc\x10\0\0\0\0\0\0\0\0\0\0\xf0\x07\0\0\xcc\x10\
\0\0\xb7\x18\0\0\x01\x94\x02\0\xf8\x07\0\0\xcc\x10\0\0\xb9\x18\0\0\0\x9c\x02\0\
\0\x08\0\0\xcc\x10\0\0\x61\x13\0\0\x07\xa0\x02\0\x08\x08\0\0\xcc\x10\0\0\xdd\
\x18\0\0\x03\xa4\x02\0\x40\x08\0\0\xcc\x10\0\0\x2e\x19\0\0\x10\xac\x02\0\x60\
\x08\0\0\xcc\x10\0\0\x2e\x19\0\0\x07\xac\x02\0\x68\x08\0\0\xcc\x10\0\0\x4d\x19\
\0\0\x03\xb0\x02\0\x98\x08\0\0\xcc\x10\0\0\x91\x19\0\0\x10\xb8\x02\0\xb8\x08\0\
\0\xcc\x10\0\0\x91\x19\0\0\x07\xb8\x02\0\xc0\x08\0\0\xcc\x10\0\0\xb0\x19\0\0\
\x03\xbc\x02\0\xf0\x08\0\0\xcc\x10\0\0\xf4\x19\0\0\x10\xc4\x02\0\x10\x09\0\0\
\xcc\x10\0\0\xf4\x19\0\0\x07\xc4\x02\0\x18\x09\0\0\xcc\x10\0\0\x13\x1a\0\0\x03\
\xc8\x02\0\x48\x09\0\0\xcc\x10\0\0\x57\x1a\0\0\x10\xd0\x02\0\x68\x09\0\0\xcc\
\x10\0\0\x57\x1a\0\0\x07\xd0\x02\0\x70\x09\0\0\xcc\x10\0\0\x76\x1a\0\0\x03\xd4\
\x02\0\xa0\x09\0\0\xcc\x10\0\0\xba\x1a\0\0\x10\xdc\x02\0\xc0\x09\0\0\xcc\x10\0\
\0\xba\x1a\0\0\x07\xdc\x02\0\xc8\x09\0\0\xcc\x10\0\0\xd9\x1a\0\0\x03\xe0\x02\0\
\xf8\x09\0\0\xcc\x10\0\0\xb7\x18\0\0\x01\xec\x02\0\x2e\x4e\0\0\x79\x03\0\0\0\0\
\0\0\x1d\x1b\0\0\x46\x1b\0\0\0\xd0\0\0\x10\0\0\0\x1d\x1b\0\0\x73\x1b\0\0\x07\
\xd4\0\0\x18\0\0\0\x1d\x1b\0\0\x84\x1b\0\0\x03\xdc\0\0\x30\0\0\0\x1d\x1b\0\0\
\xa4\x1b\0\0\x09\xe4\0\0\x40\0\0\0\x1d\x1b\0\0\0\0\0\0\0\0\0\0\x48\0\0\0\x1d\
\x1b\0\0\xb9\x1b\0\0\x19\xe8\0\0\x60\0\0\0\x1d\x1b\0\0\xf8\x1b\0\0\x07\xec\0\0\
\x68\0\0\0\x1d\x1b\0\0\x0c\x1c\0\0\x05\x04\x01\0\x98\0\0\0\x1d\x1b\0\0\x52\x1c\
\0\0\x09\xf4\0\0\xb8\0\0\0\x1d\x1b\0\0\x7f\x1c\0\0\x1a\xf8\0\0\xd8\0\0\0\x1d\
\x1b\0\0\0\0\0\0\0\0\0\0\xe0\0\0\0\x1d\x1b\0\0\xb6\x1c\0\0\x05\xfc\0\0\xf8\0\0\
\0\x1d\x1b\0\0\0\x1d\0\0\x07\x0c\x01\0\0\x01\0\0\x1d\x1b\0\0\0\x1d\0\0\x1d\x0c\
\x01\0\x10\x01\0\0\x1d\x1b\0\0\x3b\x1d\0\0\x05\x10\x01\0\x38\x01\0\0\x1d\x1b\0\
\0\x8f\x1d\0\0\x08\x24\x01\0\x60\x01\0\0\x1d\x1b\0\0\x9a\x1d\0\0\x08\x28\x01\0\
\x78\x01\0\0\x1d\x1b\0\0\xf8\x1b\0\0\x07\x2c\x01\0\x80\x01\0\0\x1d\x1b\0\0\x52\
\x1c\0\0\x09\x38\x01\0\xa0\x01\0\0\x1d\x1b\0\0\xc8\x1d\0\0\x16\x3c\x01\0\xb8\
\x01\0\0\x1d\x1b\0\0\xfb\x1d\0\0\x1e\x40\x01\0\xc8\x01\0\0\x1d\x1b\0\0\xfb\x1d\
\0\0\x05\x40\x01\0\xe0\x01\0\0\x1d\x1b\0\0\x45\x1e\0\0\x03\x5c\x01\0\0\x02\0\0\
\x1d\x1b\0\0\0\0\0\0\0\0\0\0\x08\x02\0\0\x1d\x1b\0\0\x9a\x1d\0\0\x08\x60\x01\0\
\x20\x02\0\0\x1d\x1b\0\0\xf8\x1b\0\0\x07\x64\x01\0\x28\x02\0\0\x1d\x1b\0\0\x52\
\x1c\0\0\x09\x6c\x01\0\x48\x02\0\0\x1d\x1b\0\0\x50\x1e\0\0\x16\x70\x01\0\x60\
\x02\0\0\x1d\x1b\0\0\x83\x1e\0\0\x1e\x74\x01\0\x70\x02\0\0\x1d\x1b\0\0\x83\x1e\
\0\0\x05\x74\x01\0\x88\x02\0\0\xcc\x10\0\0\xf2\x10\0\0\x14\x4c\0\0\x90\x02\0\0\
\xcc\x10\0\0\x21\x11\0\0\x18\x50\0\0\x98\x02\0\0\x1d\x1b\0\0\xc9\x1e\0\0\x0b\
\x8c\x01\0\xa8\x02\0\0\x1d\x1b\0\0\0\0\0\0\0\0\0\0\xb0\x02\0\0\x1d\x1b\0\0\xe0\
\x1e\0\0\x1b\xf8\x01\0\xd0\x02\0\0\x1d\x1b\0\0\x1b\x1f\0\0\x07\xfc\x01\0\xd8\
\x02\0\0\x1d\x1b\0\0\x35\x1f\0\0\x14\0\x02\0\xe0\x02\0\0\x1d\x1b\0\0\x35\x1f\0\
\0\x38\0\x02\0\xe8\x02\0\0\x1d\x1b\0\0\x35\x1f\0\0\x2c\0\x02\0\xf0\x02\0\0\x1d\
\x1b\0\0\0\0\0\0\0\0\0\0\x10\x03\0\0\x1d\x1b\0\0\x7b\x1f\0\0\x09\x04\x02\0\x18\
\x03\0\0\x1d\x1b\0\0\x9d\x1f\0\0\x05\x18\x02\0\x48\x03\0\0\x1d\x1b\0\0\x0f\x20\
\0\0\x03\x2c\x02\0\xd8\x04\0\0\x1d\x1b\0\0\x33\x20\0\0\x19\x48\x02\0\xe0\x04\0\
\0\x1d\x1b\0\0\x33\x20\0\0\x17\x48\x02\0\xf0\x04\0\0\x1d\x1b\0\0\x64\x20\0\0\
\x12\x60\x02\0\xf8\x04\0\0\x1d\x1b\0\0\x7b\x20\0\0\x13\x4c\x02\0\0\x05\0\0\x1d\
\x1b\0\0\x7b\x20\0\0\x0d\x4c\x02\0\x08\x05\0\0\x1d\x1b\0\0\x92\x20\0\0\x13\x50\
\x02\0\x10\x05\0\0\x1d\x1b\0\0\x92\x20\0\0\x0d\x50\x02\0\x18\x05\0\0\x1d\x1b\0\
\0\xa9\x20\0\0\x15\x54\x02\0\x20\x05\0\0\x1d\x1b\0\0\xa9\x20\0\0\x0f\x54\x02\0\
\x28\x05\0\0\x1d\x1b\0\0\xc4\x20\0\0\x13\x58\x02\0\x30\x05\0\0\x1d\x1b\0\0\xc4\
\x20\0\0\x11\x58\x02\0\x38\x05\0\0\x1d\x1b\0\0\x45\x1e\0\0\x03\x74\x02\0\x58\
\x05\0\0\x1d\x1b\0\0\x0f\x20\0\0\x03\x2c\x02\0\x60\x05\0\0\x1d\x1b\0\0\x9a\x1d\
\0\0\x08\x78\x02\0\x78\x05\0\0\x1d\x1b\0\0\xf8\x1b\0\0\x07\x7c\x02\0\x80\x05\0\
\0\x1d\x1b\0\0\x52\x1c\0\0\x09\x84\x02\0\xa0\x05\0\0\x1d\x1b\0\0\xdf\x20\0\0\
\x1d\x88\x02\0\xc8\x05\0\0\x1d\x1b\0\0\0\0\0\0\0\0\0\0\xd0\x05\0\0\x1d\x1b\0\0\
\x19\x21\0\0\x05\x8c\x02\0\xe8\x05\0\0\x1d\x1b\0\0\x6a\x21\0\0\x32\x94\x02\0\
\xf0\x05\0\0\x1d\x1b\0\0\xa2\x21\0\0\x20\x90\x02\0\0\x06\0\0\x1d\x1b\0\0\xa2\
\x21\0\0\x05\x90\x02\0\x20\x06\0\0\x1d\x1b\0\0\x45\x1e\0\0\x03\xb4\x02\0\x38\
\x06\0\0\xcc\x10\0\0\xdb\x21\0\0\x15\x3c\0\0\x40\x06\0\0\xcc\x10\0\0\xdb\x21\0\
\0\x19\x3c\0\0\x48\x06\0\0\xcc\x10\0\0\xdb\x21\0\0\x36\x3c\0\0\x50\x06\0\0\xcc\
\x10\0\0\xdb\x21\0\0\x29\x3c\0\0\x58\x06\0\0\x1d\x1b\0\0\x16\x22\0\0\x16\x98\
\x02\0\x68\x06\0\0\x1d\x1b\0\0\0\0\0\0\0\0\0\0\x70\x06\0\0\x1d\x1b\0\0\x9a\x1d\
\0\0\x08\xb8\x02\0\x88\x06\0\0\x1d\x1b\0\0\xf8\x1b\0\0\x07\xbc\x02\0\x90\x06\0\
\0\x1d\x1b\0\0\x52\x1c\0\0\x09\xc4\x02\0\xb0\x06\0\0\x1d\x1b\0\0\x3e\x22\0\0\
\x21\xc8\x02\0\xd8\x06\0\0\x1d\x1b\0\0\0\0\0\0\0\0\0\0\xe0\x06\0\0\x1d\x1b\0\0\
\x7c\x22\0\0\x05\xcc\x02\0\xf8\x06\0\0\x1d\x1b\0\0\xd1\x22\0\0\x36\xd4\x02\0\0\
\x07\0\0\x1d\x1b\0\0\xa2\x21\0\0\x05\xd0\x02\0\x20\x07\0\0\x1d\x1b\0\0\x45\x1e\
\0\0\x03\xf4\x02\0\x38\x07\0\0\xcc\x10\0\0\xdb\x21\0\0\x15\x3c\0\0\x40\x07\0\0\
\xcc\x10\0\0\xdb\x21\0\0\x19\x3c\0\0\x48\x07\0\0\xcc\x10\0\0\xdb\x21\0\0\x36\
\x3c\0\0\x50\x07\0\0\xcc\x10\0\0\xdb\x21\0\0\x29\x3c\0\0\x58\x07\0\0\x1d\x1b\0\
\0\x0d\x23\0\0\x1a\xd8\x02\0\x68\x07\0\0\x1d\x1b\0\0\0\0\0\0\0\0\0\0\x70\x07\0\
\0\x1d\x1b\0\0\x9a\x1d\0\0\x08\xf8\x02\0\x88\x07\0\0\x1d\x1b\0\0\xf8\x1b\0\0\
\x07\xfc\x02\0\x90\x07\0\0\x1d\x1b\0\0\x52\x1c\0\0\x09\x04\x03\0\xb0\x07\0\0\
\x1d\x1b\0\0\x39\x23\0\0\x26\x08\x03\0\xd8\x07\0\0\x1d\x1b\0\0\0\0\0\0\0\0\0\0\
\xe0\x07\0\0\x1d\x1b\0\0\x7c\x23\0\0\x05\x0c\x03\0\xf8\x07\0\0\x1d\x1b\0\0\xb3\
\x23\0\0\x3b\x18\x03\0\0\x08\0\0\x1d\x1b\0\0\xa2\x21\0\0\x05\x14\x03\0\x20\x08\
\0\0\x1d\x1b\0\0\x45\x1e\0\0\x03\x38\x03\0\x38\x08\0\0\xcc\x10\0\0\xdb\x21\0\0\
\x15\x3c\0\0\x40\x08\0\0\xcc\x10\0\0\xdb\x21\0\0\x19\x3c\0\0\x48\x08\0\0\xcc\
\x10\0\0\xdb\x21\0\0\x36\x3c\0\0\x50\x08\0\0\xcc\x10\0\0\xdb\x21\0\0\x29\x3c\0\
\0\x58\x08\0\0\x1d\x1b\0\0\xf4\x23\0\0\x1f\x1c\x03\0\x68\x08\0\0\x1d\x1b\0\0\0\
\0\0\0\0\0\0\0\x70\x08\0\0\x1d\x1b\0\0\x9a\x1d\0\0\x08\x3c\x03\0\x88\x08\0\0\
\x1d\x1b\0\0\xf8\x1b\0\0\x07\x40\x03\0\x90\x08\0\0\x1d\x1b\0\0\x52\x1c\0\0\x09\
\x48\x03\0\xb0\x08\0\0\x1d\x1b\0\0\x25\x24\0\0\x21\x4c\x03\0\xd8\x08\0\0\x1d\
\x1b\0\0\0\0\0\0\0\0\0\0\xe0\x08\0\0\x1d\x1b\0\0\x7c\x23\0\0\x05\x50\x03\0\xf8\
\x08\0\0\x1d\x1b\0\0\x63\x24\0\0\x36\x5c\x03\0\0\x09\0\0\x1d\x1b\0\0\xa2\x21\0\
\0\x05\x58\x03\0\x20\x09\0\0\xcc\x10\0\0\xdb\x21\0\0\x15\x3c\0\0\x28\x09\0\0\
\xcc\x10\0\0\xdb\x21\0\0\x19\x3c\0\0\x30\x09\0\0\xcc\x10\0\0\xdb\x21\0\0\x36\
\x3c\0\0\x38\x09\0\0\xcc\x10\0\0\xdb\x21\0\0\x29\x3c\0\0\x40\x09\0\0\x1d\x1b\0\
\0\x9f\x24\0\0\x1a\x60\x03\0\x50\x09\0\0\x1d\x1b\0\0\0\0\0\0\0\0\0\0\x68\x09\0\
\0\x1d\x1b\0\0\xcb\x24\0\0\x03\x78\x03\0\x90\x09\0\0\x1d\x1b\0\0\x0c\x1c\0\0\
\x05\x48\x01\0\xb0\x09\0\0\x1d\x1b\0\0\x0c\x1c\0\0\x05\x7c\x01\0\xd0\x09\0\0\
\x1d\x1b\0\0\xf9\x24\0\0\x07\x08\x02\0\0\x0a\0\0\x1d\x1b\0\0\x0c\x1c\0\0\x05\
\xa0\x02\0\x20\x0a\0\0\x1d\x1b\0\0\x0c\x1c\0\0\x05\xe0\x02\0\x40\x0a\0\0\x1d\
\x1b\0\0\x0c\x1c\0\0\x05\x24\x03\0\x60\x0a\0\0\x1d\x1b\0\0\x0c\x1c\0\0\x05\x68\
\x03\0\x78\x0a\0\0\x1d\x1b\0\0\0\0\0\0\0\0\0\0\x88\x0a\0\0\x1d\x1b\0\0\xb7\x18\
\0\0\x01\x80\x03\0\x98\x0a\0\0\x1d\x1b\0\0\x72\x25\0\0\0\x8c\x03\0\xa0\x0a\0\0\
\x1d\x1b\0\0\x9f\x25\0\0\x03\x90\x03\0\xc8\x0a\0\0\x1d\x1b\0\0\x84\x1b\0\0\x03\
\x9c\x03\0\xe8\x0a\0\0\x1d\x1b\0\0\xd1\x25\0\0\x07\xa0\x03\0\xf0\x0a\0\0\x1d\
\x1b\0\0\xa4\x1b\0\0\x09\xa8\x03\0\0\x0b\0\0\x1d\x1b\0\0\0\0\0\0\0\0\0\0\x08\
\x0b\0\0\x1d\x1b\0\0\xb9\x1b\0\0\x19\xac\x03\0\x20\x0b\0\0\x1d\x1b\0\0\xf8\x1b\
\0\0\x07\xb4\x03\0\x28\x0b\0\0\x1d\x1b\0\0\xe3\x25\0\0\x05\xcc\x03\0\x58\x0b\0\
\0\x1d\x1b\0\0\x52\x1c\0\0\x09\xbc\x03\0\x78\x0b\0\0\x1d\x1b\0\0\x7f\x1c\0\0\
\x1a\xc0\x03\0\x98\x0b\0\0\x1d\x1b\0\0\0\0\0\0\0\0\0\0\xa0\x0b\0\0\x1d\x1b\0\0\
\xb6\x1c\0\0\x05\xc4\x03\0\xb8\x0b\0\0\x1d\x1b\0\0\0\x1d\0\0\x07\xd4\x03\0\xc0\
\x0b\0\0\x1d\x1b\0\0\0\x1d\0\0\x1d\xd4\x03\0\xd0\x0b\0\0\x1d\x1b\0\0\x29\x26\0\
\0\x05\xd8\x03\0\xf8\x0b\0\0\x1d\x1b\0\0\x45\x1e\0\0\x03\xec\x03\0\x20\x0c\0\0\
\x1d\x1b\0\0\x9a\x1d\0\0\x08\xf0\x03\0\x38\x0c\0\0\x1d\x1b\0\0\xf8\x1b\0\0\x07\
\xf4\x03\0\x40\x0c\0\0\x1d\x1b\0\0\x52\x1c\0\0\x09\xfc\x03\0\x60\x0c\0\0\x1d\
\x1b\0\0\xc8\x1d\0\0\x16\0\x04\0\x78\x0c\0\0\x1d\x1b\0\0\xfb\x1d\0\0\x1e\x04\
\x04\0\x88\x0c\0\0\x1d\x1b\0\0\xfb\x1d\0\0\x05\x04\x04\0\xa8\x0c\0\0\x1d\x1b\0\
\0\xe3\x25\0\0\x05\x0c\x04\0\xd0\x0c\0\0\x1d\x1b\0\0\x45\x1e\0\0\x03\x18\x04\0\
\xf8\x0c\0\0\x1d\x1b\0\0\x9a\x1d\0\0\x08\x1c\x04\0\x10\x0d\0\0\x1d\x1b\0\0\xf8\
\x1b\0\0\x07\x20\x04\0\x18\x0d\0\0\x1d\x1b\0\0\x52\x1c\0\0\x09\x28\x04\0\x38\
\x0d\0\0\x1d\x1b\0\0\x50\x1e\0\0\x16\x2c\x04\0\x50\x0d\0\0\x1d\x1b\0\0\x83\x1e\
\0\0\x1e\x30\x04\0\x60\x0d\0\0\x1d\x1b\0\0\x83\x1e\0\0\x05\x30\x04\0\x78\x0d\0\
\0\xcc\x10\0\0\xf2\x10\0\0\x14\x4c\0\0\x80\x0d\0\0\xcc\x10\0\0\x21\x11\0\0\x18\
\x50\0\0\x88\x0d\0\0\x1d\x1b\0\0\xc9\x1e\0\0\x0b\x44\x04\0\x90\x0d\0\0\x1d\x1b\
\0\0\x80\x26\0\0\x03\x4c\x04\0\xc8\x0d\0\0\x1d\x1b\0\0\0\0\0\0\0\0\0\0\xd0\x0d\
\0\0\x1d\x1b\0\0\xca\x26\0\0\x15\x58\x04\0\xf0\x0d\0\0\x1d\x1b\0\0\xff\x26\0\0\
\x07\x5c\x04\0\xf8\x0d\0\0\x1d\x1b\0\0\x13\x27\0\0\x0b\x70\x04\0\0\x0e\0\0\x1d\
\x1b\0\0\x13\x27\0\0\x07\x70\x04\0\x08\x0e\0\0\x1d\x1b\0\0\x31\x27\0\0\x19\x74\
\x04\0\x10\x0e\0\0\x1d\x1b\0\0\x31\x27\0\0\x17\x74\x04\0\x18\x0e\0\0\x1d\x1b\0\
\0\x45\x1e\0\0\x03\x80\x04\0\x40\x0e\0\0\x1d\x1b\0\0\x9a\x1d\0\0\x08\x84\x04\0\
\x58\x0e\0\0\x1d\x1b\0\0\xf8\x1b\0\0\x07\x88\x04\0\x60\x0e\0\0\x1d\x1b\0\0\x52\
\x1c\0\0\x09\x90\x04\0\x80\x0e\0\0\x1d\x1b\0\0\x62\x27\0\0\x19\x94\x04\0\xa0\
\x0e\0\0\x1d\x1b\0\0\0\0\0\0\0\0\0\0\xa8\x0e\0\0\x1d\x1b\0\0\x98\x27\0\0\x05\
\x9c\x04\0\xc0\x0e\0\0\x1d\x1b\0\0\xde\x27\0\0\x12\xa0\x04\0\xc8\x0e\0\0\x1d\
\x1b\0\0\xde\x27\0\0\x10\xa0\x04\0\xd0\x0e\0\0\x1d\x1b\0\0\x45\x1e\0\0\x03\xbc\
\x04\0\xf0\x0e\0\0\x1d\x1b\0\0\0\0\0\0\0\0\0\0\xf8\x0e\0\0\x1d\x1b\0\0\x9a\x1d\
\0\0\x08\xc0\x04\0\x10\x0f\0\0\x1d\x1b\0\0\xf8\x1b\0\0\x07\xc4\x04\0\x18\x0f\0\
\0\x1d\x1b\0\0\x52\x1c\0\0\x09\xcc\x04\0\x38\x0f\0\0\x1d\x1b\0\0\xf7\x27\0\0\
\x19\xd0\x04\0\x58\x0f\0\0\x1d\x1b\0\0\0\0\0\0\0\0\0\0\x60\x0f\0\0\x1d\x1b\0\0\
\x2d\x28\0\0\x05\xd8\x04\0\x78\x0f\0\0\x1d\x1b\0\0\x73\x28\0\0\x12\xdc\x04\0\
\x80\x0f\0\0\x1d\x1b\0\0\x73\x28\0\0\x10\xdc\x04\0\x88\x0f\0\0\x1d\x1b\0\0\x8c\
\x28\0\0\x10\xf4\x04\0\x90\x0f\0\0\x1d\x1b\0\0\x8c\x28\0\0\x09\xf4\x04\0\xa0\
\x0f\0\0\x1d\x1b\0\0\0\0\0\0\0\0\0\0\xb8\x0f\0\0\x1d\x1b\0\0\xb7\x28\0\0\x03\
\xf8\x04\0\xe0\x0f\0\0\x1d\x1b\0\0\xe3\x25\0\0\x05\x38\x04\0\0\x10\0\0\x1d\x1b\
\0\0\xe9\x28\0\0\x05\x60\x04\0\x38\x10\0\0\x1d\x1b\0\0\xe3\x25\0\0\x05\xa8\x04\
\0\x58\x10\0\0\x1d\x1b\0\0\xe3\x25\0\0\x05\xe4\x04\0\x70\x10\0\0\x1d\x1b\0\0\0\
\0\0\0\0\0\0\0\x80\x10\0\0\x1d\x1b\0\0\xb7\x18\0\0\x01\x04\x05\0\x90\x10\0\0\
\x1d\x1b\0\0\x57\x29\0\0\0\x10\x05\0\x98\x10\0\0\x1d\x1b\0\0\x85\x29\0\0\x03\
\x14\x05\0\xc0\x10\0\0\x1d\x1b\0\0\xb8\x29\0\0\x07\x1c\x05\0\xd0\x10\0\0\x1d\
\x1b\0\0\x84\x1b\0\0\x03\x24\x05\0\xf0\x10\0\0\x1d\x1b\0\0\0\0\0\0\0\0\0\0\xf8\
\x10\0\0\x1d\x1b\0\0\xb9\x1b\0\0\x19\x2c\x05\0\x10\x11\0\0\x1d\x1b\0\0\xf8\x1b\
\0\0\x07\x30\x05\0\x18\x11\0\0\x1d\x1b\0\0\x52\x1c\0\0\x09\x38\x05\0\x38\x11\0\
\0\x1d\x1b\0\0\xc8\x1d\0\0\x16\x3c\x05\0\x50\x11\0\0\x1d\x1b\0\0\xfb\x1d\0\0\
\x1e\x40\x05\0\x60\x11\0\0\x1d\x1b\0\0\xfb\x1d\0\0\x05\x40\x05\0\x80\x11\0\0\
\x1d\x1b\0\0\xca\x29\0\0\x05\x48\x05\0\xa8\x11\0\0\x1d\x1b\0\0\x45\x1e\0\0\x03\
\x54\x05\0\xd0\x11\0\0\x1d\x1b\0\0\x9a\x1d\0\0\x08\x58\x05\0\xe8\x11\0\0\x1d\
\x1b\0\0\xf8\x1b\0\0\x07\x5c\x05\0\xf0\x11\0\0\x1d\x1b\0\0\x52\x1c\0\0\x09\x64\
\x05\0\x10\x12\0\0\x1d\x1b\0\0\x50\x1e\0\0\x16\x68\x05\0\x28\x12\0\0\x1d\x1b\0\
\0\x83\x1e\0\0\x1e\x6c\x05\0\x38\x12\0\0\x1d\x1b\0\0\x83\x1e\0\0\x05\x6c\x05\0\
\x50\x12\0\0\xcc\x10\0\0\xf2\x10\0\0\x14\x4c\0\0\x58\x12\0\0\xcc\x10\0\0\x21\
\x11\0\0\x18\x50\0\0\x60\x12\0\0\x1d\x1b\0\0\xc9\x1e\0\0\x0b\x80\x05\0\x68\x12\
\0\0\x1d\x1b\0\0\x11\x2a\0\0\x03\x88\x05\0\xa0\x12\0\0\x1d\x1b\0\0\0\0\0\0\0\0\
\0\0\xa8\x12\0\0\x1d\x1b\0\0\xca\x26\0\0\x15\x94\x05\0\xc8\x12\0\0\x1d\x1b\0\0\
\x5d\x2a\0\0\x07\x98\x05\0\xd0\x12\0\0\x1d\x1b\0\0\x71\x2a\0\0\x1d\x9c\x05\0\
\xd8\x12\0\0\x1d\x1b\0\0\x71\x2a\0\0\x1b\x9c\x05\0\xe8\x12\0\0\x1d\x1b\0\0\xca\
\x29\0\0\x05\x74\x05\0\x18\x13\0\0\x1d\x1b\0\0\xa6\x2a\0\0\x05\xa4\x05\0\x48\
\x13\0\0\x1d\x1b\0\0\xb7\x18\0\0\x01\xc0\x05\0\x58\x13\0\0\x1d\x1b\0\0\xb6\x2a\
\0\0\0\xd0\x05\0\x60\x13\0\0\x1d\x1b\0\0\xeb\x2a\0\0\x03\xd4\x05\0\x88\x13\0\0\
\x1d\x1b\0\0\x25\x2b\0\0\x07\xdc\x05\0\x98\x13\0\0\x1d\x1b\0\0\x84\x1b\0\0\x03\
\xe4\x05\0\xb8\x13\0\0\x1d\x1b\0\0\0\0\0\0\0\0\0\0\xc0\x13\0\0\x1d\x1b\0\0\xb9\
\x1b\0\0\x19\xec\x05\0\xd8\x13\0\0\x1d\x1b\0\0\xf8\x1b\0\0\x07\xf0\x05\0\xe0\
\x13\0\0\x1d\x1b\0\0\x52\x1c\0\0\x09\xf8\x05\0\0\x14\0\0\x1d\x1b\0\0\xc8\x1d\0\
\0\x16\xfc\x05\0\x18\x14\0\0\x1d\x1b\0\0\xfb\x1d\0\0\x1e\0\x06\0\x28\x14\0\0\
\x1d\x1b\0\0\xfb\x1d\0\0\x05\0\x06\0\x48\x14\0\0\x1d\x1b\0\0\x37\x2b\0\0\x05\
\x08\x06\0\x70\x14\0\0\x1d\x1b\0\0\x45\x1e\0\0\x03\x14\x06\0\x98\x14\0\0\x1d\
\x1b\0\0\x9a\x1d\0\0\x08\x18\x06\0\xb0\x14\0\0\x1d\x1b\0\0\xf8\x1b\0\0\x07\x1c\
\x06\0\xb8\x14\0\0\x1d\x1b\0\0\x52\x1c\0\0\x09\x24\x06\0\xd8\x14\0\0\x1d\x1b\0\
\0\x50\x1e\0\0\x16\x28\x06\0\xf0\x14\0\0\x1d\x1b\0\0\x83\x1e\0\0\x1e\x2c\x06\0\
\0\x15\0\0\x1d\x1b\0\0\x83\x1e\0\0\x05\x2c\x06\0\x18\x15\0\0\xcc\x10\0\0\xf2\
\x10\0\0\x14\x4c\0\0\x20\x15\0\0\xcc\x10\0\0\x21\x11\0\0\x18\x50\0\0\x28\x15\0\
\0\x1d\x1b\0\0\xc9\x1e\0\0\x0b\x44\x06\0\x38\x15\0\0\x1d\x1b\0\0\0\0\0\0\0\0\0\
\0\x40\x15\0\0\x1d\x1b\0\0\xca\x26\0\0\x15\x54\x06\0\x60\x15\0\0\x1d\x1b\0\0\
\x85\x2b\0\0\x03\x5c\x06\0\x98\x15\0\0\x1d\x1b\0\0\x5d\x2a\0\0\x07\x6c\x06\0\
\xa0\x15\0\0\x1d\x1b\0\0\x93\x2b\0\0\x24\x70\x06\0\xa8\x15\0\0\x1d\x1b\0\0\x93\
\x2b\0\0\x22\x70\x06\0\xb0\x15\0\0\x1d\x1b\0\0\xcf\x2b\0\0\x12\x74\x06\0\xb8\
\x15\0\0\x1d\x1b\0\0\xcf\x2b\0\0\x0b\x74\x06\0\xc8\x15\0\0\x1d\x1b\0\0\x93\x2b\
\0\0\x24\x70\x06\0\xe0\x15\0\0\x1d\x1b\0\0\xfc\x2b\0\0\x05\x78\x06\0\x08\x16\0\
\0\x1d\x1b\0\0\x37\x2b\0\0\x05\x34\x06\0\x38\x16\0\0\x1d\x1b\0\0\xa6\x2a\0\0\
\x05\x80\x06\0\x68\x16\0\0\x1d\x1b\0\0\xb7\x18\0\0\x01\x98\x06\0\x78\x16\0\0\
\x1d\x1b\0\0\x30\x2c\0\0\x03\xb0\x06\0\x98\x16\0\0\x1d\x1b\0\0\x8c\x28\0\0\x10\
\xb4\x06\0\xa0\x16\0\0\x1d\x1b\0\0\x8c\x28\0\0\x09\xb4\x06\0\xb0\x16\0\0\x1d\
\x1b\0\0\x30\x2c\0\0\x03\xb0\x06\0\xb8\x16\0\0\x1d\x1b\0\0\x6a\x2c\0\0\x16\xb8\
\x06\0\xd8\x16\0\0\x1d\x1b\0\0\xa6\x2c\0\0\x07\xc0\x06\0\xe0\x16\0\0\x1d\x1b\0\
\0\xbb\x2c\0\0\x17\xc4\x06\0\x08\x17\0\0\x1d\x1b\0\0\xf1\x2c\0\0\x09\xc8\x06\0\
\x10\x17\0\0\x1d\x1b\0\0\x07\x2d\0\0\x25\xcc\x06\0\x18\x17\0\0\x1d\x1b\0\0\x07\
\x2d\0\0\x23\xcc\x06\0\x28\x17\0\0\x1d\x1b\0\0\x44\x2d\0\0\x05\xec\x06\0\x58\
\x17\0\0\x1d\x1b\0\0\x95\x2d\0\0\x07\xd4\x06\0\x88\x17\0\0\x1d\x1b\0\0\xa7\x2d\
\0\0\x03\xf4\x06\0\x98\x17\0\0\x1d\x1b\0\0\xb3\x2d\0\0\x03\x14\x07\0\xb8\x17\0\
\0\x1d\x1b\0\0\x8c\x28\0\0\x10\x18\x07\0\xc0\x17\0\0\x1d\x1b\0\0\x8c\x28\0\0\
\x09\x18\x07\0\xd0\x17\0\0\x1d\x1b\0\0\xb3\x2d\0\0\x03\x14\x07\0\xd8\x17\0\0\
\x1d\x1b\0\0\x6a\x2c\0\0\x16\x1c\x07\0\xf8\x17\0\0\x1d\x1b\0\0\xa6\x2c\0\0\x07\
\x20\x07\0\0\x18\0\0\x1d\x1b\0\0\xbb\x2c\0\0\x17\x24\x07\0\x28\x18\0\0\x1d\x1b\
\0\0\xf1\x2c\0\0\x09\x28\x07\0\x30\x18\0\0\x1d\x1b\0\0\xe3\x2d\0\0\x1c\x2c\x07\
\0\x38\x18\0\0\x1d\x1b\0\0\xe3\x2d\0\0\x1a\x2c\x07\0\x48\x18\0\0\x1d\x1b\0\0\
\x17\x2e\0\0\x05\x4c\x07\0\x78\x18\0\0\x1d\x1b\0\0\x95\x2d\0\0\x07\x38\x07\0\
\xa8\x18\0\0\x1d\x1b\0\0\xa7\x2d\0\0\x03\x54\x07\0\xb8\x18\0\0\x1d\x1b\0\0\x5e\
\x2e\0\0\0\x6c\x07\0\xc0\x18\0\0\x1d\x1b\0\0\x8c\x2e\0\0\x03\x70\x07\0\xe0\x18\
\0\0\x1d\x1b\0\0\x8c\x28\0\0\x10\x74\x07\0\xe8\x18\0\0\x1d\x1b\0\0\x8c\x28\0\0\
\x09\x74\x07\0\xf8\x18\0\0\x1d\x1b\0\0\0\0\0\0\0\0\0\0\0\x19\0\0\x1d\x1b\0\0\
\x6a\x2c\0\0\x16\x78\x07\0\x20\x19\0\0\x1d\x1b\0\0\xa6\x2c\0\0\x07\x7c\x07\0\
\x28\x19\0\0\x1d\x1b\0\0\xbb\x2c\0\0\x17\x80\x07\0\x50\x19\0\0\x1d\x1b\0\0\xf1\
\x2c\0\0\x09\x84\x07\0\x58\x19\0\0\x1d\x1b\0\0\xbf\x2e\0\0\x1f\x88\x07\0\x60\
\x19\0\0\x1d\x1b\0\0\xbf\x2e\0\0\x1d\x88\x07\0\x70\x19\0\0\x1d\x1b\0\0\xbf\x2e\
\0\0\x1f\x88\x07\0\x78\x19\0\0\x1d\x1b\0\0\xf6\x2e\0\0\x07\x90\x07\0\x98\x19\0\
\0\x1d\x1b\0\0\x53\x2f\0\0\x0b\x98\x07\0\xa8\x19\0\0\x1d\x1b\0\0\xbf\x2e\0\0\
\x1f\x88\x07\0\xb0\x19\0\0\x1d\x1b\0\0\x69\x2f\0\0\x1d\x9c\x07\0\xc8\x19\0\0\
\x1d\x1b\0\0\xac\x2f\0\0\x0b\xa0\x07\0\xd0\x19\0\0\x1d\x1b\0\0\xcc\x2f\0\0\x0b\
\xa8\x07\0\xf0\x19\0\0\x1d\x1b\0\0\xfb\x2f\0\0\x1a\xac\x07\0\x10\x1a\0\0\x1d\
\x1b\0\0\x32\x30\0\0\x0d\xb0\x07\0\x20\x1a\0\0\x1d\x1b\0\0\0\0\0\0\0\0\0\0\x28\
\x1a\0\0\x1d\x1b\0\0\x49\x30\0\0\x07\xb4\x07\0\x40\x1a\0\0\x1d\x1b\0\0\x8f\x30\
\0\0\x07\xc0\x07\0\x60\x1a\0\0\x1d\x1b\0\0\0\0\0\0\0\0\0\0\x68\x1a\0\0\x1d\x1b\
\0\0\x9e\x30\0\0\x0c\xc4\x07\0\x80\x1a\0\0\x1d\x1b\0\0\xac\x2f\0\0\x0b\xc8\x07\
\0\x88\x1a\0\0\x1d\x1b\0\0\xcc\x2f\0\0\x0b\xcc\x07\0\xa8\x1a\0\0\x1d\x1b\0\0\
\xd0\x30\0\0\x1a\xd0\x07\0\xc0\x1a\0\0\x1d\x1b\0\0\x07\x31\0\0\x0d\xd4\x07\0\
\xd0\x1a\0\0\x1d\x1b\0\0\xcc\x2f\0\0\x0b\xcc\x07\0\xd8\x1a\0\0\x1d\x1b\0\0\x1e\
\x31\0\0\x07\xd8\x07\0\xf0\x1a\0\0\x1d\x1b\0\0\x64\x31\0\0\x12\xe4\x07\0\xf8\
\x1a\0\0\x1d\x1b\0\0\x64\x31\0\0\x10\xe4\x07\0\0\x1b\0\0\x1d\x1b\0\0\x7c\x31\0\
\0\x18\xe8\x07\0\x08\x1b\0\0\x1d\x1b\0\0\x7c\x31\0\0\x16\xe8\x07\0\x10\x1b\0\0\
\xcc\x10\0\0\xf2\x10\0\0\x14\x4c\0\0\x18\x1b\0\0\xcc\x10\0\0\x21\x11\0\0\x18\
\x50\0\0\x20\x1b\0\0\x1d\x1b\0\0\x9b\x31\0\0\x0e\xec\x07\0\x30\x1b\0\0\x1d\x1b\
\0\0\xcc\x2f\0\0\x0b\xcc\x07\0\x38\x1b\0\0\x1d\x1b\0\0\xb6\x31\0\0\x07\xf4\x07\
\0\x68\x1b\0\0\x1d\x1b\0\0\xe8\x31\0\0\x05\x14\x08\0\x98\x1b\0\0\x1d\x1b\0\0\
\x95\x2d\0\0\x07\0\x08\0\xc8\x1b\0\0\x1d\x1b\0\0\xb7\x18\0\0\x01\x20\x08\0\xd8\
\x1b\0\0\x1d\x1b\0\0\x32\x32\0\0\0\x30\x08\0\xe0\x1b\0\0\x1d\x1b\0\0\x63\x32\0\
\0\x03\x34\x08\0\x08\x1c\0\0\x1d\x1b\0\0\x99\x32\0\0\x07\x3c\x08\0\x18\x1c\0\0\
\x1d\x1b\0\0\0\0\0\0\0\0\0\0\x20\x1c\0\0\x1d\x1b\0\0\xb9\x1b\0\0\x19\x40\x08\0\
\x38\x1c\0\0\x1d\x1b\0\0\x61\x13\0\0\x07\x44\x08\0\x40\x1c\0\0\x1d\x1b\0\0\xab\
\x32\0\0\x07\x4c\x08\0\x60\x1c\0\0\x1d\x1b\0\0\xd6\x32\0\0\x16\x50\x08\0\x80\
\x1c\0\0\x1d\x1b\0\0\x09\x33\0\0\x09\x54\x08\0\x90\x1c\0\0\x1d\x1b\0\0\0\0\0\0\
\0\0\0\0\x98\x1c\0\0\x1d\x1b\0\0\x1c\x33\0\0\x03\x58\x08\0\xb0\x1c\0\0\x1d\x1b\
\0\0\x45\x1e\0\0\x03\x64\x08\0\xd0\x1c\0\0\x1d\x1b\0\0\0\0\0\0\0\0\0\0\xd8\x1c\
\0\0\x1d\x1b\0\0\x9a\x1d\0\0\x08\x68\x08\0\xf0\x1c\0\0\x1d\x1b\0\0\x61\x13\0\0\
\x07\x6c\x08\0\xf8\x1c\0\0\x1d\x1b\0\0\xab\x32\0\0\x07\x70\x08\0\x18\x1d\0\0\
\x1d\x1b\0\0\x5e\x33\0\0\x16\x74\x08\0\x30\x1d\0\0\x1d\x1b\0\0\x91\x33\0\0\x09\
\x78\x08\0\x40\x1d\0\0\x1d\x1b\0\0\xab\x32\0\0\x07\x70\x08\0\x48\x1d\0\0\x1d\
\x1b\0\0\xa4\x33\0\0\x03\x7c\x08\0\x60\x1d\0\0\x1d\x1b\0\0\xe6\x33\0\0\x0e\x88\
\x08\0\x68\x1d\0\0\x1d\x1b\0\0\xe6\x33\0\0\x0c\x88\x08\0\x70\x1d\0\0\x1d\x1b\0\
\0\xfa\x33\0\0\x14\x8c\x08\0\x78\x1d\0\0\x1d\x1b\0\0\xfa\x33\0\0\x12\x8c\x08\0\
\x80\x1d\0\0\xcc\x10\0\0\xf2\x10\0\0\x14\x4c\0\0\x88\x1d\0\0\xcc\x10\0\0\x21\
\x11\0\0\x18\x50\0\0\x90\x1d\0\0\x1d\x1b\0\0\x15\x34\0\0\x0a\x90\x08\0\xa0\x1d\
\0\0\x1d\x1b\0\0\xab\x32\0\0\x07\x70\x08\0\xa8\x1d\0\0\x1d\x1b\0\0\x2c\x34\0\0\
\x16\x94\x08\0\xc8\x1d\0\0\x1d\x1b\0\0\x65\x34\0\0\x07\x98\x08\0\xd0\x1d\0\0\
\x1d\x1b\0\0\x7a\x34\0\0\x05\x9c\x08\0\0\x1e\0\0\x1d\x1b\0\0\0\0\0\0\0\0\0\0\
\x08\x1e\0\0\x1d\x1b\0\0\xb7\x18\0\0\x01\x44\x09\0\x18\x1e\0\0\x1d\x1b\0\0\x45\
\x1e\0\0\x03\xac\x08\0\x40\x1e\0\0\x1d\x1b\0\0\x9a\x1d\0\0\x08\xb0\x08\0\x58\
\x1e\0\0\x1d\x1b\0\0\xe9\x34\0\0\x07\xb4\x08\0\x60\x1e\0\0\x1d\x1b\0\0\xab\x32\
\0\0\x07\xb8\x08\0\x80\x1e\0\0\x1d\x1b\0\0\x05\x35\0\0\x16\xbc\x08\0\xa0\x1e\0\
\0\x1d\x1b\0\0\x38\x35\0\0\x09\xc0\x08\0\xb0\x1e\0\0\x1d\x1b\0\0\xab\x32\0\0\
\x07\xb8\x08\0\xb8\x1e\0\0\x1d\x1b\0\0\x4b\x35\0\0\x03\xc4\x08\0\xd0\x1e\0\0\
\x1d\x1b\0\0\x8d\x35\0\0\x15\xc8\x08\0\xf8\x1e\0\0\x1d\x1b\0\0\xc1\x35\0\0\x07\
\xcc\x08\0\0\x1f\0\0\x1d\x1b\0\0\x45\x1e\0\0\x03\xd4\x08\0\x28\x1f\0\0\x1d\x1b\
\0\0\x9a\x1d\0\0\x08\xd8\x08\0\x40\x1f\0\0\x1d\x1b\0\0\xe9\x34\0\0\x07\xdc\x08\
\0\x50\x1f\0\0\x1d\x1b\0\0\xab\x32\0\0\x07\xe0\x08\0\x68\x1f\0\0\x1d\x1b\0\0\
\xdd\x35\0\0\x07\xe4\x08\0\x70\x1f\0\0\x1d\x1b\0\0\xdd\x35\0\0\x07\xe4\x08\0\
\x90\x1f\0\0\x1d\x1b\0\0\x03\x36\0\0\x1a\x10\x09\0\x98\x1f\0\0\x1d\x1b\0\0\x03\
\x36\0\0\x18\x10\x09\0\xa0\x1f\0\0\x1d\x1b\0\0\x35\x36\0\0\x05\x14\x09\0\xd0\
\x1f\0\0\x1d\x1b\0\0\xdd\x35\0\0\x07\xe4\x08\0\xe8\x1f\0\0\x1d\x1b\0\0\xb2\x36\
\0\0\x1e\x28\x09\0\xf0\x1f\0\0\x1d\x1b\0\0\xb2\x36\0\0\x1c\x28\x09\0\xf8\x1f\0\
\0\x1d\x1b\0\0\xe8\x36\0\0\x05\x2c\x09\0\x38\x20\0\0\x1d\x1b\0\0\xb2\x36\0\0\
\x1e\x28\x09\0\x40\x20\0\0\x1d\x1b\0\0\x6d\x37\0\0\x05\x34\x09\0\x68\x20\0\0\
\x1d\x1b\0\0\x95\x37\0\0\x1c\xe8\x08\0\x70\x20\0\0\x1d\x1b\0\0\x95\x37\0\0\x1a\
\xe8\x08\0\x78\x20\0\0\x1d\x1b\0\0\xc9\x37\0\0\x1a\xec\x08\0\x98\x20\0\0\x1d\
\x1b\0\0\0\x38\0\0\x09\xf0\x08\0\xa8\x20\0\0\x1d\x1b\0\0\x95\x37\0\0\x1c\xe8\
\x08\0\xb0\x20\0\0\x1d\x1b\0\0\x19\x38\0\0\x05\xf4\x08\0\xc8\x20\0\0\x1d\x1b\0\
\0\x6b\x38\0\0\x14\xf8\x08\0\xd0\x20\0\0\x1d\x1b\0\0\x6b\x38\0\0\x12\xf8\x08\0\
\xd8\x20\0\0\x1d\x1b\0\0\x8b\x38\0\0\x05\x04\x09\0\xe0\x20\0\0\x1d\x1b\0\0\x0c\
\x39\0\0\x09\xfc\x08\0\xe8\x20\0\0\x1d\x1b\0\0\x26\x39\0\0\x1a\0\x09\0\xf0\x20\
\0\0\x1d\x1b\0\0\x8b\x38\0\0\x05\x04\x09\0\x20\x21\0\0\x1d\x1b\0\0\x57\x39\0\0\
\x1b\x1c\x09\0\x28\x21\0\0\x1d\x1b\0\0\x57\x39\0\0\x19\x1c\x09\0\x30\x21\0\0\
\x1d\x1b\0\0\x8a\x39\0\0\x05\x20\x09\0\x58\x21\0\0\x1d\x1b\0\0\0\0\0\0\0\0\0\0\
\x68\x21\0\0\x1d\x1b\0\0\x09\x3a\0\0\0\x68\x09\0\x70\x21\0\0\x1d\x1b\0\0\x38\
\x3a\0\0\x03\x6c\x09\0\x98\x21\0\0\x1d\x1b\0\0\x6c\x3a\0\0\x07\x70\x09\0\xa8\
\x21\0\0\x1d\x1b\0\0\x84\x1b\0\0\x03\x78\x09\0\xc8\x21\0\0\x1d\x1b\0\0\0\0\0\0\
\0\0\0\0\xd0\x21\0\0\x1d\x1b\0\0\xb9\x1b\0\0\x19\x80\x09\0\xe8\x21\0\0\x1d\x1b\
\0\0\xf8\x1b\0\0\x07\x84\x09\0\xf0\x21\0\0\x1d\x1b\0\0\x52\x1c\0\0\x09\x8c\x09\
\0\x10\x22\0\0\x1d\x1b\0\0\xc8\x1d\0\0\x16\x90\x09\0\x28\x22\0\0\x1d\x1b\0\0\
\xfb\x1d\0\0\x1e\x94\x09\0\x38\x22\0\0\x1d\x1b\0\0\xfb\x1d\0\0\x05\x94\x09\0\
\x58\x22\0\0\x1d\x1b\0\0\x7e\x3a\0\0\x05\x9c\x09\0\x80\x22\0\0\x1d\x1b\0\0\x45\
\x1e\0\0\x03\xa8\x09\0\xa8\x22\0\0\x1d\x1b\0\0\x9a\x1d\0\0\x08\xac\x09\0\xc0\
\x22\0\0\x1d\x1b\0\0\xf8\x1b\0\0\x07\xb0\x09\0\xc8\x22\0\0\x1d\x1b\0\0\x52\x1c\
\0\0\x09\xb8\x09\0\xe8\x22\0\0\x1d\x1b\0\0\x50\x1e\0\0\x16\xbc\x09\0\0\x23\0\0\
\x1d\x1b\0\0\x83\x1e\0\0\x1e\xc0\x09\0\x10\x23\0\0\x1d\x1b\0\0\x83\x1e\0\0\x05\
\xc0\x09\0\x28\x23\0\0\xcc\x10\0\0\xf2\x10\0\0\x14\x4c\0\0\x30\x23\0\0\xcc\x10\
\0\0\x21\x11\0\0\x18\x50\0\0\x38\x23\0\0\x1d\x1b\0\0\xc9\x1e\0\0\x0b\xd4\x09\0\
\x48\x23\0\0\x1d\x1b\0\0\0\0\0\0\0\0\0\0\x50\x23\0\0\x1d\x1b\0\0\xca\x26\0\0\
\x15\xdc\x09\0\x70\x23\0\0\x1d\x1b\0\0\x5d\x2a\0\0\x07\xe0\x09\0\x78\x23\0\0\
\x1d\x1b\0\0\xc6\x3a\0\0\x17\xe4\x09\0\x80\x23\0\0\x1d\x1b\0\0\xc6\x3a\0\0\x15\
\xe4\x09\0\x88\x23\0\0\x1d\x1b\0\0\xf5\x3a\0\0\x0e\xe8\x09\0\x90\x23\0\0\x1d\
\x1b\0\0\xf5\x3a\0\0\x0c\xe8\x09\0\x98\x23\0\0\x1d\x1b\0\0\x16\x3b\0\0\x0e\xec\
\x09\0\xa0\x23\0\0\x1d\x1b\0\0\x16\x3b\0\0\x0c\xec\x09\0\xa8\x23\0\0\x1d\x1b\0\
\0\x37\x3b\0\0\x16\xf0\x09\0\xd0\x23\0\0\x1d\x1b\0\0\x7e\x3b\0\0\x09\xf4\x09\0\
\xd8\x23\0\0\x1d\x1b\0\0\x93\x3b\0\0\x0a\0\x0a\0\xf8\x26\0\0\x1d\x1b\0\0\xa1\
\x3b\0\0\x05\x04\x0a\0\x18\x27\0\0\x1d\x1b\0\0\x7e\x3a\0\0\x05\xc8\x09\0\x48\
\x27\0\0\x1d\x1b\0\0\xa6\x2a\0\0\x05\x0c\x0a\0\x80\x27\0\0\x1d\x1b\0\0\xbf\x3b\
\0\0\x03\x20\x0a\0\xa0\x27\0\0\x1d\x1b\0\0\xb7\x18\0\0\x01\x28\x0a\0\xb0\x27\0\
\0\x1d\x1b\0\0\xe2\x3b\0\0\0\x34\x0a\0\xb8\x27\0\0\x1d\x1b\0\0\x14\x3c\0\0\x03\
\x38\x0a\0\xe0\x27\0\0\x1d\x1b\0\0\x6c\x3a\0\0\x07\x3c\x0a\0\xf0\x27\0\0\x1d\
\x1b\0\0\x4b\x3c\0\0\x03\x44\x0a\0\x88\x29\0\0\x1d\x1b\0\0\0\0\0\0\0\0\0\0\x90\
\x29\0\0\x1d\x1b\0\0\xb9\x1b\0\0\x19\x4c\x0a\0\xa8\x29\0\0\x1d\x1b\0\0\xf8\x1b\
\0\0\x07\x50\x0a\0\xb0\x29\0\0\x1d\x1b\0\0\x52\x1c\0\0\x09\x58\x0a\0\xd0\x29\0\
\0\x1d\x1b\0\0\xc8\x1d\0\0\x16\x5c\x0a\0\xe8\x29\0\0\x1d\x1b\0\0\x69\x3c\0\0\
\x1d\x60\x0a\0\xf8\x29\0\0\x1d\x1b\0\0\x69\x3c\0\0\x05\x60\x0a\0\x18\x2a\0\0\
\x1d\x1b\0\0\xb1\x3c\0\0\x05\x68\x0a\0\x40\x2a\0\0\x1d\x1b\0\0\x45\x1e\0\0\x03\
\x74\x0a\0\x68\x2a\0\0\x1d\x1b\0\0\x9a\x1d\0\0\x08\x78\x0a\0\x80\x2a\0\0\x1d\
\x1b\0\0\xf8\x1b\0\0\x07\x7c\x0a\0\x88\x2a\0\0\x1d\x1b\0\0\x52\x1c\0\0\x09\x84\
\x0a\0\xa8\x2a\0\0\x1d\x1b\0\0\x50\x1e\0\0\x16\x88\x0a\0\xc0\x2a\0\0\x1d\x1b\0\
\0\xfc\x3c\0\0\x1d\x8c\x0a\0\xd0\x2a\0\0\x1d\x1b\0\0\xfc\x3c\0\0\x05\x8c\x0a\0\
\xe8\x2a\0\0\xcc\x10\0\0\xf2\x10\0\0\x14\x4c\0\0\xf0\x2a\0\0\xcc\x10\0\0\x21\
\x11\0\0\x18\x50\0\0\xf8\x2a\0\0\x1d\x1b\0\0\x40\x3d\0\0\x0a\xa0\x0a\0\0\x2b\0\
\0\x1d\x1b\0\0\x56\x3d\0\0\x14\xa4\x0a\0\x08\x2b\0\0\x1d\x1b\0\0\x56\x3d\0\0\
\x12\xa4\x0a\0\x10\x2b\0\0\x1d\x1b\0\0\x82\x3d\0\0\x0b\xac\x0a\0\x18\x2b\0\0\
\x1d\x1b\0\0\x82\x3d\0\0\x09\xac\x0a\0\x20\x2b\0\0\x1d\x1b\0\0\xa0\x3d\0\0\x0b\
\xb4\x0a\0\x28\x2b\0\0\x1d\x1b\0\0\xa0\x3d\0\0\x09\xb4\x0a\0\x30\x2b\0\0\x1d\
\x1b\0\0\x45\x1e\0\0\x03\xa8\x0a\0\x38\x2b\0\0\x1d\x1b\0\0\x45\x1e\0\0\x03\xbc\
\x0a\0\x50\x2b\0\0\x1d\x1b\0\0\0\0\0\0\0\0\0\0\x58\x2b\0\0\x1d\x1b\0\0\x9a\x1d\
\0\0\x08\xc0\x0a\0\x70\x2b\0\0\x1d\x1b\0\0\xf8\x1b\0\0\x07\xc4\x0a\0\x78\x2b\0\
\0\x1d\x1b\0\0\x52\x1c\0\0\x09\xcc\x0a\0\x98\x2b\0\0\x1d\x1b\0\0\xdf\x20\0\0\
\x1d\xd4\x0a\0\xc0\x2b\0\0\x1d\x1b\0\0\0\0\0\0\0\0\0\0\xc8\x2b\0\0\x1d\x1b\0\0\
\x19\x21\0\0\x05\xd8\x0a\0\xe0\x2b\0\0\x1d\x1b\0\0\x6a\x21\0\0\x32\xe0\x0a\0\
\xe8\x2b\0\0\x1d\x1b\0\0\xa2\x21\0\0\x20\xdc\x0a\0\xf8\x2b\0\0\x1d\x1b\0\0\xa2\
\x21\0\0\x05\xdc\x0a\0\x10\x2c\0\0\xcc\x10\0\0\xdb\x21\0\0\x15\x3c\0\0\x18\x2c\
\0\0\xcc\x10\0\0\xdb\x21\0\0\x19\x3c\0\0\x20\x2c\0\0\xcc\x10\0\0\xdb\x21\0\0\
\x36\x3c\0\0\x28\x2c\0\0\xcc\x10\0\0\xdb\x21\0\0\x29\x3c\0\0\x30\x2c\0\0\x1d\
\x1b\0\0\xbe\x3d\0\0\x13\xe4\x0a\0\x38\x2c\0\0\x1d\x1b\0\0\x45\x1e\0\0\x03\x10\
\x0b\0\x58\x2c\0\0\x1d\x1b\0\0\0\0\0\0\0\0\0\0\x60\x2c\0\0\x1d\x1b\0\0\x9a\x1d\
\0\0\x08\x14\x0b\0\x78\x2c\0\0\x1d\x1b\0\0\xf8\x1b\0\0\x07\x18\x0b\0\x80\x2c\0\
\0\x1d\x1b\0\0\x52\x1c\0\0\x09\x20\x0b\0\xa0\x2c\0\0\x1d\x1b\0\0\x7f\x1c\0\0\
\x1a\x24\x0b\0\xb8\x2c\0\0\x1d\x1b\0\0\xe3\x3d\0\0\x1d\x28\x0b\0\xc8\x2c\0\0\
\x1d\x1b\0\0\xe3\x3d\0\0\x05\x28\x0b\0\xe0\x2c\0\0\x1d\x1b\0\0\x33\x3e\0\0\x03\
\x3c\x0b\0\x18\x2d\0\0\x1d\x1b\0\0\x9c\x3e\0\0\x03\x40\x0b\0\x50\x2d\0\0\x1d\
\x1b\0\0\xe9\x3e\0\0\x14\x48\x0b\0\x78\x2d\0\0\x1d\x1b\0\0\x2e\x3f\0\0\x07\x4c\
\x0b\0\x80\x2d\0\0\x1d\x1b\0\0\x41\x3f\0\0\x08\x58\x0b\0\xa0\x30\0\0\x1d\x1b\0\
\0\x4c\x3f\0\0\x03\x5c\x0b\0\xc0\x30\0\0\x1d\x1b\0\0\xb1\x3c\0\0\x05\x94\x0a\0\
\xe0\x30\0\0\x1d\x1b\0\0\xb1\x3c\0\0\x05\0\x0b\0\0\x31\0\0\x1d\x1b\0\0\xb1\x3c\
\0\0\x05\x30\x0b\0\x18\x31\0\0\x1d\x1b\0\0\0\0\0\0\0\0\0\0\x28\x31\0\0\x1d\x1b\
\0\0\xb7\x18\0\0\x01\x64\x0b\0\x38\x31\0\0\x1d\x1b\0\0\x68\x3f\0\0\0\x70\x0b\0\
\x40\x31\0\0\x1d\x1b\0\0\x97\x3f\0\0\x03\x78\x0b\0\x68\x31\0\0\x1d\x1b\0\0\xcd\
\x3f\0\0\x07\x7c\x0b\0\x78\x31\0\0\x1d\x1b\0\0\x84\x1b\0\0\x03\x84\x0b\0\x98\
\x31\0\0\x1d\x1b\0\0\0\0\0\0\0\0\0\0\xa0\x31\0\0\x1d\x1b\0\0\xb9\x1b\0\0\x19\
\x8c\x0b\0\xb8\x31\0\0\x1d\x1b\0\0\xf8\x1b\0\0\x07\x90\x0b\0\xc0\x31\0\0\x1d\
\x1b\0\0\x52\x1c\0\0\x09\x98\x0b\0\xe0\x31\0\0\x1d\x1b\0\0\xc8\x1d\0\0\x16\x9c\
\x0b\0\xf8\x31\0\0\x1d\x1b\0\0\xfb\x1d\0\0\x1e\xa0\x0b\0\x08\x32\0\0\x1d\x1b\0\
\0\xfb\x1d\0\0\x05\xa0\x0b\0\x28\x32\0\0\x1d\x1b\0\0\xe0\x3f\0\0\x05\xa8\x0b\0\
\x50\x32\0\0\x1d\x1b\0\0\x45\x1e\0\0\x03\xb4\x0b\0\x78\x32\0\0\x1d\x1b\0\0\x9a\
\x1d\0\0\x08\xb8\x0b\0\x90\x32\0\0\x1d\x1b\0\0\xf8\x1b\0\0\x07\xbc\x0b\0\x98\
\x32\0\0\x1d\x1b\0\0\x52\x1c\0\0\x09\xc4\x0b\0\xb8\x32\0\0\x1d\x1b\0\0\x50\x1e\
\0\0\x16\xc8\x0b\0\xd0\x32\0\0\x1d\x1b\0\0\x83\x1e\0\0\x1e\xcc\x0b\0\xe0\x32\0\
\0\x1d\x1b\0\0\x83\x1e\0\0\x05\xcc\x0b\0\xf8\x32\0\0\xcc\x10\0\0\xf2\x10\0\0\
\x14\x4c\0\0\0\x33\0\0\xcc\x10\0\0\x21\x11\0\0\x18\x50\0\0\x08\x33\0\0\x1d\x1b\
\0\0\xc9\x1e\0\0\x0b\xe0\x0b\0\x18\x33\0\0\x1d\x1b\0\0\0\0\0\0\0\0\0\0\x20\x33\
\0\0\x1d\x1b\0\0\xca\x26\0\0\x15\xe8\x0b\0\x40\x33\0\0\x1d\x1b\0\0\x2a\x40\0\0\
\x07\xec\x0b\0\x48\x33\0\0\x1d\x1b\0\0\x45\x1e\0\0\x03\x04\x0c\0\x70\x33\0\0\
\x1d\x1b\0\0\x9a\x1d\0\0\x08\x08\x0c\0\x88\x33\0\0\x1d\x1b\0\0\xf8\x1b\0\0\x07\
\x0c\x0c\0\x90\x33\0\0\x1d\x1b\0\0\x52\x1c\0\0\x09\x14\x0c\0\xb0\x33\0\0\x1d\
\x1b\0\0\x3e\x40\0\0\x17\x18\x0c\0\xc8\x33\0\0\x1d\x1b\0\0\x72\x40\0\0\x0d\x1c\
\x0c\0\xd8\x33\0\0\x1d\x1b\0\0\x72\x40\0\0\x10\x1c\x0c\0\xf0\x33\0\0\x1d\x1b\0\
\0\x72\x40\0\0\x09\x1c\x0c\0\x08\x34\0\0\x1d\x1b\0\0\0\0\0\0\0\0\0\0\x20\x34\0\
\0\x1d\x1b\0\0\x90\x40\0\0\x17\x44\x0c\0\x28\x34\0\0\x1d\x1b\0\0\x90\x40\0\0\
\x15\x44\x0c\0\x38\x34\0\0\x1d\x1b\0\0\xe0\x3f\0\0\x05\xd4\x0b\0\x58\x34\0\0\
\x1d\x1b\0\0\xbf\x40\0\0\x05\xf0\x0b\0\x90\x34\0\0\x1d\x1b\0\0\xe0\x3f\0\0\x05\
\x34\x0c\0\xa8\x34\0\0\x1d\x1b\0\0\0\0\0\0\0\0\0\0\xb8\x34\0\0\x1d\x1b\0\0\xb7\
\x18\0\0\x01\x50\x0c\0\xc8\x34\0\0\x1d\x1b\0\0\x24\x41\0\0\0\x5c\x0c\0\xd0\x34\
\0\0\x1d\x1b\0\0\x53\x41\0\0\x03\x64\x0c\0\xf8\x34\0\0\x1d\x1b\0\0\x89\x41\0\0\
\x07\x68\x0c\0\x08\x35\0\0\x1d\x1b\0\0\x84\x1b\0\0\x03\x70\x0c\0\x28\x35\0\0\
\x1d\x1b\0\0\0\0\0\0\0\0\0\0\x30\x35\0\0\x1d\x1b\0\0\xb9\x1b\0\0\x19\x78\x0c\0\
\x48\x35\0\0\x1d\x1b\0\0\xf8\x1b\0\0\x07\x7c\x0c\0\x50\x35\0\0\x1d\x1b\0\0\x52\
\x1c\0\0\x09\x84\x0c\0\x70\x35\0\0\x1d\x1b\0\0\xc8\x1d\0\0\x16\x88\x0c\0\x88\
\x35\0\0\x1d\x1b\0\0\xfb\x1d\0\0\x1e\x8c\x0c\0\x98\x35\0\0\x1d\x1b\0\0\xfb\x1d\
\0\0\x05\x8c\x0c\0\xb8\x35\0\0\x1d\x1b\0\0\x9c\x41\0\0\x05\x94\x0c\0\xe0\x35\0\
\0\x1d\x1b\0\0\x45\x1e\0\0\x03\xa0\x0c\0\x08\x36\0\0\x1d\x1b\0\0\x9a\x1d\0\0\
\x08\xa4\x0c\0\x20\x36\0\0\x1d\x1b\0\0\xf8\x1b\0\0\x07\xa8\x0c\0\x28\x36\0\0\
\x1d\x1b\0\0\x52\x1c\0\0\x09\xb0\x0c\0\x48\x36\0\0\x1d\x1b\0\0\x50\x1e\0\0\x16\
\xb4\x0c\0\x60\x36\0\0\x1d\x1b\0\0\x83\x1e\0\0\x1e\xb8\x0c\0\x70\x36\0\0\x1d\
\x1b\0\0\x83\x1e\0\0\x05\xb8\x0c\0\x88\x36\0\0\xcc\x10\0\0\xf2\x10\0\0\x14\x4c\
\0\0\x90\x36\0\0\xcc\x10\0\0\x21\x11\0\0\x18\x50\0\0\x98\x36\0\0\x1d\x1b\0\0\
\xc9\x1e\0\0\x0b\xcc\x0c\0\xa0\x36\0\0\x1d\x1b\0\0\x45\x1e\0\0\x03\xdc\x0c\0\
\xc8\x36\0\0\x1d\x1b\0\0\xe6\x41\0\0\x07\xd8\x0c\0\xd8\x36\0\0\x1d\x1b\0\0\0\0\
\0\0\0\0\0\0\xe0\x36\0\0\x1d\x1b\0\0\x9a\x1d\0\0\x08\xe0\x0c\0\xf8\x36\0\0\x1d\
\x1b\0\0\xf8\x1b\0\0\x07\xe4\x0c\0\0\x37\0\0\x1d\x1b\0\0\x52\x1c\0\0\x09\xec\
\x0c\0\x20\x37\0\0\x1d\x1b\0\0\xf8\x41\0\0\x18\xf0\x0c\0\x40\x37\0\0\x1d\x1b\0\
\0\0\0\0\0\0\0\0\0\x48\x37\0\0\x1d\x1b\0\0\x2d\x42\0\0\x05\xf4\x0c\0\x68\x37\0\
\0\x1d\x1b\0\0\0\0\0\0\0\0\0\0\x70\x37\0\0\x1d\x1b\0\0\xca\x26\0\0\x15\x0c\x0d\
\0\x90\x37\0\0\x1d\x1b\0\0\x5d\x2a\0\0\x07\x10\x0d\0\x98\x37\0\0\x1d\x1b\0\0\
\x71\x42\0\0\x19\x14\x0d\0\xa0\x37\0\0\x1d\x1b\0\0\x71\x42\0\0\x09\x14\x0d\0\
\xa8\x37\0\0\x1d\x1b\0\0\x71\x42\0\0\x09\x14\x0d\0\xb0\x37\0\0\x1d\x1b\0\0\x90\
\x42\0\0\x1c\x18\x0d\0\xb8\x37\0\0\x1d\x1b\0\0\x90\x42\0\0\x1a\x18\x0d\0\xc8\
\x37\0\0\x1d\x1b\0\0\x9c\x41\0\0\x05\xc0\x0c\0\xe8\x37\0\0\x1d\x1b\0\0\x9c\x41\
\0\0\x05\xfc\x0c\0\0\x38\0\0\x1d\x1b\0\0\0\0\0\0\0\0\0\0\x10\x38\0\0\x1d\x1b\0\
\0\xb7\x18\0\0\x01\x34\x0d\0\x20\x38\0\0\x1d\x1b\0\0\xc4\x42\0\0\x05\x28\x0d\0\
\x58\x38\0\0\x1d\x1b\0\0\x32\x43\0\0\x1e\x1c\x0d\0\x60\x38\0\0\x1d\x1b\0\0\x32\
\x43\0\0\x0e\x1c\x0d\0\x68\x38\0\0\x1d\x1b\0\0\x56\x43\0\0\x1c\x20\x0d\0\x70\
\x38\0\0\x1d\x1b\0\0\x56\x43\0\0\x1a\x20\x0d\0\x80\x38\0\0\x1d\x1b\0\0\x8a\x43\
\0\0\0\x40\x0d\0\x88\x38\0\0\x1d\x1b\0\0\xc1\x43\0\0\x03\x48\x0d\0\xa8\x38\0\0\
\x1d\x1b\0\0\xf8\x43\0\0\x0f\x54\x0d\0\xb0\x38\0\0\x1d\x1b\0\0\x1a\x44\0\0\x03\
\x58\x0d\0\xe0\x38\0\0\x1d\x1b\0\0\x3e\x44\0\0\x0d\x5c\x0d\0\xe8\x38\0\0\x1d\
\x1b\0\0\x3e\x44\0\0\x06\x5c\x0d\0\xf8\x38\0\0\x1d\x1b\0\0\x84\x1b\0\0\x03\x68\
\x0d\0\x18\x39\0\0\x1d\x1b\0\0\x45\x1e\0\0\x03\x70\x0d\0\x28\x39\0\0\x1d\x1b\0\
\0\x84\x1b\0\0\x03\x68\x0d\0\x30\x39\0\0\x1d\x1b\0\0\xb9\x1b\0\0\x19\x74\x0d\0\
\x48\x39\0\0\x1d\x1b\0\0\xf8\x1b\0\0\x07\x78\x0d\0\x50\x39\0\0\x1d\x1b\0\0\x52\
\x1c\0\0\x09\x80\x0d\0\x70\x39\0\0\x1d\x1b\0\0\xc8\x1d\0\0\x16\x84\x0d\0\x88\
\x39\0\0\x1d\x1b\0\0\xfb\x1d\0\0\x1e\x88\x0d\0\x98\x39\0\0\x1d\x1b\0\0\xfb\x1d\
\0\0\x05\x88\x0d\0\xb8\x39\0\0\x1d\x1b\0\0\x5b\x44\0\0\x05\x90\x0d\0\xe0\x39\0\
\0\x1d\x1b\0\0\x45\x1e\0\0\x03\x9c\x0d\0\x08\x3a\0\0\x1d\x1b\0\0\x9a\x1d\0\0\
\x08\xa0\x0d\0\x20\x3a\0\0\x1d\x1b\0\0\xf8\x1b\0\0\x07\xa4\x0d\0\x28\x3a\0\0\
\x1d\x1b\0\0\x52\x1c\0\0\x09\xac\x0d\0\x48\x3a\0\0\x1d\x1b\0\0\x50\x1e\0\0\x16\
\xb0\x0d\0\x60\x3a\0\0\x1d\x1b\0\0\x83\x1e\0\0\x1e\xb4\x0d\0\x70\x3a\0\0\x1d\
\x1b\0\0\x83\x1e\0\0\x05\xb4\x0d\0\x88\x3a\0\0\xcc\x10\0\0\xf2\x10\0\0\x14\x4c\
\0\0\x90\x3a\0\0\xcc\x10\0\0\x21\x11\0\0\x18\x50\0\0\x98\x3a\0\0\x1d\x1b\0\0\
\xc9\x1e\0\0\x0b\xc8\x0d\0\xa8\x3a\0\0\x1d\x1b\0\0\0\0\0\0\0\0\0\0\xb0\x3a\0\0\
\x1d\x1b\0\0\xca\x26\0\0\x15\xd0\x0d\0\xd0\x3a\0\0\x1d\x1b\0\0\xad\x44\0\0\x07\
\xd4\x0d\0\xd8\x3a\0\0\x1d\x1b\0\0\x45\x1e\0\0\x03\xe4\x0d\0\0\x3b\0\0\x1d\x1b\
\0\0\x9a\x1d\0\0\x08\xe8\x0d\0\x18\x3b\0\0\x1d\x1b\0\0\xc0\x44\0\0\x07\xec\x0d\
\0\x20\x3b\0\0\x1d\x1b\0\0\xab\x32\0\0\x07\xf8\x0d\0\x40\x3b\0\0\x1d\x1b\0\0\
\xd2\x44\0\0\x17\xfc\x0d\0\x60\x3b\0\0\x1d\x1b\0\0\x06\x45\0\0\x09\0\x0e\0\x70\
\x3b\0\0\x1d\x1b\0\0\0\0\0\0\0\0\0\0\x78\x3b\0\0\x1d\x1b\0\0\x17\x45\0\0\x03\
\x04\x0e\0\x90\x3b\0\0\x1d\x1b\0\0\x56\x45\0\0\x16\x0c\x0e\0\x98\x3b\0\0\x1d\
\x1b\0\0\x45\x1e\0\0\x03\x18\x0e\0\xb8\x3b\0\0\x1d\x1b\0\0\0\0\0\0\0\0\0\0\xc0\
\x3b\0\0\x1d\x1b\0\0\x9a\x1d\0\0\x08\x1c\x0e\0\xd8\x3b\0\0\x1d\x1b\0\0\xc0\x44\
\0\0\x07\x20\x0e\0\xe0\x3b\0\0\x1d\x1b\0\0\xab\x32\0\0\x07\x28\x0e\0\0\x3c\0\0\
\x1d\x1b\0\0\x70\x45\0\0\x1c\x2c\x0e\0\x20\x3c\0\0\x1d\x1b\0\0\xab\x32\0\0\x07\
\x28\x0e\0\x28\x3c\0\0\x1d\x1b\0\0\xa9\x45\0\0\x03\x34\x0e\0\x40\x3c\0\0\x1d\
\x1b\0\0\xf7\x45\0\0\x10\x3c\x0e\0\x58\x3c\0\0\x1d\x1b\0\0\x14\x46\0\0\x17\x44\
\x0e\0\x80\x3c\0\0\x1d\x1b\0\0\x14\x46\0\0\x38\x44\x0e\0\x88\x3c\0\0\x1d\x1b\0\
\0\x14\x46\0\0\x03\x44\x0e\0\x90\x3c\0\0\x1d\x1b\0\0\x56\x46\0\0\x0d\x48\x0e\0\
\xb0\x3c\0\0\x1d\x1b\0\0\x5b\x44\0\0\x05\xbc\x0d\0\xd8\x3c\0\0\x1d\x1b\0\0\xb7\
\x18\0\0\x01\x50\x0e\0\xe8\x3c\0\0\x1d\x1b\0\0\x66\x46\0\0\0\x5c\x0e\0\xf0\x3c\
\0\0\x1d\x1b\0\0\x92\x46\0\0\x03\x64\x0e\0\x10\x3d\0\0\x1d\x1b\0\0\xbe\x46\0\0\
\x0d\x74\x0e\0\x20\x3d\0\0\x1d\x1b\0\0\x45\x1e\0\0\x03\x80\x0e\0\x28\x3d\0\0\
\x1d\x1b\0\0\xbe\x46\0\0\x0b\x74\x0e\0\x38\x3d\0\0\x1d\x1b\0\0\0\0\0\0\0\0\0\0\
\x40\x3d\0\0\x1d\x1b\0\0\xb9\x1b\0\0\x19\x84\x0e\0\x58\x3d\0\0\x1d\x1b\0\0\xc0\
\x44\0\0\x07\x88\x0e\0\x60\x3d\0\0\x1d\x1b\0\0\xde\x46\0\0\x0d\x90\x0e\0\x80\
\x3d\0\0\x1d\x1b\0\0\x0f\x47\0\0\x12\x94\x0e\0\x98\x3d\0\0\x1d\x1b\0\0\x3e\x47\
\0\0\x1c\x98\x0e\0\xa8\x3d\0\0\x1d\x1b\0\0\x3e\x47\0\0\x03\x98\x0e\0\xc0\x3d\0\
\0\xcc\x10\0\0\xf2\x10\0\0\x14\x4c\0\0\xc8\x3d\0\0\xcc\x10\0\0\x21\x11\0\0\x18\
\x50\0\0\xd0\x3d\0\0\x1d\x1b\0\0\x7e\x47\0\0\x0b\xa4\x0e\0\xd8\x3d\0\0\x1d\x1b\
\0\0\x96\x47\0\0\x1f\xb0\x0e\0\0\x3e\0\0\x1d\x1b\0\0\x2e\x3f\0\0\x07\xb4\x0e\0\
\x08\x3e\0\0\x1d\x1b\0\0\xf1\x47\0\0\x08\xc0\x0e\0\x28\x3e\0\0\x1d\x1b\0\0\x4c\
\x3f\0\0\x03\xc4\x0e\0\x40\x3e\0\0\x1d\x1b\0\0\xb7\x18\0\0\x01\xd0\x0e\0\x50\
\x3e\0\0\x1d\x1b\0\0\xfd\x47\0\0\0\xe0\x0e\0\x58\x3e\0\0\x1d\x1b\0\0\x2d\x48\0\
\0\x03\xe8\x0e\0\x80\x3e\0\0\x1d\x1b\0\0\x5d\x48\0\0\x07\xec\x0e\0\x90\x3e\0\0\
\x1d\x1b\0\0\x84\x1b\0\0\x03\xf4\x0e\0\xb0\x3e\0\0\x1d\x1b\0\0\0\0\0\0\0\0\0\0\
\xb8\x3e\0\0\x1d\x1b\0\0\xb9\x1b\0\0\x19\xfc\x0e\0\xd0\x3e\0\0\x1d\x1b\0\0\xf8\
\x1b\0\0\x07\0\x0f\0\xd8\x3e\0\0\x1d\x1b\0\0\x52\x1c\0\0\x09\x08\x0f\0\xf8\x3e\
\0\0\x1d\x1b\0\0\xc8\x1d\0\0\x16\x0c\x0f\0\x10\x3f\0\0\x1d\x1b\0\0\xfb\x1d\0\0\
\x1e\x10\x0f\0\x20\x3f\0\0\x1d\x1b\0\0\xfb\x1d\0\0\x05\x10\x0f\0\x40\x3f\0\0\
\x1d\x1b\0\0\x70\x48\0\0\x05\x18\x0f\0\x68\x3f\0\0\x1d\x1b\0\0\x45\x1e\0\0\x03\
\x24\x0f\0\x90\x3f\0\0\x1d\x1b\0\0\x9a\x1d\0\0\x08\x28\x0f\0\xa8\x3f\0\0\x1d\
\x1b\0\0\xf8\x1b\0\0\x07\x2c\x0f\0\xb0\x3f\0\0\x1d\x1b\0\0\x52\x1c\0\0\x09\x34\
\x0f\0\xd0\x3f\0\0\x1d\x1b\0\0\x50\x1e\0\0\x16\x38\x0f\0\xe8\x3f\0\0\x1d\x1b\0\
\0\x83\x1e\0\0\x1e\x3c\x0f\0\xf8\x3f\0\0\x1d\x1b\0\0\x83\x1e\0\0\x05\x3c\x0f\0\
\x10\x40\0\0\xcc\x10\0\0\xf2\x10\0\0\x14\x4c\0\0\x18\x40\0\0\xcc\x10\0\0\x21\
\x11\0\0\x18\x50\0\0\x20\x40\0\0\x1d\x1b\0\0\xc9\x1e\0\0\x0b\x50\x0f\0\x30\x40\
\0\0\x1d\x1b\0\0\0\0\0\0\0\0\0\0\x38\x40\0\0\x1d\x1b\0\0\xca\x26\0\0\x15\x58\
\x0f\0\x58\x40\0\0\x1d\x1b\0\0\xbb\x48\0\0\x07\x5c\x0f\0\x60\x40\0\0\x1d\x1b\0\
\0\x45\x1e\0\0\x03\x68\x0f\0\x88\x40\0\0\x1d\x1b\0\0\x9a\x1d\0\0\x08\x70\x0f\0\
\xa0\x40\0\0\x1d\x1b\0\0\xf8\x1b\0\0\x07\x74\x0f\0\xa8\x40\0\0\x1d\x1b\0\0\x52\
\x1c\0\0\x09\x7c\x0f\0\xc8\x40\0\0\x1d\x1b\0\0\xd8\x48\0\0\x16\x80\x0f\0\xe8\
\x40\0\0\x1d\x1b\0\0\0\0\0\0\0\0\0\0\xf0\x40\0\0\x1d\x1b\0\0\x0b\x49\0\0\x05\
\x84\x0f\0\x08\x41\0\0\x1d\x1b\0\0\x49\x49\0\0\x0c\x9c\x0f\0\x10\x41\0\0\x1d\
\x1b\0\0\x49\x49\0\0\x0a\x9c\x0f\0\x18\x41\0\0\x1d\x1b\0\0\x59\x49\0\0\x15\xa0\
\x0f\0\x20\x41\0\0\x1d\x1b\0\0\x59\x49\0\0\x13\xa0\x0f\0\x28\x41\0\0\x1d\x1b\0\
\0\xe9\x3e\0\0\x14\xa8\x0f\0\x50\x41\0\0\x1d\x1b\0\0\x2e\x3f\0\0\x07\xac\x0f\0\
\x58\x41\0\0\x1d\x1b\0\0\x86\x49\0\0\x08\xb8\x0f\0\x78\x44\0\0\x1d\x1b\0\0\x4c\
\x3f\0\0\x03\xbc\x0f\0\x98\x44\0\0\x1d\x1b\0\0\x86\x49\0\0\x08\xb8\x0f\0\xa0\
\x44\0\0\x1d\x1b\0\0\xbf\x3b\0\0\x03\xc4\x0f\0\xc0\x44\0\0\x1d\x1b\0\0\x92\x49\
\0\0\x05\x44\x0f\0\xe0\x44\0\0\x1d\x1b\0\0\x92\x49\0\0\x05\x8c\x0f\0\xf8\x44\0\
\0\x1d\x1b\0\0\0\0\0\0\0\0\0\0\x08\x45\0\0\x1d\x1b\0\0\xb7\x18\0\0\x01\xcc\x0f\
\0\x18\x45\0\0\x1d\x1b\0\0\xdc\x49\0\0\0\xd8\x0f\0\x20\x45\0\0\x1d\x1b\0\0\x14\
\x4a\0\0\x03\xdc\x0f\0\x48\x45\0\0\x1d\x1b\0\0\x51\x4a\0\0\x07\xe4\x0f\0\x58\
\x45\0\0\x1d\x1b\0\0\x84\x1b\0\0\x03\xec\x0f\0\x78\x45\0\0\x1d\x1b\0\0\0\0\0\0\
\0\0\0\0\x80\x45\0\0\x1d\x1b\0\0\xb9\x1b\0\0\x19\xf4\x0f\0\x98\x45\0\0\x1d\x1b\
\0\0\xf8\x1b\0\0\x07\xf8\x0f\0\xa0\x45\0\0\x1d\x1b\0\0\x52\x1c\0\0\x09\0\x10\0\
\xc0\x45\0\0\x1d\x1b\0\0\xc8\x1d\0\0\x16\x04\x10\0\xd8\x45\0\0\x1d\x1b\0\0\xfb\
\x1d\0\0\x1e\x08\x10\0\xe8\x45\0\0\x1d\x1b\0\0\xfb\x1d\0\0\x05\x08\x10\0\x08\
\x46\0\0\x1d\x1b\0\0\x37\x2b\0\0\x05\x10\x10\0\x30\x46\0\0\x1d\x1b\0\0\x45\x1e\
\0\0\x03\x1c\x10\0\x58\x46\0\0\x1d\x1b\0\0\x9a\x1d\0\0\x08\x20\x10\0\x70\x46\0\
\0\x1d\x1b\0\0\xf8\x1b\0\0\x07\x24\x10\0\x78\x46\0\0\x1d\x1b\0\0\x52\x1c\0\0\
\x09\x2c\x10\0\x98\x46\0\0\x1d\x1b\0\0\x50\x1e\0\0\x16\x30\x10\0\xb0\x46\0\0\
\x1d\x1b\0\0\x83\x1e\0\0\x1e\x34\x10\0\xc0\x46\0\0\x1d\x1b\0\0\x83\x1e\0\0\x05\
\x34\x10\0\xd8\x46\0\0\xcc\x10\0\0\xf2\x10\0\0\x14\x4c\0\0\xe0\x46\0\0\xcc\x10\
\0\0\x21\x11\0\0\x18\x50\0\0\xe8\x46\0\0\x1d\x1b\0\0\xc9\x1e\0\0\x0b\x4c\x10\0\
\xf8\x46\0\0\x1d\x1b\0\0\0\0\0\0\0\0\0\0\0\x47\0\0\x1d\x1b\0\0\xca\x26\0\0\x15\
\x5c\x10\0\x18\x47\0\0\x1d\x1b\0\0\x5d\x2a\0\0\x07\x60\x10\0\x28\x47\0\0\x1d\
\x1b\0\0\x64\x4a\0\0\x05\x68\x10\0\x50\x47\0\0\x1d\x1b\0\0\x37\x2b\0\0\x05\x3c\
\x10\0\x78\x47\0\0\x1d\x1b\0\0\xb7\x18\0\0\x01\x78\x10\0\x88\x47\0\0\x1d\x1b\0\
\0\x89\x4a\0\0\0\x84\x10\0\x90\x47\0\0\x1d\x1b\0\0\xb7\x4a\0\0\x03\x8c\x10\0\
\xb0\x47\0\0\x1d\x1b\0\0\x8c\x28\0\0\x10\x90\x10\0\xb8\x47\0\0\x1d\x1b\0\0\x8c\
\x28\0\0\x09\x90\x10\0\xc8\x47\0\0\x1d\x1b\0\0\0\0\0\0\0\0\0\0\xd0\x47\0\0\x1d\
\x1b\0\0\x6a\x2c\0\0\x16\x94\x10\0\xf0\x47\0\0\x1d\x1b\0\0\xa6\x2c\0\0\x07\x98\
\x10\0\xf8\x47\0\0\x1d\x1b\0\0\xbb\x2c\0\0\x17\x9c\x10\0\x18\x48\0\0\x1d\x1b\0\
\0\xf1\x2c\0\0\x09\xa0\x10\0\x28\x48\0\0\x1d\x1b\0\0\xf6\x2e\0\0\x07\xa8\x10\0\
\x50\x48\0\0\x1d\x1b\0\0\xe6\x4a\0\0\x0b\xb0\x10\0\x60\x48\0\0\x1d\x1b\0\0\xf6\
\x2e\0\0\x07\xa8\x10\0\x68\x48\0\0\x1d\x1b\0\0\x69\x2f\0\0\x1d\xb4\x10\0\x80\
\x48\0\0\x1d\x1b\0\0\xac\x2f\0\0\x0b\xb8\x10\0\x88\x48\0\0\x1d\x1b\0\0\xcc\x2f\
\0\0\x0b\xc0\x10\0\xa8\x48\0\0\x1d\x1b\0\0\xfb\x2f\0\0\x1a\xc4\x10\0\xc8\x48\0\
\0\x1d\x1b\0\0\x32\x30\0\0\x0d\xc8\x10\0\xd8\x48\0\0\x1d\x1b\0\0\0\0\0\0\0\0\0\
\0\xe0\x48\0\0\x1d\x1b\0\0\x49\x30\0\0\x07\xcc\x10\0\xf8\x48\0\0\x1d\x1b\0\0\
\x8f\x30\0\0\x07\xd8\x10\0\x18\x49\0\0\x1d\x1b\0\0\0\0\0\0\0\0\0\0\x20\x49\0\0\
\x1d\x1b\0\0\x9e\x30\0\0\x0c\xdc\x10\0\x38\x49\0\0\x1d\x1b\0\0\xac\x2f\0\0\x0b\
\xe0\x10\0\x40\x49\0\0\x1d\x1b\0\0\xcc\x2f\0\0\x0b\xe4\x10\0\x60\x49\0\0\x1d\
\x1b\0\0\xd0\x30\0\0\x1a\xe8\x10\0\x78\x49\0\0\x1d\x1b\0\0\x07\x31\0\0\x0d\xec\
\x10\0\x88\x49\0\0\x1d\x1b\0\0\xcc\x2f\0\0\x0b\xe4\x10\0\x90\x49\0\0\x1d\x1b\0\
\0\x1e\x31\0\0\x07\xf0\x10\0\xa8\x49\0\0\x1d\x1b\0\0\x64\x31\0\0\x12\xfc\x10\0\
\xb0\x49\0\0\x1d\x1b\0\0\x64\x31\0\0\x10\xfc\x10\0\xb8\x49\0\0\x1d\x1b\0\0\x7c\
\x31\0\0\x18\0\x11\0\xc0\x49\0\0\x1d\x1b\0\0\x7c\x31\0\0\x16\0\x11\0\xc8\x49\0\
\0\xcc\x10\0\0\xf2\x10\0\0\x14\x4c\0\0\xd0\x49\0\0\xcc\x10\0\0\x21\x11\0\0\x18\
\x50\0\0\xd8\x49\0\0\x1d\x1b\0\0\x9b\x31\0\0\x0e\x04\x11\0\xe8\x49\0\0\x1d\x1b\
\0\0\xcc\x2f\0\0\x0b\xe4\x10\0\xf0\x49\0\0\x1d\x1b\0\0\xb6\x31\0\0\x07\x0c\x11\
\0\x20\x4a\0\0\x1d\x1b\0\0\xfd\x4a\0\0\x05\x2c\x11\0\x50\x4a\0\0\x1d\x1b\0\0\
\x95\x2d\0\0\x07\x18\x11\0\x80\x4a\0\0\x1d\x1b\0\0\xb7\x18\0\0\x01\x3c\x11\0\
\x90\x4a\0\0\x1d\x1b\0\0\x42\x4b\0\0\0\x4c\x11\0\x98\x4a\0\0\x1d\x1b\0\0\x6f\
\x4b\0\0\x03\x54\x11\0\xc0\x4a\0\0\x1d\x1b\0\0\x9c\x4b\0\0\x07\x58\x11\0\xd0\
\x4a\0\0\x1d\x1b\0\0\x84\x1b\0\0\x03\x60\x11\0\xf0\x4a\0\0\x1d\x1b\0\0\0\0\0\0\
\0\0\0\0\xf8\x4a\0\0\x1d\x1b\0\0\xb9\x1b\0\0\x19\x68\x11\0\x10\x4b\0\0\x1d\x1b\
\0\0\xf8\x1b\0\0\x07\x6c\x11\0\x18\x4b\0\0\x1d\x1b\0\0\x52\x1c\0\0\x09\x74\x11\
\0\x38\x4b\0\0\x1d\x1b\0\0\xc8\x1d\0\0\x16\x78\x11\0\x50\x4b\0\0\x1d\x1b\0\0\
\xfb\x1d\0\0\x1e\x7c\x11\0\x60\x4b\0\0\x1d\x1b\0\0\xfb\x1d\0\0\x05\x7c\x11\0\
\x80\x4b\0\0\x1d\x1b\0\0\xaf\x4b\0\0\x05\x84\x11\0\xa8\x4b\0\0\x1d\x1b\0\0\x45\
\x1e\0\0\x03\x90\x11\0\xd0\x4b\0\0\x1d\x1b\0\0\x9a\x1d\0\0\x08\x94\x11\0\xe8\
\x4b\0\0\x1d\x1b\0\0\xf8\x1b\0\0\x07\x98\x11\0\xf0\x4b\0\0\x1d\x1b\0\0\x52\x1c\
\0\0\x09\xa0\x11\0\x10\x4c\0\0\x1d\x1b\0\0\x50\x1e\0\0\x16\xa4\x11\0\x28\x4c\0\
\0\x1d\x1b\0\0\x83\x1e\0\0\x1e\xa8\x11\0\x38\x4c\0\0\x1d\x1b\0\0\x83\x1e\0\0\
\x05\xa8\x11\0\x50\x4c\0\0\xcc\x10\0\0\xf2\x10\0\0\x14\x4c\0\0\x58\x4c\0\0\xcc\
\x10\0\0\x21\x11\0\0\x18\x50\0\0\x60\x4c\0\0\x1d\x1b\0\0\xc9\x1e\0\0\x0b\xbc\
\x11\0\x70\x4c\0\0\x1d\x1b\0\0\0\0\0\0\0\0\0\0\x78\x4c\0\0\x1d\x1b\0\0\xca\x26\
\0\0\x15\xc4\x11\0\x98\x4c\0\0\x1d\x1b\0\0\xf0\x4b\0\0\x07\xcc\x11\0\xa0\x4c\0\
\0\x1d\x1b\0\0\x45\x1e\0\0\x03\xe0\x11\0\xc8\x4c\0\0\x1d\x1b\0\0\x9a\x1d\0\0\
\x08\xe8\x11\0\xe0\x4c\0\0\x1d\x1b\0\0\xf8\x1b\0\0\x07\xec\x11\0\xe8\x4c\0\0\
\x1d\x1b\0\0\x52\x1c\0\0\x09\xf4\x11\0\x08\x4d\0\0\x1d\x1b\0\0\xd8\x48\0\0\x16\
\xf8\x11\0\x28\x4d\0\0\x1d\x1b\0\0\0\0\0\0\0\0\0\0\x30\x4d\0\0\x1d\x1b\0\0\x0b\
\x49\0\0\x05\xfc\x11\0\x48\x4d\0\0\x1d\x1b\0\0\x49\x49\0\0\x0c\x14\x12\0\x50\
\x4d\0\0\x1d\x1b\0\0\x49\x49\0\0\x0a\x14\x12\0\x58\x4d\0\0\x1d\x1b\0\0\x59\x49\
\0\0\x15\x18\x12\0\x60\x4d\0\0\x1d\x1b\0\0\x59\x49\0\0\x13\x18\x12\0\x68\x4d\0\
\0\x1d\x1b\0\0\xe9\x3e\0\0\x14\x20\x12\0\x90\x4d\0\0\x1d\x1b\0\0\x2e\x3f\0\0\
\x07\x24\x12\0\x98\x4d\0\0\x1d\x1b\0\0\x86\x49\0\0\x08\x30\x12\0\xb8\x50\0\0\
\x1d\x1b\0\0\x4c\x3f\0\0\x03\x34\x12\0\xd8\x50\0\0\x1d\x1b\0\0\x86\x49\0\0\x08\
\x30\x12\0\xe0\x50\0\0\x1d\x1b\0\0\xbf\x3b\0\0\x03\x3c\x12\0\0\x51\0\0\x1d\x1b\
\0\0\xaf\x4b\0\0\x05\xb0\x11\0\x20\x51\0\0\x1d\x1b\0\0\x05\x4c\0\0\x05\xd0\x11\
\0\x58\x51\0\0\x1d\x1b\0\0\xaf\x4b\0\0\x05\x04\x12\0\x70\x51\0\0\x1d\x1b\0\0\0\
\0\0\0\0\0\0\0\x80\x51\0\0\x1d\x1b\0\0\xb7\x18\0\0\x01\x44\x12\0\x90\x51\0\0\
\x1d\x1b\0\0\x64\x4c\0\0\0\x54\x12\0\x98\x51\0\0\x1d\x1b\0\0\x94\x4c\0\0\x03\
\x5c\x12\0\xb8\x51\0\0\x1d\x1b\0\0\xf8\x43\0\0\x0f\x68\x12\0\xc0\x51\0\0\x1d\
\x1b\0\0\x1a\x44\0\0\x03\x6c\x12\0\xf0\x51\0\0\x1d\x1b\0\0\x3e\x44\0\0\x0d\x70\
\x12\0\xf8\x51\0\0\x1d\x1b\0\0\x3e\x44\0\0\x06\x70\x12\0\x08\x52\0\0\x1d\x1b\0\
\0\x84\x1b\0\0\x03\x80\x12\0\x28\x52\0\0\x1d\x1b\0\0\x45\x1e\0\0\x03\x88\x12\0\
\x38\x52\0\0\x1d\x1b\0\0\x84\x1b\0\0\x03\x80\x12\0\x40\x52\0\0\x1d\x1b\0\0\xb9\
\x1b\0\0\x19\x8c\x12\0\x58\x52\0\0\x1d\x1b\0\0\xf8\x1b\0\0\x07\x90\x12\0\x60\
\x52\0\0\x1d\x1b\0\0\x52\x1c\0\0\x09\x98\x12\0\x80\x52\0\0\x1d\x1b\0\0\xc8\x1d\
\0\0\x16\x9c\x12\0\x98\x52\0\0\x1d\x1b\0\0\xfb\x1d\0\0\x1e\xa0\x12\0\xa8\x52\0\
\0\x1d\x1b\0\0\xfb\x1d\0\0\x05\xa0\x12\0\xc8\x52\0\0\x1d\x1b\0\0\xc4\x4c\0\0\
\x05\xa8\x12\0\xf0\x52\0\0\x1d\x1b\0\0\x45\x1e\0\0\x03\xb4\x12\0\x18\x53\0\0\
\x1d\x1b\0\0\x9a\x1d\0\0\x08\xb8\x12\0\x30\x53\0\0\x1d\x1b\0\0\xf8\x1b\0\0\x07\
\xbc\x12\0\x38\x53\0\0\x1d\x1b\0\0\x52\x1c\0\0\x09\xc4\x12\0\x58\x53\0\0\x1d\
\x1b\0\0\x50\x1e\0\0\x16\xc8\x12\0\x70\x53\0\0\x1d\x1b\0\0\x83\x1e\0\0\x1e\xcc\
\x12\0\x80\x53\0\0\x1d\x1b\0\0\x83\x1e\0\0\x05\xcc\x12\0\x98\x53\0\0\xcc\x10\0\
\0\xf2\x10\0\0\x14\x4c\0\0\xa0\x53\0\0\xcc\x10\0\0\x21\x11\0\0\x18\x50\0\0\xa8\
\x53\0\0\x1d\x1b\0\0\xc9\x1e\0\0\x0b\xe0\x12\0\xb8\x53\0\0\x1d\x1b\0\0\0\0\0\0\
\0\0\0\0\xc0\x53\0\0\x1d\x1b\0\0\xca\x26\0\0\x15\xe8\x12\0\xd8\x53\0\0\x1d\x1b\
\0\0\x0f\x4d\0\0\x07\xec\x12\0\xe0\x53\0\0\x1d\x1b\0\0\x56\x45\0\0\x16\x04\x13\
\0\xe8\x53\0\0\x1d\x1b\0\0\x21\x4d\0\0\x07\x08\x13\0\xf0\x53\0\0\x1d\x1b\0\0\
\x31\x4d\0\0\x1b\x18\x13\0\x18\x54\0\0\x1d\x1b\0\0\x76\x4d\0\0\x14\xfc\x12\0\
\x20\x54\0\0\x1d\x1b\0\0\x31\x4d\0\0\x03\x18\x13\0\x38\x54\0\0\x1d\x1b\0\0\x56\
\x46\0\0\x0d\x1c\x13\0\x58\x54\0\0\x1d\x1b\0\0\xc4\x4c\0\0\x05\xd4\x12\0\x80\
\x54\0\0\x1d\x1b\0\0\xb7\x18\0\0\x01\x24\x13\0\x90\x54\0\0\x1d\x1b\0\0\x9d\x4d\
\0\0\0\x30\x13\0\x98\x54\0\0\x1d\x1b\0\0\xcc\x4d\0\0\x03\x38\x13\0\xb8\x54\0\0\
\x1d\x1b\0\0\xbe\x46\0\0\x0d\x48\x13\0\xc8\x54\0\0\x1d\x1b\0\0\x45\x1e\0\0\x03\
\x54\x13\0\xd0\x54\0\0\x1d\x1b\0\0\xbe\x46\0\0\x0b\x48\x13\0\xe0\x54\0\0\x1d\
\x1b\0\0\0\0\0\0\0\0\0\0\xe8\x54\0\0\x1d\x1b\0\0\xb9\x1b\0\0\x19\x58\x13\0\0\
\x55\0\0\x1d\x1b\0\0\xc0\x44\0\0\x07\x5c\x13\0\x08\x55\0\0\x1d\x1b\0\0\xde\x46\
\0\0\x0d\x64\x13\0\x28\x55\0\0\x1d\x1b\0\0\x0f\x47\0\0\x12\x68\x13\0\x40\x55\0\
\0\x1d\x1b\0\0\x3e\x47\0\0\x1c\x6c\x13\0\x50\x55\0\0\x1d\x1b\0\0\x3e\x47\0\0\
\x03\x6c\x13\0\x68\x55\0\0\xcc\x10\0\0\xf2\x10\0\0\x14\x4c\0\0\x70\x55\0\0\xcc\
\x10\0\0\x21\x11\0\0\x18\x50\0\0\x78\x55\0\0\x1d\x1b\0\0\xfb\x4d\0\0\x0b\x78\
\x13\0\x80\x55\0\0\x1d\x1b\0\0\x96\x47\0\0\x1f\x84\x13\0\xa8\x55\0\0\x1d\x1b\0\
\0\x2e\x3f\0\0\x07\x88\x13\0\xb0\x55\0\0\x1d\x1b\0\0\xf1\x47\0\0\x08\x94\x13\0\
\xd0\x55\0\0\x1d\x1b\0\0\x4c\x3f\0\0\x03\x98\x13\0\xe8\x55\0\0\x1d\x1b\0\0\xb7\
\x18\0\0\x01\xa4\x13\0\0\0\0\0\0\0\0\0\0\0\0\0\0\0\0\0\0\0\0\0\0\0\0\0\0\0\0\0\
\0\0\0\0\0\0\0\0\0\0\0\0\0\0\0\0\0\0\0\0\0\0\0\0\0\0\0\0\0\0\0\0\0\0\0\0\x01\0\
\0\0\x03\0\0\0\x20\0\0\0\0\0\0\0\0\0\0\0\0\0\0\0\x40\0\0\0\0\0\0\0\x11\x13\0\0\
\0\0\0\0\0\0\0\0\0\0\0\0\x01\0\0\0\0\0\0\0\0\0\0\0\0\0\0\0\x09\0\0\0\x02\0\0\0\
\0\0\0\0\0\0\0\0\0\0\0\0\0\0\0\0\x58\x13\0\0\0\0\0\0\x18\x1b\0\0\0\0\0\0\x01\0\
\0\0\0\0\0\0\x08\0\0\0\0\0\0\0\x18\0\0\0\0\0\0\0\x11\0\0\0\x01\0\0\0\x06\0\0\0\
\0\0\0\0\0\0\0\0\0\0\0\0\x70\x2e\0\0\0\0\0\0\x08\x0a\0\0\0\0\0\0\0\0\0\0\0\0\0\
\0\x08\0\0\0\0\0\0\0\0\0\0\0\0\0\0\0\x17\0\0\0\x01\0\0\0\x06\0\0\0\0\0\0\0\0\0\
\0\0\0\0\0\0\x78\x38\0\0\0\0\0\0\xf8\x55\0\0\0\0\0\0\0\0\0\0\0\0\0\0\x08\0\0\0\
\0\0\0\0\0\0\0\0\0\0\0\0\x1e\0\0\0\x01\0\0\0\x02\0\0\0\0\0\0\0\0\0\0\0\0\0\0\0\
\x70\x8e\0\0\0\0\0\0\xb5\x11\0\0\0\0\0\0\0\0\0\0\0\0\0\0\x01\0\0\0\0\0\0\0\0\0\
\0\0\0\0\0\0\x26\0\0\0\x01\0\0\0\x03\0\0\0\0\0\0\0\0\0\0\0\0\0\0\0\x25\xa0\0\0\
\0\0\0\0\x0d\0\0\0\0\0\0\0\0\0\0\0\0\0\0\0\x01\0\0\0\0\0\0\0\0\0\0\0\0\0\0\0\
\x2e\0\0\0\x01\0\0\0\x03\0\0\0\0\0\0\0\0\0\0\0\0\0\0\0\x38\xa0\0\0\0\0\0\0\x90\
\0\0\0\0\0\0\0\0\0\0\0\0\0\0\0\x08\0\0\0\0\0\0\0\0\0\0\0\0\0\0\0\xee\x12\0\0\
\x09\0\0\0\x40\0\0\0\0\0\0\0\0\0\0\0\0\0\0\0\xc8\xa0\0\0\0\0\0\0\x70\0\0\0\0\0\
\0\0\x02\0\0\0\x03\0\0\0\x08\0\0\0\0\0\0\0\x10\0\0\0\0\0\0\0\xf8\x12\0\0\x09\0\
\0\0\x40\0\0\0\0\0\0\0\0\0\0\0\0\0\0\0\x38\xa1\0\0\0\0\0\0\xe0\x11\0\0\0\0\0\0\
\x02\0\0\0\x04\0\0\0\x08\0\0\0\0\0\0\0\x10\0\0\0\0\0\0\0\x03\x13\0\0\x01\0\0\0\
\0\0\0\0\0\0\0\0\0\0\0\0\0\0\0\0\x18\xb3\0\0\0\0\0\0\x69\x65\0\0\0\0\0\0\0\0\0\
\0\0\0\0\0\x08\0\0\0\0\0\0\0\0\0\0\0\0\0\0\0\x08\x13\0\0\x01\0\0\0\0\0\0\0\0\0\
\0\0\0\0\0\0\0\0\0\0\x88\x18\x01\0\0\0\0\0\x30\x41\0\0\0\0\0\0\0\0\0\0\0\0\0\0\
\x08\0\0\0\0\0\0\0\0\0\0\0\0\0\0\0";

	*sz = sizeof(data) - 1;
	return (const void *)data;
}

#ifdef __cplusplus
struct osdtrace_bpf *osdtrace_bpf::open(const struct bpf_object_open_opts *opts) { return osdtrace_bpf__open_opts(opts); }
struct osdtrace_bpf *osdtrace_bpf::open_and_load() { return osdtrace_bpf__open_and_load(); }
int osdtrace_bpf::load(struct osdtrace_bpf *skel) { return osdtrace_bpf__load(skel); }
int osdtrace_bpf::attach(struct osdtrace_bpf *skel) { return osdtrace_bpf__attach(skel); }
void osdtrace_bpf::detach(struct osdtrace_bpf *skel) { osdtrace_bpf__detach(skel); }
void osdtrace_bpf::destroy(struct osdtrace_bpf *skel) { osdtrace_bpf__destroy(skel); }
const void *osdtrace_bpf::elf_bytes(size_t *sz) { return osdtrace_bpf__elf_bytes(sz); }
#endif /* __cplusplus */

__attribute__((unused)) static void
osdtrace_bpf__assert(struct osdtrace_bpf *s __attribute__((unused)))
{
#ifdef __cplusplus
#define _Static_assert static_assert
#endif
#ifdef __cplusplus
#undef _Static_assert
#endif
}

#endif /* __OSDTRACE_BPF_SKEL_H__ */
