/* SPDX-License-Identifier: (LGPL-2.1 OR BSD-2-Clause) */

/* THIS FILE IS AUTOGENERATED BY BPFTOOL! */
#ifndef __RADOSTRACE_BPF_SKEL_H__
#define __RADOSTRACE_BPF_SKEL_H__

#include <errno.h>
#include <stdlib.h>
#include <bpf/libbpf.h>

#define BPF_SKEL_SUPPORTS_MAP_AUTO_ATTACH 1

struct radostrace_bpf {
	struct bpf_object_skeleton *skeleton;
	struct bpf_object *obj;
	struct {
		struct bpf_map *ops;
		struct bpf_map *hprobes;
		struct bpf_map *rb;
		struct bpf_map *rodata;
		struct bpf_map *bss;
	} maps;
	struct {
		struct bpf_program *uprobe_send_op;
		struct bpf_program *uprobe_finish_op;
	} progs;
	struct {
		struct bpf_link *uprobe_send_op;
		struct bpf_link *uprobe_finish_op;
	} links;
	struct radostrace_bpf__rodata {
		char __pad0[228];
		__u32 CEPH_OSD_OP_SIZE;
		__u32 CEPH_OSD_OP_EXTENT_OFFSET_OFFSET;
		__u32 CEPH_OSD_OP_EXTENT_LENGTH_OFFSET;
		__u32 CEPH_OSD_OP_CLS_CLASS_OFFSET;
		__u32 CEPH_OSD_OP_CLS_METHOD_OFFSET;
		__u32 CEPH_OSD_OP_BUFFER_CARRIAGE_OFFSET;
		__u32 CEPH_OSD_OP_BUFFER_RAW_OFFSET;
		__u32 CEPH_OSD_OP_BUFFER_DATA_OFFSET;
	} *rodata;

#ifdef __cplusplus
	static inline struct radostrace_bpf *open(const struct bpf_object_open_opts *opts = nullptr);
	static inline struct radostrace_bpf *open_and_load();
	static inline int load(struct radostrace_bpf *skel);
	static inline int attach(struct radostrace_bpf *skel);
	static inline void detach(struct radostrace_bpf *skel);
	static inline void destroy(struct radostrace_bpf *skel);
	static inline const void *elf_bytes(size_t *sz);
#endif /* __cplusplus */
};

static void
radostrace_bpf__destroy(struct radostrace_bpf *obj)
{
	if (!obj)
		return;
	if (obj->skeleton)
		bpf_object__destroy_skeleton(obj->skeleton);
	free(obj);
}

static inline int
radostrace_bpf__create_skeleton(struct radostrace_bpf *obj);

static inline struct radostrace_bpf *
radostrace_bpf__open_opts(const struct bpf_object_open_opts *opts)
{
	struct radostrace_bpf *obj;
	int err;

	obj = (struct radostrace_bpf *)calloc(1, sizeof(*obj));
	if (!obj) {
		errno = ENOMEM;
		return NULL;
	}

	err = radostrace_bpf__create_skeleton(obj);
	if (err)
		goto err_out;

	err = bpf_object__open_skeleton(obj->skeleton, opts);
	if (err)
		goto err_out;

	return obj;
err_out:
	radostrace_bpf__destroy(obj);
	errno = -err;
	return NULL;
}

static inline struct radostrace_bpf *
radostrace_bpf__open(void)
{
	return radostrace_bpf__open_opts(NULL);
}

static inline int
radostrace_bpf__load(struct radostrace_bpf *obj)
{
	return bpf_object__load_skeleton(obj->skeleton);
}

static inline struct radostrace_bpf *
radostrace_bpf__open_and_load(void)
{
	struct radostrace_bpf *obj;
	int err;

	obj = radostrace_bpf__open();
	if (!obj)
		return NULL;
	err = radostrace_bpf__load(obj);
	if (err) {
		radostrace_bpf__destroy(obj);
		errno = -err;
		return NULL;
	}
	return obj;
}

static inline int
radostrace_bpf__attach(struct radostrace_bpf *obj)
{
	return bpf_object__attach_skeleton(obj->skeleton);
}

static inline void
radostrace_bpf__detach(struct radostrace_bpf *obj)
{
	bpf_object__detach_skeleton(obj->skeleton);
}

static inline const void *radostrace_bpf__elf_bytes(size_t *sz);

static inline int
radostrace_bpf__create_skeleton(struct radostrace_bpf *obj)
{
	struct bpf_object_skeleton *s;
	struct bpf_map_skeleton *map __attribute__((unused));
	int err;

	s = (struct bpf_object_skeleton *)calloc(1, sizeof(*s));
	if (!s)	{
		err = -ENOMEM;
		goto err;
	}

	s->sz = sizeof(*s);
	s->name = "radostrace_bpf";
	s->obj = &obj->obj;

	/* maps */
	s->map_cnt = 5;
	s->map_skel_sz = 24;
	s->maps = (struct bpf_map_skeleton *)calloc(s->map_cnt,
			sizeof(*s->maps) > 24 ? sizeof(*s->maps) : 24);
	if (!s->maps) {
		err = -ENOMEM;
		goto err;
	}

	map = (struct bpf_map_skeleton *)((char *)s->maps + 0 * s->map_skel_sz);
	map->name = "ops";
	map->map = &obj->maps.ops;

	map = (struct bpf_map_skeleton *)((char *)s->maps + 1 * s->map_skel_sz);
	map->name = "hprobes";
	map->map = &obj->maps.hprobes;

	map = (struct bpf_map_skeleton *)((char *)s->maps + 2 * s->map_skel_sz);
	map->name = "rb";
	map->map = &obj->maps.rb;

	map = (struct bpf_map_skeleton *)((char *)s->maps + 3 * s->map_skel_sz);
	map->name = "radostra.rodata";
	map->map = &obj->maps.rodata;
	map->mmaped = (void **)&obj->rodata;

	map = (struct bpf_map_skeleton *)((char *)s->maps + 4 * s->map_skel_sz);
	map->name = "radostra.bss";
	map->map = &obj->maps.bss;

	/* programs */
	s->prog_cnt = 2;
	s->prog_skel_sz = sizeof(*s->progs);
	s->progs = (struct bpf_prog_skeleton *)calloc(s->prog_cnt, s->prog_skel_sz);
	if (!s->progs) {
		err = -ENOMEM;
		goto err;
	}

	s->progs[0].name = "uprobe_send_op";
	s->progs[0].prog = &obj->progs.uprobe_send_op;
	s->progs[0].link = &obj->links.uprobe_send_op;

	s->progs[1].name = "uprobe_finish_op";
	s->progs[1].prog = &obj->progs.uprobe_finish_op;
	s->progs[1].link = &obj->links.uprobe_finish_op;

	s->data = radostrace_bpf__elf_bytes(&s->data_sz);

	obj->skeleton = s;
	return 0;
err:
	bpf_object__destroy_skeleton(s);
	return err;
}

static inline const void *radostrace_bpf__elf_bytes(size_t *sz)
{
	static const char data[] __attribute__((__aligned__(8))) = "\
\x7f\x45\x4c\x46\x02\x01\x01\0\0\0\0\0\0\0\0\0\x01\0\xf7\0\x01\0\0\0\0\0\0\0\0\
\0\0\0\0\0\0\0\0\0\0\0\x90\x94\0\0\0\0\0\0\0\0\0\0\x40\0\0\0\0\0\x40\0\x0d\0\
\x01\0\0\x2e\x73\x74\x72\x74\x61\x62\0\x2e\x73\x79\x6d\x74\x61\x62\0\x2e\x74\
\x65\x78\x74\0\x75\x70\x72\x6f\x62\x65\0\x2e\x72\x6f\x64\x61\x74\x61\0\x6c\x69\
\x63\x65\x6e\x73\x65\0\x2e\x6d\x61\x70\x73\0\x2e\x62\x73\x73\0\x72\x61\x64\x6f\
\x73\x74\x72\x61\x63\x65\x2e\x62\x70\x66\x2e\x63\0\x4c\x42\x42\x32\x5f\x31\x32\
\0\x4c\x42\x42\x32\x5f\x37\0\x4c\x42\x42\x32\x5f\x35\0\x4c\x42\x42\x32\x5f\x32\
\x33\0\x4c\x42\x42\x32\x5f\x32\x34\0\x4c\x42\x42\x32\x5f\x33\x39\0\x4c\x42\x42\
\x32\x5f\x34\x30\0\x4c\x42\x42\x32\x5f\x31\x38\0\x4c\x42\x42\x32\x5f\x31\x36\0\
\x4c\x42\x42\x32\x5f\x33\x31\0\x4c\x42\x42\x32\x5f\x33\x32\0\x4c\x42\x42\x32\
\x5f\x31\x30\0\x4c\x42\x42\x32\x5f\x32\x37\0\x4c\x42\x42\x32\x5f\x32\x38\0\x4c\
\x42\x42\x32\x5f\x32\x31\0\x4c\x42\x42\x32\x5f\x33\x35\0\x4c\x42\x42\x32\x5f\
\x33\x36\0\x4c\x42\x42\x32\x5f\x32\x35\0\x4c\x42\x42\x32\x5f\x32\x36\0\x4c\x42\
\x42\x32\x5f\x33\x33\0\x4c\x42\x42\x32\x5f\x33\x34\0\x4c\x42\x42\x32\x5f\x32\
\x39\0\x4c\x42\x42\x32\x5f\x33\x30\0\x4c\x42\x42\x32\x5f\x33\x37\0\x4c\x42\x42\
\x32\x5f\x33\x38\0\x66\x65\x74\x63\x68\x5f\x72\x65\x67\x69\x73\x74\x65\x72\x2e\
\x5f\x5f\x5f\x5f\x66\x6d\x74\0\x4c\x42\x42\x33\x5f\x33\x33\0\x4c\x42\x42\x33\
\x5f\x35\0\x4c\x42\x42\x33\x5f\x38\0\x4c\x42\x42\x33\x5f\x39\0\x4c\x42\x42\x33\
\x5f\x31\x32\0\x4c\x42\x42\x33\x5f\x31\x33\0\x4c\x42\x42\x33\x5f\x31\x36\0\x4c\
\x42\x42\x33\x5f\x31\x37\0\x4c\x42\x42\x33\x5f\x32\x30\0\x4c\x42\x42\x33\x5f\
\x32\x31\0\x4c\x42\x42\x33\x5f\x32\x34\0\x4c\x42\x42\x33\x5f\x32\x35\0\x4c\x42\
\x42\x33\x5f\x32\x38\0\x4c\x42\x42\x33\x5f\x32\x39\0\x4c\x42\x42\x33\x5f\x33\
\x32\0\x4c\x42\x42\x34\x5f\x37\0\x70\x72\x69\x6e\x74\x5f\x76\x66\x2e\x5f\x5f\
\x5f\x5f\x66\x6d\x74\0\x70\x72\x69\x6e\x74\x5f\x76\x66\x2e\x5f\x5f\x5f\x5f\x66\
\x6d\x74\x2e\x31\0\x70\x72\x69\x6e\x74\x5f\x76\x66\x2e\x5f\x5f\x5f\x5f\x66\x6d\
\x74\x2e\x32\0\x70\x72\x69\x6e\x74\x5f\x76\x66\x2e\x5f\x5f\x5f\x5f\x66\x6d\x74\
\x2e\x33\0\x70\x72\x69\x6e\x74\x5f\x76\x66\x2e\x5f\x5f\x5f\x5f\x66\x6d\x74\x2e\
\x34\0\x70\x72\x69\x6e\x74\x5f\x76\x66\x2e\x5f\x5f\x5f\x5f\x66\x6d\x74\x2e\x35\
\0\x7a\x65\x72\x6f\x5f\x76\x61\x6c\0\x75\x70\x72\x6f\x62\x65\x5f\x73\x65\x6e\
\x64\x5f\x6f\x70\x2e\x5f\x5f\x5f\x5f\x66\x6d\x74\0\x4c\x42\x42\x36\x5f\x32\0\
\x75\x70\x72\x6f\x62\x65\x5f\x73\x65\x6e\x64\x5f\x6f\x70\x2e\x5f\x5f\x5f\x5f\
\x66\x6d\x74\x2e\x36\0\x4c\x42\x42\x36\x5f\x33\0\x75\x70\x72\x6f\x62\x65\x5f\
\x73\x65\x6e\x64\x5f\x6f\x70\x2e\x5f\x5f\x5f\x5f\x66\x6d\x74\x2e\x37\0\x4c\x42\
\x42\x36\x5f\x35\0\x75\x70\x72\x6f\x62\x65\x5f\x73\x65\x6e\x64\x5f\x6f\x70\x2e\
\x5f\x5f\x5f\x5f\x66\x6d\x74\x2e\x38\0\x4c\x42\x42\x36\x5f\x36\0\x75\x70\x72\
\x6f\x62\x65\x5f\x73\x65\x6e\x64\x5f\x6f\x70\x2e\x5f\x5f\x5f\x5f\x66\x6d\x74\
\x2e\x39\0\x4c\x42\x42\x36\x5f\x34\x39\0\x4c\x42\x42\x36\x5f\x39\0\x75\x70\x72\
\x6f\x62\x65\x5f\x73\x65\x6e\x64\x5f\x6f\x70\x2e\x5f\x5f\x5f\x5f\x66\x6d\x74\
\x2e\x31\x30\0\x4c\x42\x42\x36\x5f\x31\x30\0\x75\x70\x72\x6f\x62\x65\x5f\x73\
\x65\x6e\x64\x5f\x6f\x70\x2e\x5f\x5f\x5f\x5f\x66\x6d\x74\x2e\x31\x31\0\x4c\x42\
\x42\x36\x5f\x31\x32\0\x75\x70\x72\x6f\x62\x65\x5f\x73\x65\x6e\x64\x5f\x6f\x70\
\x2e\x5f\x5f\x5f\x5f\x66\x6d\x74\x2e\x31\x32\0\x4c\x42\x42\x36\x5f\x31\x33\0\
\x75\x70\x72\x6f\x62\x65\x5f\x73\x65\x6e\x64\x5f\x6f\x70\x2e\x5f\x5f\x5f\x5f\
\x66\x6d\x74\x2e\x31\x33\0\x4c\x42\x42\x36\x5f\x31\x35\0\x75\x70\x72\x6f\x62\
\x65\x5f\x73\x65\x6e\x64\x5f\x6f\x70\x2e\x5f\x5f\x5f\x5f\x66\x6d\x74\x2e\x31\
\x34\0\x4c\x42\x42\x36\x5f\x31\x36\0\x75\x70\x72\x6f\x62\x65\x5f\x73\x65\x6e\
\x64\x5f\x6f\x70\x2e\x5f\x5f\x5f\x5f\x66\x6d\x74\x2e\x31\x35\0\x4c\x42\x42\x36\
\x5f\x31\x38\0\x75\x70\x72\x6f\x62\x65\x5f\x73\x65\x6e\x64\x5f\x6f\x70\x2e\x5f\
\x5f\x5f\x5f\x66\x6d\x74\x2e\x31\x36\0\x4c\x42\x42\x36\x5f\x31\x39\0\x75\x70\
\x72\x6f\x62\x65\x5f\x73\x65\x6e\x64\x5f\x6f\x70\x2e\x5f\x5f\x5f\x5f\x66\x6d\
\x74\x2e\x31\x37\0\x4c\x42\x42\x36\x5f\x32\x31\0\x75\x70\x72\x6f\x62\x65\x5f\
\x73\x65\x6e\x64\x5f\x6f\x70\x2e\x5f\x5f\x5f\x5f\x66\x6d\x74\x2e\x31\x38\0\x4c\
\x42\x42\x36\x5f\x32\x32\0\x75\x70\x72\x6f\x62\x65\x5f\x73\x65\x6e\x64\x5f\x6f\
\x70\x2e\x5f\x5f\x5f\x5f\x66\x6d\x74\x2e\x31\x39\0\x4c\x42\x42\x36\x5f\x32\x34\
\0\x75\x70\x72\x6f\x62\x65\x5f\x73\x65\x6e\x64\x5f\x6f\x70\x2e\x5f\x5f\x5f\x5f\
\x66\x6d\x74\x2e\x32\x30\0\x4c\x42\x42\x36\x5f\x32\x35\0\x75\x70\x72\x6f\x62\
\x65\x5f\x73\x65\x6e\x64\x5f\x6f\x70\x2e\x5f\x5f\x5f\x5f\x66\x6d\x74\x2e\x32\
\x31\0\x4c\x42\x42\x36\x5f\x32\x37\0\x75\x70\x72\x6f\x62\x65\x5f\x73\x65\x6e\
\x64\x5f\x6f\x70\x2e\x5f\x5f\x5f\x5f\x66\x6d\x74\x2e\x32\x32\0\x4c\x42\x42\x36\
\x5f\x32\x38\0\x75\x70\x72\x6f\x62\x65\x5f\x73\x65\x6e\x64\x5f\x6f\x70\x2e\x5f\
\x5f\x5f\x5f\x66\x6d\x74\x2e\x32\x34\0\x4c\x42\x42\x36\x5f\x33\x30\0\x4c\x42\
\x42\x36\x5f\x33\x32\0\x4c\x42\x42\x36\x5f\x33\x34\0\x75\x70\x72\x6f\x62\x65\
\x5f\x73\x65\x6e\x64\x5f\x6f\x70\x2e\x5f\x5f\x5f\x5f\x66\x6d\x74\x2e\x32\x36\0\
\x4c\x42\x42\x36\x5f\x33\x36\0\x75\x70\x72\x6f\x62\x65\x5f\x73\x65\x6e\x64\x5f\
\x6f\x70\x2e\x5f\x5f\x5f\x5f\x66\x6d\x74\x2e\x32\x38\0\x4c\x42\x42\x36\x5f\x33\
\x38\0\x4c\x42\x42\x36\x5f\x34\x35\0\x4c\x42\x42\x36\x5f\x34\x31\0\x4c\x42\x42\
\x36\x5f\x34\x32\0\x4c\x42\x42\x36\x5f\x34\x33\0\x4c\x42\x42\x36\x5f\x34\x36\0\
\x4c\x42\x42\x36\x5f\x34\x38\0\x4c\x42\x42\x36\x5f\x34\x37\0\x75\x70\x72\x6f\
\x62\x65\x5f\x73\x65\x6e\x64\x5f\x6f\x70\x2e\x5f\x5f\x5f\x5f\x66\x6d\x74\x2e\
\x32\x33\0\x4c\x42\x42\x36\x5f\x33\x35\0\x75\x70\x72\x6f\x62\x65\x5f\x73\x65\
\x6e\x64\x5f\x6f\x70\x2e\x5f\x5f\x5f\x5f\x66\x6d\x74\x2e\x32\x35\0\x75\x70\x72\
\x6f\x62\x65\x5f\x73\x65\x6e\x64\x5f\x6f\x70\x2e\x5f\x5f\x5f\x5f\x66\x6d\x74\
\x2e\x32\x37\0\x75\x70\x72\x6f\x62\x65\x5f\x73\x65\x6e\x64\x5f\x6f\x70\x2e\x5f\
\x5f\x5f\x5f\x66\x6d\x74\x2e\x32\x39\0\x75\x70\x72\x6f\x62\x65\x5f\x66\x69\x6e\
\x69\x73\x68\x5f\x6f\x70\x2e\x5f\x5f\x5f\x5f\x66\x6d\x74\0\x4c\x42\x42\x37\x5f\
\x32\0\x75\x70\x72\x6f\x62\x65\x5f\x66\x69\x6e\x69\x73\x68\x5f\x6f\x70\x2e\x5f\
\x5f\x5f\x5f\x66\x6d\x74\x2e\x33\x30\0\x4c\x42\x42\x37\x5f\x33\0\x75\x70\x72\
\x6f\x62\x65\x5f\x66\x69\x6e\x69\x73\x68\x5f\x6f\x70\x2e\x5f\x5f\x5f\x5f\x66\
\x6d\x74\x2e\x33\x31\0\x4c\x42\x42\x37\x5f\x35\0\x75\x70\x72\x6f\x62\x65\x5f\
\x66\x69\x6e\x69\x73\x68\x5f\x6f\x70\x2e\x5f\x5f\x5f\x5f\x66\x6d\x74\x2e\x33\
\x32\0\x4c\x42\x42\x37\x5f\x36\0\x75\x70\x72\x6f\x62\x65\x5f\x66\x69\x6e\x69\
\x73\x68\x5f\x6f\x70\x2e\x5f\x5f\x5f\x5f\x66\x6d\x74\x2e\x33\x33\0\x4c\x42\x42\
\x37\x5f\x38\0\x75\x70\x72\x6f\x62\x65\x5f\x66\x69\x6e\x69\x73\x68\x5f\x6f\x70\
\x2e\x5f\x5f\x5f\x5f\x66\x6d\x74\x2e\x33\x34\0\x4c\x42\x42\x37\x5f\x31\x30\0\
\x67\x65\x74\x5f\x70\x69\x64\0\x67\x65\x74\x5f\x74\x69\x64\0\x66\x65\x74\x63\
\x68\x5f\x72\x65\x67\x69\x73\x74\x65\x72\0\x66\x65\x74\x63\x68\x5f\x76\x61\x72\
\x5f\x6d\x65\x6d\x62\x65\x72\x5f\x61\x64\x64\x72\0\x70\x72\x69\x6e\x74\x5f\x76\
\x66\0\x69\x6e\x69\x74\x69\x61\x6c\x69\x7a\x65\x5f\x76\x61\x6c\x75\x65\0\x6f\
\x70\x73\0\x75\x70\x72\x6f\x62\x65\x5f\x73\x65\x6e\x64\x5f\x6f\x70\0\x68\x70\
\x72\x6f\x62\x65\x73\0\x43\x45\x50\x48\x5f\x4f\x53\x44\x5f\x4f\x50\x5f\x43\x4c\
\x53\x5f\x43\x4c\x41\x53\x53\x5f\x4f\x46\x46\x53\x45\x54\0\x43\x45\x50\x48\x5f\
\x4f\x53\x44\x5f\x4f\x50\x5f\x43\x4c\x53\x5f\x4d\x45\x54\x48\x4f\x44\x5f\x4f\
\x46\x46\x53\x45\x54\0\x43\x45\x50\x48\x5f\x4f\x53\x44\x5f\x4f\x50\x5f\x42\x55\
\x46\x46\x45\x52\x5f\x43\x41\x52\x52\x49\x41\x47\x45\x5f\x4f\x46\x46\x53\x45\
\x54\0\x43\x45\x50\x48\x5f\x4f\x53\x44\x5f\x4f\x50\x5f\x42\x55\x46\x46\x45\x52\
\x5f\x52\x41\x57\x5f\x4f\x46\x46\x53\x45\x54\0\x43\x45\x50\x48\x5f\x4f\x53\x44\
\x5f\x4f\x50\x5f\x42\x55\x46\x46\x45\x52\x5f\x44\x41\x54\x41\x5f\x4f\x46\x46\
\x53\x45\x54\0\x43\x45\x50\x48\x5f\x4f\x53\x44\x5f\x4f\x50\x5f\x45\x58\x54\x45\
\x4e\x54\x5f\x4f\x46\x46\x53\x45\x54\x5f\x4f\x46\x46\x53\x45\x54\0\x43\x45\x50\
\x48\x5f\x4f\x53\x44\x5f\x4f\x50\x5f\x45\x58\x54\x45\x4e\x54\x5f\x4c\x45\x4e\
\x47\x54\x48\x5f\x4f\x46\x46\x53\x45\x54\0\x43\x45\x50\x48\x5f\x4f\x53\x44\x5f\
\x4f\x50\x5f\x53\x49\x5a\x45\0\x75\x70\x72\x6f\x62\x65\x5f\x66\x69\x6e\x69\x73\
\x68\x5f\x6f\x70\0\x72\x62\0\x4c\x49\x43\x45\x4e\x53\x45\0\x2e\x72\x65\x6c\x2e\
\x74\x65\x78\x74\0\x2e\x72\x65\x6c\x75\x70\x72\x6f\x62\x65\0\x2e\x42\x54\x46\0\
\x2e\x42\x54\x46\x2e\x65\x78\x74\0\0\0\0\0\0\0\0\0\0\0\0\0\0\0\0\0\0\0\0\0\0\0\
\0\0\0\0\0\0\0\0\0\x39\0\0\0\x04\0\xf1\xff\0\0\0\0\0\0\0\0\0\0\0\0\0\0\0\0\0\0\
\0\0\x03\0\x03\0\0\0\0\0\0\0\0\0\0\0\0\0\0\0\0\0\x4a\0\0\0\0\0\x03\0\x80\0\0\0\
\0\0\0\0\0\0\0\0\0\0\0\0\x52\0\0\0\0\0\x03\0\xb8\0\0\0\0\0\0\0\0\0\0\0\0\0\0\0\
\x59\0\0\0\0\0\x03\0\x18\x01\0\0\0\0\0\0\0\0\0\0\0\0\0\0\x60\0\0\0\0\0\x03\0\
\xb8\x01\0\0\0\0\0\0\0\0\0\0\0\0\0\0\x68\0\0\0\0\0\x03\0\x70\0\0\0\0\0\0\0\0\0\
\0\0\0\0\0\0\x70\0\0\0\0\0\x03\0\x38\x02\0\0\0\0\0\0\0\0\0\0\0\0\0\0\x78\0\0\0\
\0\0\x03\0\x60\x02\0\0\0\0\0\0\0\0\0\0\0\0\0\0\x80\0\0\0\0\0\x03\0\xe8\0\0\0\0\
\0\0\0\0\0\0\0\0\0\0\0\x88\0\0\0\0\0\x03\0\x40\x01\0\0\0\0\0\0\0\0\0\0\0\0\0\0\
\x90\0\0\0\0\0\x03\0\xc8\x01\0\0\0\0\0\0\0\0\0\0\0\0\0\0\x98\0\0\0\0\0\x03\0\
\xa8\0\0\0\0\0\0\0\0\0\0\0\0\0\0\0\xa0\0\0\0\0\0\x03\0\x68\x01\0\0\0\0\0\0\0\0\
\0\0\0\0\0\0\xa8\0\0\0\0\0\x03\0\xd8\x01\0\0\0\0\0\0\0\0\0\0\0\0\0\0\xb0\0\0\0\
\0\0\x03\0\xd8\0\0\0\0\0\0\0\0\0\0\0\0\0\0\0\xb8\0\0\0\0\0\x03\0\x90\x01\0\0\0\
\0\0\0\0\0\0\0\0\0\0\0\xc0\0\0\0\0\0\x03\0\xe8\x01\0\0\0\0\0\0\0\0\0\0\0\0\0\0\
\xc8\0\0\0\0\0\x03\0\x08\x01\0\0\0\0\0\0\0\0\0\0\0\0\0\0\xd0\0\0\0\0\0\x03\0\
\xf8\x01\0\0\0\0\0\0\0\0\0\0\0\0\0\0\xd8\0\0\0\0\0\x03\0\x30\x01\0\0\0\0\0\0\0\
\0\0\0\0\0\0\0\xe0\0\0\0\0\0\x03\0\x08\x02\0\0\0\0\0\0\0\0\0\0\0\0\0\0\xe8\0\0\
\0\0\0\x03\0\x58\x01\0\0\0\0\0\0\0\0\0\0\0\0\0\0\xf0\0\0\0\0\0\x03\0\x18\x02\0\
\0\0\0\0\0\0\0\0\0\0\0\0\0\xf8\0\0\0\0\0\x03\0\x80\x01\0\0\0\0\0\0\0\0\0\0\0\0\
\0\0\0\x01\0\0\0\0\x03\0\x28\x02\0\0\0\0\0\0\0\0\0\0\0\0\0\0\x08\x01\0\0\0\0\
\x03\0\xa8\x01\0\0\0\0\0\0\0\0\0\0\0\0\0\0\x10\x01\0\0\x01\0\x05\0\0\0\0\0\0\0\
\0\0\x2f\0\0\0\0\0\0\0\x27\x01\0\0\0\0\x03\0\xf0\x07\0\0\0\0\0\0\0\0\0\0\0\0\0\
\0\x2f\x01\0\0\0\0\x03\0\0\x03\0\0\0\0\0\0\0\0\0\0\0\0\0\0\x36\x01\0\0\0\0\x03\
\0\xb8\x03\0\0\0\0\0\0\0\0\0\0\0\0\0\0\x3d\x01\0\0\0\0\x03\0\xd8\x03\0\0\0\0\0\
\0\0\0\0\0\0\0\0\0\x44\x01\0\0\0\0\x03\0\x70\x04\0\0\0\0\0\0\0\0\0\0\0\0\0\0\
\x4c\x01\0\0\0\0\x03\0\x90\x04\0\0\0\0\0\0\0\0\0\0\0\0\0\0\x54\x01\0\0\0\0\x03\
\0\x28\x05\0\0\0\0\0\0\0\0\0\0\0\0\0\0\x5c\x01\0\0\0\0\x03\0\x48\x05\0\0\0\0\0\
\0\0\0\0\0\0\0\0\0\x64\x01\0\0\0\0\x03\0\xe0\x05\0\0\0\0\0\0\0\0\0\0\0\0\0\0\
\x6c\x01\0\0\0\0\x03\0\0\x06\0\0\0\0\0\0\0\0\0\0\0\0\0\0\x74\x01\0\0\0\0\x03\0\
\x98\x06\0\0\0\0\0\0\0\0\0\0\0\0\0\0\x7c\x01\0\0\0\0\x03\0\xb8\x06\0\0\0\0\0\0\
\0\0\0\0\0\0\0\0\x84\x01\0\0\0\0\x03\0\x50\x07\0\0\0\0\0\0\0\0\0\0\0\0\0\0\x8c\
\x01\0\0\0\0\x03\0\x70\x07\0\0\0\0\0\0\0\0\0\0\0\0\0\0\x94\x01\0\0\0\0\x03\0\
\xd0\x07\0\0\0\0\0\0\0\0\0\0\0\0\0\0\x9c\x01\0\0\0\0\x03\0\xf8\x09\0\0\0\0\0\0\
\0\0\0\0\0\0\0\0\xa3\x01\0\0\x01\0\x05\0\x2f\0\0\0\0\0\0\0\x1d\0\0\0\0\0\0\0\
\xb4\x01\0\0\x01\0\x05\0\x4c\0\0\0\0\0\0\0\x1e\0\0\0\0\0\0\0\xc7\x01\0\0\x01\0\
\x05\0\x6a\0\0\0\0\0\0\0\x1e\0\0\0\0\0\0\0\xda\x01\0\0\x01\0\x05\0\x88\0\0\0\0\
\0\0\0\x1e\0\0\0\0\0\0\0\xed\x01\0\0\x01\0\x05\0\xa6\0\0\0\0\0\0\0\x1e\0\0\0\0\
\0\0\0\0\x02\0\0\x01\0\x05\0\xc4\0\0\0\0\0\0\0\x1e\0\0\0\0\0\0\0\x13\x02\0\0\
\x01\0\x08\0\0\0\0\0\0\0\0\0\x98\x01\0\0\0\0\0\0\0\0\0\0\x03\0\x04\0\0\0\0\0\0\
\0\0\0\0\0\0\0\0\0\0\0\x1c\x02\0\0\x01\0\x05\0\x04\x01\0\0\0\0\0\0\x18\0\0\0\0\
\0\0\0\x33\x02\0\0\0\0\x04\0\0\x01\0\0\0\0\0\0\0\0\0\0\0\0\0\0\x3a\x02\0\0\x01\
\0\x05\0\x1c\x01\0\0\0\0\0\0\x1d\0\0\0\0\0\0\0\x53\x02\0\0\0\0\x04\0\x20\x01\0\
\0\0\0\0\0\0\0\0\0\0\0\0\0\x5a\x02\0\0\x01\0\x05\0\x39\x01\0\0\0\0\0\0\x28\0\0\
\0\0\0\0\0\x73\x02\0\0\0\0\x04\0\xf8\x01\0\0\0\0\0\0\0\0\0\0\0\0\0\0\x7a\x02\0\
\0\x01\0\x05\0\x61\x01\0\0\0\0\0\0\x23\0\0\0\0\0\0\0\x93\x02\0\0\0\0\x04\0\x18\
\x02\0\0\0\0\0\0\0\0\0\0\0\0\0\0\x9a\x02\0\0\x01\0\x05\0\x84\x01\0\0\0\0\0\0\
\x28\0\0\0\0\0\0\0\xb3\x02\0\0\0\0\x04\0\xe8\x12\0\0\0\0\0\0\0\0\0\0\0\0\0\0\
\xbb\x02\0\0\0\0\x04\0\x60\x05\0\0\0\0\0\0\0\0\0\0\0\0\0\0\xc2\x02\0\0\x01\0\
\x05\0\xac\x01\0\0\0\0\0\0\x20\0\0\0\0\0\0\0\xdc\x02\0\0\0\0\x04\0\x80\x05\0\0\
\0\0\0\0\0\0\0\0\0\0\0\0\xe4\x02\0\0\x01\0\x05\0\xcc\x01\0\0\0\0\0\0\x28\0\0\0\
\0\0\0\0\xfe\x02\0\0\0\0\x04\0\x68\x06\0\0\0\0\0\0\0\0\0\0\0\0\0\0\x06\x03\0\0\
\x01\0\x05\0\xf4\x01\0\0\0\0\0\0\x23\0\0\0\0\0\0\0\x20\x03\0\0\0\0\x04\0\x88\
\x06\0\0\0\0\0\0\0\0\0\0\0\0\0\0\x28\x03\0\0\x01\0\x05\0\x17\x02\0\0\0\0\0\0\
\x28\0\0\0\0\0\0\0\x42\x03\0\0\0\0\x04\0\x68\x07\0\0\0\0\0\0\0\0\0\0\0\0\0\0\
\x4a\x03\0\0\x01\0\x05\0\x3f\x02\0\0\0\0\0\0\x28\0\0\0\0\0\0\0\x64\x03\0\0\0\0\
\x04\0\x80\x07\0\0\0\0\0\0\0\0\0\0\0\0\0\0\x6c\x03\0\0\x01\0\x05\0\x67\x02\0\0\
\0\0\0\0\x28\0\0\0\0\0\0\0\x86\x03\0\0\0\0\x04\0\xa0\x08\0\0\0\0\0\0\0\0\0\0\0\
\0\0\0\x8e\x03\0\0\x01\0\x05\0\x8f\x02\0\0\0\0\0\0\x1d\0\0\0\0\0\0\0\xa8\x03\0\
\0\0\0\x04\0\xc0\x08\0\0\0\0\0\0\0\0\0\0\0\0\0\0\xb0\x03\0\0\x01\0\x05\0\xac\
\x02\0\0\0\0\0\0\x28\0\0\0\0\0\0\0\xca\x03\0\0\0\0\x04\0\x98\x09\0\0\0\0\0\0\0\
\0\0\0\0\0\0\0\xd2\x03\0\0\x01\0\x05\0\xd4\x02\0\0\0\0\0\0\x1e\0\0\0\0\0\0\0\
\xec\x03\0\0\0\0\x04\0\xb8\x09\0\0\0\0\0\0\0\0\0\0\0\0\0\0\xf4\x03\0\0\x01\0\
\x05\0\xf2\x02\0\0\0\0\0\0\x28\0\0\0\0\0\0\0\x0e\x04\0\0\0\0\x04\0\x90\x0a\0\0\
\0\0\0\0\0\0\0\0\0\0\0\0\x16\x04\0\0\x01\0\x05\0\x1a\x03\0\0\0\0\0\0\x1e\0\0\0\
\0\0\0\0\x30\x04\0\0\0\0\x04\0\xb0\x0a\0\0\0\0\0\0\0\0\0\0\0\0\0\0\x38\x04\0\0\
\x01\0\x05\0\x38\x03\0\0\0\0\0\0\x28\0\0\0\0\0\0\0\x52\x04\0\0\0\0\x04\0\xf8\
\x12\0\0\0\0\0\0\0\0\0\0\0\0\0\0\x5a\x04\0\0\x01\0\x05\0\x60\x03\0\0\0\0\0\0\
\x1f\0\0\0\0\0\0\0\x74\x04\0\0\0\0\x04\0\x18\x13\0\0\0\0\0\0\0\0\0\0\0\0\0\0\
\x7c\x04\0\0\x01\0\x05\0\xa7\x03\0\0\0\0\0\0\x20\0\0\0\0\0\0\0\x96\x04\0\0\0\0\
\x04\0\x90\x0c\0\0\0\0\0\0\0\0\0\0\0\0\0\0\x9e\x04\0\0\0\0\x04\0\xf0\x0c\0\0\0\
\0\0\0\0\0\0\0\0\0\0\0\xa6\x04\0\0\0\0\x04\0\x38\x13\0\0\0\0\0\0\0\0\0\0\0\0\0\
\0\xae\x04\0\0\x01\0\x05\0\xef\x03\0\0\0\0\0\0\x21\0\0\0\0\0\0\0\xc8\x04\0\0\0\
\0\x04\0\x58\x13\0\0\0\0\0\0\0\0\0\0\0\0\0\0\xd0\x04\0\0\x01\0\x05\0\x38\x04\0\
\0\0\0\0\0\x1f\0\0\0\0\0\0\0\xea\x04\0\0\0\0\x04\0\x18\x0f\0\0\0\0\0\0\0\0\0\0\
\0\0\0\0\xf2\x04\0\0\0\0\x04\0\x18\x12\0\0\0\0\0\0\0\0\0\0\0\0\0\0\xfa\x04\0\0\
\0\0\x04\0\x80\x0f\0\0\0\0\0\0\0\0\0\0\0\0\0\0\x02\x05\0\0\0\0\x04\0\xf0\x11\0\
\0\0\0\0\0\0\0\0\0\0\0\0\0\x0a\x05\0\0\0\0\x04\0\xb8\x0f\0\0\0\0\0\0\0\0\0\0\0\
\0\0\0\x12\x05\0\0\0\0\x04\0\xc8\x0f\0\0\0\0\0\0\0\0\0\0\0\0\0\0\x1a\x05\0\0\0\
\0\x04\0\x98\x12\0\0\0\0\0\0\0\0\0\0\0\0\0\0\x22\x05\0\0\0\0\x04\0\x90\x12\0\0\
\0\0\0\0\0\0\0\0\0\0\0\0\x2a\x05\0\0\x01\0\x05\0\x7f\x03\0\0\0\0\0\0\x28\0\0\0\
\0\0\0\0\x44\x05\0\0\0\0\x04\0\x70\x13\0\0\0\0\0\0\0\0\0\0\0\0\0\0\x4c\x05\0\0\
\x01\0\x05\0\xc7\x03\0\0\0\0\0\0\x28\0\0\0\0\0\0\0\x66\x05\0\0\x01\0\x05\0\x10\
\x04\0\0\0\0\0\0\x28\0\0\0\0\0\0\0\x80\x05\0\0\x01\0\x05\0\x57\x04\0\0\0\0\0\0\
\x28\0\0\0\0\0\0\0\x9a\x05\0\0\x01\0\x05\0\x7f\x04\0\0\0\0\0\0\x1a\0\0\0\0\0\0\
\0\xb3\x05\0\0\0\0\x04\0\x90\x14\0\0\0\0\0\0\0\0\0\0\0\0\0\0\xba\x05\0\0\x01\0\
\x05\0\x99\x04\0\0\0\0\0\0\x1f\0\0\0\0\0\0\0\xd6\x05\0\0\0\0\x04\0\xb0\x14\0\0\
\0\0\0\0\0\0\0\0\0\0\0\0\xdd\x05\0\0\x01\0\x05\0\xb8\x04\0\0\0\0\0\0\x2a\0\0\0\
\0\0\0\0\xf9\x05\0\0\0\0\x04\0\x88\x15\0\0\0\0\0\0\0\0\0\0\0\0\0\0\0\x06\0\0\
\x01\0\x05\0\xe2\x04\0\0\0\0\0\0\x25\0\0\0\0\0\0\0\x1c\x06\0\0\0\0\x04\0\xa8\
\x15\0\0\0\0\0\0\0\0\0\0\0\0\0\0\x23\x06\0\0\x01\0\x05\0\x07\x05\0\0\0\0\0\0\
\x2a\0\0\0\0\0\0\0\x3f\x06\0\0\0\0\x04\0\x20\x16\0\0\0\0\0\0\0\0\0\0\0\0\0\0\
\x46\x06\0\0\x01\0\x05\0\x31\x05\0\0\0\0\0\0\x46\0\0\0\0\0\0\0\x62\x06\0\0\0\0\
\x04\0\xe8\x19\0\0\0\0\0\0\0\0\0\0\0\0\0\0\0\0\0\0\x03\0\x05\0\0\0\0\0\0\0\0\0\
\0\0\0\0\0\0\0\0\0\0\0\0\x03\0\x08\0\0\0\0\0\0\0\0\0\0\0\0\0\0\0\0\0\x6a\x06\0\
\0\x12\0\x03\0\0\0\0\0\0\0\0\0\x18\0\0\0\0\0\0\0\x72\x06\0\0\x12\0\x03\0\x18\0\
\0\0\0\0\0\0\x10\0\0\0\0\0\0\0\x7a\x06\0\0\x12\0\x03\0\x28\0\0\0\0\0\0\0\x40\
\x02\0\0\0\0\0\0\x89\x06\0\0\x12\0\x03\0\x68\x02\0\0\0\0\0\0\x90\x05\0\0\0\0\0\
\0\x9f\x06\0\0\x12\0\x03\0\xf8\x07\0\0\0\0\0\0\x10\x02\0\0\0\0\0\0\xa8\x06\0\0\
\x12\0\x03\0\x08\x0a\0\0\0\0\0\0\x58\0\0\0\0\0\0\0\xb9\x06\0\0\x11\0\x07\0\0\0\
\0\0\0\0\0\0\x20\0\0\0\0\0\0\0\xbd\x06\0\0\x12\0\x04\0\0\0\0\0\0\0\0\0\x88\x13\
\0\0\0\0\0\0\xcc\x06\0\0\x11\0\x07\0\x20\0\0\0\0\0\0\0\x20\0\0\0\0\0\0\0\xd4\
\x06\0\0\x11\0\x05\0\xf0\0\0\0\0\0\0\0\x04\0\0\0\0\0\0\0\xf1\x06\0\0\x11\0\x05\
\0\xf4\0\0\0\0\0\0\0\x04\0\0\0\0\0\0\0\x0f\x07\0\0\x11\0\x05\0\xf8\0\0\0\0\0\0\
\0\x04\0\0\0\0\0\0\0\x32\x07\0\0\x11\0\x05\0\xfc\0\0\0\0\0\0\0\x04\0\0\0\0\0\0\
\0\x50\x07\0\0\x11\0\x05\0\0\x01\0\0\0\0\0\0\x04\0\0\0\0\0\0\0\x6f\x07\0\0\x11\
\0\x05\0\xe8\0\0\0\0\0\0\0\x04\0\0\0\0\0\0\0\x90\x07\0\0\x11\0\x05\0\xec\0\0\0\
\0\0\0\0\x04\0\0\0\0\0\0\0\xb1\x07\0\0\x11\0\x05\0\xe4\0\0\0\0\0\0\0\x04\0\0\0\
\0\0\0\0\xc2\x07\0\0\x12\0\x04\0\x88\x13\0\0\0\0\0\0\x70\x06\0\0\0\0\0\0\xd3\
\x07\0\0\x11\0\x07\0\x40\0\0\0\0\0\0\0\x10\0\0\0\0\0\0\0\xd6\x07\0\0\x11\0\x06\
\0\0\0\0\0\0\0\0\0\x0d\0\0\0\0\0\0\0\x85\0\0\0\x0e\0\0\0\x77\0\0\0\x20\0\0\0\
\x95\0\0\0\0\0\0\0\x85\0\0\0\x0e\0\0\0\x95\0\0\0\0\0\0\0\xbf\x23\0\0\0\0\0\0\
\x67\x02\0\0\x20\0\0\0\x77\x02\0\0\x20\0\0\0\x65\x02\x07\0\x07\0\0\0\x65\x02\
\x0d\0\x03\0\0\0\x65\x02\x18\0\x01\0\0\0\x15\x02\x2b\0\0\0\0\0\x15\x02\x01\0\
\x01\0\0\0\x05\0\x39\0\0\0\0\0\x79\x10\x60\0\0\0\0\0\x05\0\x3c\0\0\0\0\0\x65\
\x02\x0c\0\x0b\0\0\0\x65\x02\x16\0\x09\0\0\0\x15\x02\x26\0\x08\0\0\0\x15\x02\
\x01\0\x09\0\0\0\x05\0\x32\0\0\0\0\0\x79\x10\x40\0\0\0\0\0\x05\0\x35\0\0\0\0\0\
\x65\x02\x15\0\x05\0\0\0\x15\x02\x22\0\x04\0\0\0\x15\x02\x01\0\x05\0\0\0\x05\0\
\x2c\0\0\0\0\0\x79\x10\x70\0\0\0\0\0\x05\0\x2f\0\0\0\0\0\x65\x02\x14\0\x0d\0\0\
\0\x15\x02\x1e\0\x0c\0\0\0\x15\x02\x01\0\x0d\0\0\0\x05\0\x26\0\0\0\0\0\x79\x10\
\x10\0\0\0\0\0\x05\0\x29\0\0\0\0\0\x15\x02\x1b\0\x02\0\0\0\x15\x02\x01\0\x03\0\
\0\0\x05\0\x21\0\0\0\0\0\x79\x10\x28\0\0\0\0\0\x05\0\x24\0\0\0\0\0\x15\x02\x18\
\0\x0a\0\0\0\x15\x02\x01\0\x0b\0\0\0\x05\0\x1c\0\0\0\0\0\x79\x10\x30\0\0\0\0\0\
\x05\0\x1f\0\0\0\0\0\x15\x02\x15\0\x06\0\0\0\x15\x02\x01\0\x07\0\0\0\x05\0\x17\
\0\0\0\0\0\x79\x10\x98\0\0\0\0\0\x05\0\x1a\0\0\0\0\0\x15\x02\x12\0\x0e\0\0\0\
\x15\x02\x01\0\x0f\0\0\0\x05\0\x12\0\0\0\0\0\x79\x10\0\0\0\0\0\0\x05\0\x15\0\0\
\0\0\0\x79\x10\x50\0\0\0\0\0\x05\0\x13\0\0\0\0\0\x79\x10\x48\0\0\0\0\0\x05\0\
\x11\0\0\0\0\0\x79\x10\x68\0\0\0\0\0\x05\0\x0f\0\0\0\0\0\x79\x10\x18\0\0\0\0\0\
\x05\0\x0d\0\0\0\0\0\x79\x10\x58\0\0\0\0\0\x05\0\x0b\0\0\0\0\0\x79\x10\x38\0\0\
\0\0\0\x05\0\x09\0\0\0\0\0\x79\x10\x20\0\0\0\0\0\x05\0\x07\0\0\0\0\0\x79\x10\
\x08\0\0\0\0\0\x05\0\x05\0\0\0\0\0\x18\x01\0\0\0\0\0\0\0\0\0\0\0\0\0\0\xb7\x02\
\0\0\x2f\0\0\0\x85\0\0\0\x06\0\0\0\xb7\0\0\0\0\0\0\0\x95\0\0\0\0\0\0\0\xbf\x26\
\0\0\0\0\0\0\xb7\0\0\0\0\0\0\0\x15\x01\xae\0\0\0\0\0\x15\x06\xad\0\0\0\0\0\x71\
\x62\x08\0\0\0\0\0\xbf\x10\0\0\0\0\0\0\x15\x02\x0c\0\0\0\0\0\x61\x60\x04\0\0\0\
\0\0\x67\0\0\0\x20\0\0\0\xc7\0\0\0\x20\0\0\0\x0f\x10\0\0\0\0\0\0\x71\x61\x18\0\
\0\0\0\0\x15\x01\x06\0\0\0\0\0\xbf\xa1\0\0\0\0\0\0\x07\x01\0\0\xf8\xff\xff\xff\
\xb7\x02\0\0\x08\0\0\0\xbf\x03\0\0\0\0\0\0\x85\0\0\0\x70\0\0\0\x79\xa0\xf8\xff\
\0\0\0\0\x61\x61\x14\0\0\0\0\0\x67\x01\0\0\x20\0\0\0\xc7\x01\0\0\x20\0\0\0\x0f\
\x10\0\0\0\0\0\0\x61\x61\x5c\0\0\0\0\0\x67\x01\0\0\x20\0\0\0\xc7\x01\0\0\x20\0\
\0\0\xb7\x02\0\0\x03\0\0\0\x6d\x12\x95\0\0\0\0\0\x71\x62\x20\0\0\0\0\0\x15\x02\
\x0c\0\0\0\0\0\xbf\xa1\0\0\0\0\0\0\x07\x01\0\0\xf8\xff\xff\xff\xb7\x02\0\0\x08\
\0\0\0\xbf\x03\0\0\0\0\0\0\x85\0\0\0\x70\0\0\0\x61\x61\x1c\0\0\0\0\0\x67\x01\0\
\0\x20\0\0\0\xc7\x01\0\0\x20\0\0\0\x79\xa0\xf8\xff\0\0\0\0\x0f\x10\0\0\0\0\0\0\
\x61\x61\x5c\0\0\0\0\0\x05\0\x04\0\0\0\0\0\x61\x62\x1c\0\0\0\0\0\x67\x02\0\0\
\x20\0\0\0\xc7\x02\0\0\x20\0\0\0\x0f\x20\0\0\0\0\0\0\xbf\x12\0\0\0\0\0\0\x67\
\x02\0\0\x20\0\0\0\xc7\x02\0\0\x20\0\0\0\xb7\x03\0\0\x04\0\0\0\x6d\x23\x7e\0\0\
\0\0\0\x71\x62\x28\0\0\0\0\0\x15\x02\x0c\0\0\0\0\0\xbf\xa1\0\0\0\0\0\0\x07\x01\
\0\0\xf8\xff\xff\xff\xb7\x02\0\0\x08\0\0\0\xbf\x03\0\0\0\0\0\0\x85\0\0\0\x70\0\
\0\0\x61\x61\x24\0\0\0\0\0\x67\x01\0\0\x20\0\0\0\xc7\x01\0\0\x20\0\0\0\x79\xa0\
\xf8\xff\0\0\0\0\x0f\x10\0\0\0\0\0\0\x61\x61\x5c\0\0\0\0\0\x05\0\x04\0\0\0\0\0\
\x61\x62\x24\0\0\0\0\0\x67\x02\0\0\x20\0\0\0\xc7\x02\0\0\x20\0\0\0\x0f\x20\0\0\
\0\0\0\0\xbf\x12\0\0\0\0\0\0\x67\x02\0\0\x20\0\0\0\xc7\x02\0\0\x20\0\0\0\xb7\
\x03\0\0\x05\0\0\0\x6d\x23\x67\0\0\0\0\0\x71\x62\x30\0\0\0\0\0\x15\x02\x0c\0\0\
\0\0\0\xbf\xa1\0\0\0\0\0\0\x07\x01\0\0\xf8\xff\xff\xff\xb7\x02\0\0\x08\0\0\0\
\xbf\x03\0\0\0\0\0\0\x85\0\0\0\x70\0\0\0\x61\x61\x2c\0\0\0\0\0\x67\x01\0\0\x20\
\0\0\0\xc7\x01\0\0\x20\0\0\0\x79\xa0\xf8\xff\0\0\0\0\x0f\x10\0\0\0\0\0\0\x61\
\x61\x5c\0\0\0\0\0\x05\0\x04\0\0\0\0\0\x61\x62\x2c\0\0\0\0\0\x67\x02\0\0\x20\0\
\0\0\xc7\x02\0\0\x20\0\0\0\x0f\x20\0\0\0\0\0\0\xbf\x12\0\0\0\0\0\0\x67\x02\0\0\
\x20\0\0\0\xc7\x02\0\0\x20\0\0\0\xb7\x03\0\0\x06\0\0\0\x6d\x23\x50\0\0\0\0\0\
\x71\x62\x38\0\0\0\0\0\x15\x02\x0c\0\0\0\0\0\xbf\xa1\0\0\0\0\0\0\x07\x01\0\0\
\xf8\xff\xff\xff\xb7\x02\0\0\x08\0\0\0\xbf\x03\0\0\0\0\0\0\x85\0\0\0\x70\0\0\0\
\x61\x61\x34\0\0\0\0\0\x67\x01\0\0\x20\0\0\0\xc7\x01\0\0\x20\0\0\0\x79\xa0\xf8\
\xff\0\0\0\0\x0f\x10\0\0\0\0\0\0\x61\x61\x5c\0\0\0\0\0\x05\0\x04\0\0\0\0\0\x61\
\x62\x34\0\0\0\0\0\x67\x02\0\0\x20\0\0\0\xc7\x02\0\0\x20\0\0\0\x0f\x20\0\0\0\0\
\0\0\xbf\x12\0\0\0\0\0\0\x67\x02\0\0\x20\0\0\0\xc7\x02\0\0\x20\0\0\0\xb7\x03\0\
\0\x07\0\0\0\x6d\x23\x39\0\0\0\0\0\x71\x62\x40\0\0\0\0\0\x15\x02\x0c\0\0\0\0\0\
\xbf\xa1\0\0\0\0\0\0\x07\x01\0\0\xf8\xff\xff\xff\xb7\x02\0\0\x08\0\0\0\xbf\x03\
\0\0\0\0\0\0\x85\0\0\0\x70\0\0\0\x61\x61\x3c\0\0\0\0\0\x67\x01\0\0\x20\0\0\0\
\xc7\x01\0\0\x20\0\0\0\x79\xa0\xf8\xff\0\0\0\0\x0f\x10\0\0\0\0\0\0\x61\x61\x5c\
\0\0\0\0\0\x05\0\x04\0\0\0\0\0\x61\x62\x3c\0\0\0\0\0\x67\x02\0\0\x20\0\0\0\xc7\
\x02\0\0\x20\0\0\0\x0f\x20\0\0\0\0\0\0\xbf\x12\0\0\0\0\0\0\x67\x02\0\0\x20\0\0\
\0\xc7\x02\0\0\x20\0\0\0\xb7\x03\0\0\x08\0\0\0\x6d\x23\x22\0\0\0\0\0\x71\x62\
\x48\0\0\0\0\0\x15\x02\x0c\0\0\0\0\0\xbf\xa1\0\0\0\0\0\0\x07\x01\0\0\xf8\xff\
\xff\xff\xb7\x02\0\0\x08\0\0\0\xbf\x03\0\0\0\0\0\0\x85\0\0\0\x70\0\0\0\x61\x61\
\x44\0\0\0\0\0\x67\x01\0\0\x20\0\0\0\xc7\x01\0\0\x20\0\0\0\x79\xa0\xf8\xff\0\0\
\0\0\x0f\x10\0\0\0\0\0\0\x61\x61\x5c\0\0\0\0\0\x05\0\x04\0\0\0\0\0\x61\x62\x44\
\0\0\0\0\0\x67\x02\0\0\x20\0\0\0\xc7\x02\0\0\x20\0\0\0\x0f\x20\0\0\0\0\0\0\x67\
\x01\0\0\x20\0\0\0\xc7\x01\0\0\x20\0\0\0\xb7\x02\0\0\x09\0\0\0\x6d\x12\x0c\0\0\
\0\0\0\x71\x61\x50\0\0\0\0\0\x15\x01\x06\0\0\0\0\0\xbf\xa1\0\0\0\0\0\0\x07\x01\
\0\0\xf8\xff\xff\xff\xb7\x02\0\0\x08\0\0\0\xbf\x03\0\0\0\0\0\0\x85\0\0\0\x70\0\
\0\0\x79\xa0\xf8\xff\0\0\0\0\x61\x61\x4c\0\0\0\0\0\x67\x01\0\0\x20\0\0\0\xc7\
\x01\0\0\x20\0\0\0\x0f\x10\0\0\0\0\0\0\x95\0\0\0\0\0\0\0\xbf\x16\0\0\0\0\0\0\
\x15\x06\x3e\0\0\0\0\0\x71\x65\x08\0\0\0\0\0\x61\x64\x04\0\0\0\0\0\x61\x63\0\0\
\0\0\0\0\x18\x01\0\0\x2f\0\0\0\0\0\0\0\0\0\0\0\xb7\x02\0\0\x1d\0\0\0\x85\0\0\0\
\x06\0\0\0\x61\x61\x5c\0\0\0\0\0\x67\x01\0\0\x20\0\0\0\xc7\x01\0\0\x20\0\0\0\
\xb7\x02\0\0\x02\0\0\0\x6d\x12\x32\0\0\0\0\0\x71\x64\x18\0\0\0\0\0\x61\x63\x14\
\0\0\0\0\0\x18\x01\0\0\x4c\0\0\0\0\0\0\0\0\0\0\0\xb7\x02\0\0\x1e\0\0\0\x85\0\0\
\0\x06\0\0\0\x61\x61\x5c\0\0\0\0\0\x67\x01\0\0\x20\0\0\0\xc7\x01\0\0\x20\0\0\0\
\xb7\x02\0\0\x03\0\0\0\x6d\x12\x27\0\0\0\0\0\x71\x64\x20\0\0\0\0\0\x61\x63\x1c\
\0\0\0\0\0\x18\x01\0\0\x6a\0\0\0\0\0\0\0\0\0\0\0\xb7\x02\0\0\x1e\0\0\0\x85\0\0\
\0\x06\0\0\0\x61\x61\x5c\0\0\0\0\0\x67\x01\0\0\x20\0\0\0\xc7\x01\0\0\x20\0\0\0\
\xb7\x02\0\0\x04\0\0\0\x6d\x12\x1c\0\0\0\0\0\x71\x64\x28\0\0\0\0\0\x61\x63\x24\
\0\0\0\0\0\x18\x01\0\0\x88\0\0\0\0\0\0\0\0\0\0\0\xb7\x02\0\0\x1e\0\0\0\x85\0\0\
\0\x06\0\0\0\x61\x61\x5c\0\0\0\0\0\x67\x01\0\0\x20\0\0\0\xc7\x01\0\0\x20\0\0\0\
\xb7\x02\0\0\x05\0\0\0\x6d\x12\x11\0\0\0\0\0\x71\x64\x30\0\0\0\0\0\x61\x63\x2c\
\0\0\0\0\0\x18\x01\0\0\xa6\0\0\0\0\0\0\0\0\0\0\0\xb7\x02\0\0\x1e\0\0\0\x85\0\0\
\0\x06\0\0\0\x61\x61\x5c\0\0\0\0\0\x67\x01\0\0\x20\0\0\0\xc7\x01\0\0\x20\0\0\0\
\xb7\x02\0\0\x06\0\0\0\x6d\x12\x06\0\0\0\0\0\x71\x64\x38\0\0\0\0\0\x61\x63\x34\
\0\0\0\0\0\x18\x01\0\0\xc4\0\0\0\0\0\0\0\0\0\0\0\xb7\x02\0\0\x1e\0\0\0\x85\0\0\
\0\x06\0\0\0\xb7\0\0\0\0\0\0\0\x95\0\0\0\0\0\0\0\x7b\x2a\xf8\xff\0\0\0\0\x7b\
\x1a\xf0\xff\0\0\0\0\xbf\xa2\0\0\0\0\0\0\x07\x02\0\0\xf0\xff\xff\xff\x18\x01\0\
\0\0\0\0\0\0\0\0\0\0\0\0\0\x18\x03\0\0\0\0\0\0\0\0\0\0\0\0\0\0\xb7\x04\0\0\0\0\
\0\0\x85\0\0\0\x02\0\0\0\x95\0\0\0\0\0\0\0\xbf\x17\0\0\0\0\0\0\x18\x01\0\0\x04\
\x01\0\0\0\0\0\0\0\0\0\0\xb7\x02\0\0\x18\0\0\0\x85\0\0\0\x06\0\0\0\xb7\x01\0\0\
\0\0\0\0\x63\x1a\xec\xff\0\0\0\0\x7b\x1a\xe0\xff\0\0\0\0\x7b\x1a\xd8\xff\0\0\0\
\0\xbf\xa2\0\0\0\0\0\0\x07\x02\0\0\xec\xff\xff\xff\x18\x01\0\0\0\0\0\0\0\0\0\0\
\0\0\0\0\x85\0\0\0\x01\0\0\0\x15\0\x11\0\0\0\0\0\x61\x02\0\0\0\0\0\0\xbf\x71\0\
\0\0\0\0\0\xbf\x06\0\0\0\0\0\0\x85\x10\0\0\xff\xff\xff\xff\xbf\x01\0\0\0\0\0\0\
\xbf\x62\0\0\0\0\0\0\x85\x10\0\0\xff\xff\xff\xff\xbf\xa1\0\0\0\0\0\0\x07\x01\0\
\0\xe0\xff\xff\xff\xb7\x02\0\0\x08\0\0\0\xbf\x03\0\0\0\0\0\0\x85\0\0\0\x70\0\0\
\0\x79\xa3\xe0\xff\0\0\0\0\x18\x01\0\0\x1c\x01\0\0\0\0\0\0\0\0\0\0\xb7\x02\0\0\
\x1d\0\0\0\x05\0\x04\0\0\0\0\0\x61\xa3\xec\xff\0\0\0\0\x18\x01\0\0\x39\x01\0\0\
\0\0\0\0\0\0\0\0\xb7\x02\0\0\x28\0\0\0\x85\0\0\0\x06\0\0\0\x61\xa1\xec\xff\0\0\
\0\0\x07\x01\0\0\x01\0\0\0\x63\x1a\xec\xff\0\0\0\0\xbf\xa2\0\0\0\0\0\0\x07\x02\
\0\0\xec\xff\xff\xff\x18\x01\0\0\0\0\0\0\0\0\0\0\0\0\0\0\x85\0\0\0\x01\0\0\0\
\x15\0\x11\0\0\0\0\0\x61\x02\0\0\0\0\0\0\xbf\x71\0\0\0\0\0\0\xbf\x06\0\0\0\0\0\
\0\x85\x10\0\0\xff\xff\xff\xff\xbf\x01\0\0\0\0\0\0\xbf\x62\0\0\0\0\0\0\x85\x10\
\0\0\xff\xff\xff\xff\xbf\xa1\0\0\0\0\0\0\x07\x01\0\0\xd8\xff\xff\xff\xb7\x02\0\
\0\x08\0\0\0\xbf\x03\0\0\0\0\0\0\x85\0\0\0\x70\0\0\0\x79\xa3\xd8\xff\0\0\0\0\
\x18\x01\0\0\x61\x01\0\0\0\0\0\0\0\0\0\0\xb7\x02\0\0\x23\0\0\0\x05\0\x04\0\0\0\
\0\0\x61\xa3\xec\xff\0\0\0\0\x18\x01\0\0\x84\x01\0\0\0\0\0\0\0\0\0\0\xb7\x02\0\
\0\x28\0\0\0\x85\0\0\0\x06\0\0\0\x79\xa1\xd8\xff\0\0\0\0\x79\xa2\xe0\xff\0\0\0\
\0\x7b\x2a\xf8\xff\0\0\0\0\x7b\x1a\xf0\xff\0\0\0\0\xbf\xa2\0\0\0\0\0\0\x07\x02\
\0\0\xf0\xff\xff\xff\xb7\x08\0\0\0\0\0\0\x18\x01\0\0\0\0\0\0\0\0\0\0\0\0\0\0\
\x18\x03\0\0\0\0\0\0\0\0\0\0\0\0\0\0\xb7\x04\0\0\0\0\0\0\x85\0\0\0\x02\0\0\0\
\xbf\xa2\0\0\0\0\0\0\x07\x02\0\0\xd8\xff\xff\xff\x18\x01\0\0\0\0\0\0\0\0\0\0\0\
\0\0\0\x85\0\0\0\x01\0\0\0\xbf\x06\0\0\0\0\0\0\x15\x06\x05\x02\0\0\0\0\x7b\x86\
\x90\x01\0\0\0\0\x7b\x86\x88\x01\0\0\0\0\x7b\x86\x80\x01\0\0\0\0\x7b\x86\x78\
\x01\0\0\0\0\x7b\x86\x70\x01\0\0\0\0\x7b\x86\x68\x01\0\0\0\0\x7b\x86\x60\x01\0\
\0\0\0\x7b\x86\x58\x01\0\0\0\0\x7b\x86\x50\x01\0\0\0\0\x7b\x86\x48\x01\0\0\0\0\
\x7b\x86\x40\x01\0\0\0\0\x7b\x86\x38\x01\0\0\0\0\x7b\x86\x30\x01\0\0\0\0\x7b\
\x86\x28\x01\0\0\0\0\x7b\x86\x20\x01\0\0\0\0\x7b\x86\x18\x01\0\0\0\0\x7b\x86\
\x10\x01\0\0\0\0\x7b\x86\x08\x01\0\0\0\0\x7b\x86\0\x01\0\0\0\0\x7b\x86\xf8\0\0\
\0\0\0\x7b\x86\xf0\0\0\0\0\0\x7b\x86\xe8\0\0\0\0\0\x7b\x86\xe0\0\0\0\0\0\x7b\
\x86\xd8\0\0\0\0\0\x7b\x86\xd0\0\0\0\0\0\x7b\x86\xc8\0\0\0\0\0\x7b\x86\xc0\0\0\
\0\0\0\x7b\x86\xb8\0\0\0\0\0\x7b\x86\xb0\0\0\0\0\0\x7b\x86\xa8\0\0\0\0\0\x7b\
\x86\xa0\0\0\0\0\0\x7b\x86\x98\0\0\0\0\0\x7b\x86\x90\0\0\0\0\0\x7b\x86\x88\0\0\
\0\0\0\x7b\x86\x80\0\0\0\0\0\x7b\x86\x78\0\0\0\0\0\x7b\x86\x70\0\0\0\0\0\x7b\
\x86\x68\0\0\0\0\0\x7b\x86\x60\0\0\0\0\0\x7b\x86\x58\0\0\0\0\0\x7b\x86\x50\0\0\
\0\0\0\x7b\x86\x48\0\0\0\0\0\x7b\x86\x40\0\0\0\0\0\x7b\x86\x38\0\0\0\0\0\x7b\
\x86\x30\0\0\0\0\0\x7b\x86\x28\0\0\0\0\0\x7b\x86\x20\0\0\0\0\0\x7b\x86\x18\0\0\
\0\0\0\x7b\x86\x10\0\0\0\0\0\x7b\x86\x08\0\0\0\0\0\x7b\x86\0\0\0\0\0\0\x85\0\0\
\0\x7d\0\0\0\x7b\x06\x18\0\0\0\0\0\x79\xa1\xe0\xff\0\0\0\0\x7b\x16\x08\0\0\0\0\
\0\x79\xa1\xd8\xff\0\0\0\0\x7b\x16\0\0\0\0\0\0\x6b\x86\x10\0\0\0\0\0\x61\xa1\
\xec\xff\0\0\0\0\x07\x01\0\0\x01\0\0\0\x63\x1a\xec\xff\0\0\0\0\xbf\xa2\0\0\0\0\
\0\0\x07\x02\0\0\xec\xff\xff\xff\x18\x01\0\0\0\0\0\0\0\0\0\0\0\0\0\0\x85\0\0\0\
\x01\0\0\0\x15\0\x11\0\0\0\0\0\x61\x02\0\0\0\0\0\0\xbf\x71\0\0\0\0\0\0\xbf\x08\
\0\0\0\0\0\0\x85\x10\0\0\xff\xff\xff\xff\xbf\x01\0\0\0\0\0\0\xbf\x82\0\0\0\0\0\
\0\x85\x10\0\0\xff\xff\xff\xff\xbf\x61\0\0\0\0\0\0\x07\x01\0\0\x28\0\0\0\xb7\
\x02\0\0\x04\0\0\0\xbf\x03\0\0\0\0\0\0\x85\0\0\0\x70\0\0\0\x61\x63\x28\0\0\0\0\
\0\x18\x01\0\0\xac\x01\0\0\0\0\0\0\0\0\0\0\xb7\x02\0\0\x20\0\0\0\x05\0\x04\0\0\
\0\0\0\x61\xa3\xec\xff\0\0\0\0\x18\x01\0\0\xcc\x01\0\0\0\0\0\0\0\0\0\0\xb7\x02\
\0\0\x28\0\0\0\x85\0\0\0\x06\0\0\0\x61\xa1\xec\xff\0\0\0\0\x07\x01\0\0\x01\0\0\
\0\x63\x1a\xec\xff\0\0\0\0\xbf\xa2\0\0\0\0\0\0\x07\x02\0\0\xec\xff\xff\xff\x18\
\x01\0\0\0\0\0\0\0\0\0\0\0\0\0\0\x85\0\0\0\x01\0\0\0\xb7\x01\0\0\0\0\0\0\x63\
\x1a\xd4\xff\0\0\0\0\x15\0\x11\0\0\0\0\0\x61\x02\0\0\0\0\0\0\xbf\x71\0\0\0\0\0\
\0\xbf\x08\0\0\0\0\0\0\x85\x10\0\0\xff\xff\xff\xff\xbf\x01\0\0\0\0\0\0\xbf\x82\
\0\0\0\0\0\0\x85\x10\0\0\xff\xff\xff\xff\xbf\xa1\0\0\0\0\0\0\x07\x01\0\0\xd4\
\xff\xff\xff\xb7\x02\0\0\x04\0\0\0\xbf\x03\0\0\0\0\0\0\x85\0\0\0\x70\0\0\0\x61\
\xa3\xd4\xff\0\0\0\0\x18\x01\0\0\xf4\x01\0\0\0\0\0\0\0\0\0\0\xb7\x02\0\0\x23\0\
\0\0\x05\0\x04\0\0\0\0\0\x61\xa3\xec\xff\0\0\0\0\x18\x01\0\0\x17\x02\0\0\0\0\0\
\0\0\0\0\0\xb7\x02\0\0\x28\0\0\0\x85\0\0\0\x06\0\0\0\x61\xa1\xec\xff\0\0\0\0\
\x07\x01\0\0\x01\0\0\0\x63\x1a\xec\xff\0\0\0\0\xbf\xa2\0\0\0\0\0\0\x07\x02\0\0\
\xec\xff\xff\xff\x18\x01\0\0\0\0\0\0\0\0\0\0\0\0\0\0\x85\0\0\0\x01\0\0\0\xb7\
\x01\0\0\0\0\0\0\x7b\x1a\xf0\xff\0\0\0\0\x15\0\x10\0\0\0\0\0\x61\x02\0\0\0\0\0\
\0\xbf\x71\0\0\0\0\0\0\xbf\x08\0\0\0\0\0\0\x85\x10\0\0\xff\xff\xff\xff\xbf\x01\
\0\0\0\0\0\0\xbf\x82\0\0\0\0\0\0\x85\x10\0\0\xff\xff\xff\xff\xbf\xa1\0\0\0\0\0\
\0\x07\x01\0\0\xf0\xff\xff\xff\xb7\x02\0\0\x08\0\0\0\xbf\x03\0\0\0\0\0\0\x85\0\
\0\0\x70\0\0\0\x79\xa3\xf0\xff\0\0\0\0\x18\x01\0\0\x3f\x02\0\0\0\0\0\0\0\0\0\0\
\x05\0\x03\0\0\0\0\0\x61\xa3\xec\xff\0\0\0\0\x18\x01\0\0\x67\x02\0\0\0\0\0\0\0\
\0\0\0\xb7\x02\0\0\x28\0\0\0\x85\0\0\0\x06\0\0\0\x61\xa2\xd4\xff\0\0\0\0\x57\
\x02\0\0\x7f\0\0\0\x63\x2a\xd4\xff\0\0\0\0\x79\xa3\xf0\xff\0\0\0\0\xbf\x61\0\0\
\0\0\0\0\x07\x01\0\0\x30\0\0\0\x85\0\0\0\x70\0\0\0\x61\xa1\xec\xff\0\0\0\0\x07\
\x01\0\0\x01\0\0\0\x63\x1a\xec\xff\0\0\0\0\xbf\xa2\0\0\0\0\0\0\x07\x02\0\0\xec\
\xff\xff\xff\x18\x01\0\0\0\0\0\0\0\0\0\0\0\0\0\0\x85\0\0\0\x01\0\0\0\x15\0\x12\
\0\0\0\0\0\xbf\x68\0\0\0\0\0\0\x07\x08\0\0\x10\0\0\0\x61\x02\0\0\0\0\0\0\xbf\
\x71\0\0\0\0\0\0\xbf\x09\0\0\0\0\0\0\x85\x10\0\0\xff\xff\xff\xff\xbf\x01\0\0\0\
\0\0\0\xbf\x92\0\0\0\0\0\0\x85\x10\0\0\xff\xff\xff\xff\xbf\x81\0\0\0\0\0\0\xb7\
\x02\0\0\x02\0\0\0\xbf\x03\0\0\0\0\0\0\x85\0\0\0\x70\0\0\0\x69\x83\0\0\0\0\0\0\
\x18\x01\0\0\x8f\x02\0\0\0\0\0\0\0\0\0\0\xb7\x02\0\0\x1d\0\0\0\x05\0\x04\0\0\0\
\0\0\x61\xa3\xec\xff\0\0\0\0\x18\x01\0\0\xac\x02\0\0\0\0\0\0\0\0\0\0\xb7\x02\0\
\0\x28\0\0\0\x85\0\0\0\x06\0\0\0\x61\xa1\xec\xff\0\0\0\0\x07\x01\0\0\x01\0\0\0\
\x63\x1a\xec\xff\0\0\0\0\xbf\xa2\0\0\0\0\0\0\x07\x02\0\0\xec\xff\xff\xff\x18\
\x01\0\0\0\0\0\0\0\0\0\0\0\0\0\0\x85\0\0\0\x01\0\0\0\x15\0\x11\0\0\0\0\0\x61\
\x02\0\0\0\0\0\0\xbf\x71\0\0\0\0\0\0\xbf\x08\0\0\0\0\0\0\x85\x10\0\0\xff\xff\
\xff\xff\xbf\x01\0\0\0\0\0\0\xbf\x82\0\0\0\0\0\0\x85\x10\0\0\xff\xff\xff\xff\
\xbf\x61\0\0\0\0\0\0\x07\x01\0\0\xb0\0\0\0\xb7\x02\0\0\x08\0\0\0\xbf\x03\0\0\0\
\0\0\0\x85\0\0\0\x70\0\0\0\x79\x63\xb0\0\0\0\0\0\x18\x01\0\0\xd4\x02\0\0\0\0\0\
\0\0\0\0\0\xb7\x02\0\0\x1e\0\0\0\x05\0\x04\0\0\0\0\0\x61\xa3\xec\xff\0\0\0\0\
\x18\x01\0\0\xf2\x02\0\0\0\0\0\0\0\0\0\0\xb7\x02\0\0\x28\0\0\0\x85\0\0\0\x06\0\
\0\0\x61\xa1\xec\xff\0\0\0\0\x07\x01\0\0\x01\0\0\0\x63\x1a\xec\xff\0\0\0\0\xbf\
\xa2\0\0\0\0\0\0\x07\x02\0\0\xec\xff\xff\xff\x18\x01\0\0\0\0\0\0\0\0\0\0\0\0\0\
\0\x85\0\0\0\x01\0\0\0\x15\0\x11\0\0\0\0\0\x61\x02\0\0\0\0\0\0\xbf\x71\0\0\0\0\
\0\0\xbf\x08\0\0\0\0\0\0\x85\x10\0\0\xff\xff\xff\xff\xbf\x01\0\0\0\0\0\0\xbf\
\x82\0\0\0\0\0\0\x85\x10\0\0\xff\xff\xff\xff\xbf\x61\0\0\0\0\0\0\x07\x01\0\0\
\xb8\0\0\0\xb7\x02\0\0\x04\0\0\0\xbf\x03\0\0\0\0\0\0\x85\0\0\0\x70\0\0\0\x61\
\x63\xb8\0\0\0\0\0\x18\x01\0\0\x1a\x03\0\0\0\0\0\0\0\0\0\0\xb7\x02\0\0\x1e\0\0\
\0\x05\0\x04\0\0\0\0\0\x61\xa3\xec\xff\0\0\0\0\x18\x01\0\0\x38\x03\0\0\0\0\0\0\
\0\0\0\0\xb7\x02\0\0\x28\0\0\0\x85\0\0\0\x06\0\0\0\x61\xa1\xec\xff\0\0\0\0\x07\
\x01\0\0\x01\0\0\0\x63\x1a\xec\xff\0\0\0\0\xbf\xa2\0\0\0\0\0\0\x07\x02\0\0\xec\
\xff\xff\xff\x18\x01\0\0\0\0\0\0\0\0\0\0\0\0\0\0\x85\0\0\0\x01\0\0\0\x15\0\xff\
\0\0\0\0\0\x61\x02\0\0\0\0\0\0\xbf\x71\0\0\0\0\0\0\xbf\x08\0\0\0\0\0\0\x85\x10\
\0\0\xff\xff\xff\xff\xbf\x01\0\0\0\0\0\0\xbf\x82\0\0\0\0\0\0\x85\x10\0\0\xff\
\xff\xff\xff\xbf\xa1\0\0\0\0\0\0\x07\x01\0\0\xc8\xff\xff\xff\xb7\x02\0\0\x08\0\
\0\0\xbf\x03\0\0\0\0\0\0\x85\0\0\0\x70\0\0\0\x79\xa3\xc8\xff\0\0\0\0\x18\x01\0\
\0\x60\x03\0\0\0\0\0\0\0\0\0\0\xb7\x02\0\0\x1f\0\0\0\x85\0\0\0\x06\0\0\0\x61\
\xa1\xec\xff\0\0\0\0\x07\x01\0\0\x01\0\0\0\x63\x1a\xec\xff\0\0\0\0\xbf\xa2\0\0\
\0\0\0\0\x07\x02\0\0\xec\xff\xff\xff\x18\x01\0\0\0\0\0\0\0\0\0\0\0\0\0\0\x85\0\
\0\0\x01\0\0\0\x15\0\xe9\0\0\0\0\0\x61\x02\0\0\0\0\0\0\x7b\x7a\x90\xff\0\0\0\0\
\xbf\x71\0\0\0\0\0\0\xbf\x08\0\0\0\0\0\0\x85\x10\0\0\xff\xff\xff\xff\xbf\x01\0\
\0\0\0\0\0\xbf\x82\0\0\0\0\0\0\x85\x10\0\0\xff\xff\xff\xff\xbf\xa1\0\0\0\0\0\0\
\x07\x01\0\0\xc0\xff\xff\xff\xb7\x02\0\0\x08\0\0\0\xbf\x03\0\0\0\0\0\0\x85\0\0\
\0\x70\0\0\0\x79\xa3\xc0\xff\0\0\0\0\x18\x01\0\0\xa7\x03\0\0\0\0\0\0\0\0\0\0\
\xb7\x02\0\0\x20\0\0\0\x85\0\0\0\x06\0\0\0\xb7\x08\0\0\0\0\0\0\xbf\x69\0\0\0\0\
\0\0\x07\x09\0\0\xbc\0\0\0\x79\xa3\xc8\xff\0\0\0\0\x18\x07\0\0\xff\xff\xff\xff\
\0\0\0\0\0\0\0\0\xbf\x91\0\0\0\0\0\0\x0f\x81\0\0\0\0\0\0\x63\x71\0\0\0\0\0\0\
\x79\xa2\xc0\xff\0\0\0\0\x3d\x23\x07\0\0\0\0\0\xb7\x02\0\0\x04\0\0\0\x85\0\0\0\
\x70\0\0\0\x79\xa3\xc8\xff\0\0\0\0\x07\x03\0\0\x04\0\0\0\x7b\x3a\xc8\xff\0\0\0\
\0\x07\x08\0\0\x04\0\0\0\x55\x08\xf4\xff\x40\0\0\0\x61\xa1\xec\xff\0\0\0\0\x07\
\x01\0\0\x01\0\0\0\x63\x1a\xec\xff\0\0\0\0\xbf\xa2\0\0\0\0\0\0\x07\x02\0\0\xec\
\xff\xff\xff\x18\x01\0\0\0\0\0\0\0\0\0\0\0\0\0\0\x85\0\0\0\x01\0\0\0\x15\0\xc0\
\0\0\0\0\0\x61\x02\0\0\0\0\0\0\x79\xa7\x90\xff\0\0\0\0\xbf\x71\0\0\0\0\0\0\xbf\
\x08\0\0\0\0\0\0\x85\x10\0\0\xff\xff\xff\xff\xbf\x01\0\0\0\0\0\0\xbf\x82\0\0\0\
\0\0\0\x85\x10\0\0\xff\xff\xff\xff\xbf\xa1\0\0\0\0\0\0\x07\x01\0\0\xb8\xff\xff\
\xff\xb7\x02\0\0\x08\0\0\0\xbf\x03\0\0\0\0\0\0\x85\0\0\0\x70\0\0\0\x79\xa3\xb8\
\xff\0\0\0\0\x18\x01\0\0\xef\x03\0\0\0\0\0\0\0\0\0\0\xb7\x02\0\0\x21\0\0\0\x85\
\0\0\0\x06\0\0\0\x61\xa1\xec\xff\0\0\0\0\x07\x01\0\0\x01\0\0\0\x63\x1a\xec\xff\
\0\0\0\0\xbf\xa2\0\0\0\0\0\0\x07\x02\0\0\xec\xff\xff\xff\x18\x01\0\0\0\0\0\0\0\
\0\0\0\0\0\0\0\x85\0\0\0\x01\0\0\0\x15\0\xa9\0\0\0\0\0\x61\x02\0\0\0\0\0\0\xbf\
\x71\0\0\0\0\0\0\xbf\x07\0\0\0\0\0\0\x85\x10\0\0\xff\xff\xff\xff\xbf\x01\0\0\0\
\0\0\0\xbf\x72\0\0\0\0\0\0\x85\x10\0\0\xff\xff\xff\xff\xbf\x61\0\0\0\0\0\0\x07\
\x01\0\0\x18\x01\0\0\x7b\x1a\x90\xff\0\0\0\0\xb7\x02\0\0\x04\0\0\0\xbf\x03\0\0\
\0\0\0\0\x85\0\0\0\x70\0\0\0\x61\x63\x18\x01\0\0\0\0\x18\x01\0\0\x38\x04\0\0\0\
\0\0\0\0\0\0\0\xb7\x02\0\0\x1f\0\0\0\x85\0\0\0\x06\0\0\0\x61\x61\x18\x01\0\0\0\
\0\x57\x01\0\0\x03\0\0\0\x63\x16\x18\x01\0\0\0\0\xb7\x01\0\0\0\0\0\0\x7b\x16\0\
\x01\0\0\0\0\x7b\x16\x08\x01\0\0\0\0\xbf\x68\0\0\0\0\0\0\x07\x08\0\0\x1c\x01\0\
\0\xbf\x69\0\0\0\0\0\0\x07\x09\0\0\x10\x01\0\0\xbf\x61\0\0\0\0\0\0\x07\x01\0\0\
\x08\x01\0\0\x7b\x1a\x88\xff\0\0\0\0\x07\x06\0\0\0\x01\0\0\xb7\x07\0\0\0\0\0\0\
\x79\xa1\x90\xff\0\0\0\0\x61\x11\0\0\0\0\0\0\x3d\x17\x77\0\0\0\0\0\x79\xa3\xb8\
\xff\0\0\0\0\xbf\x91\0\0\0\0\0\0\xb7\x02\0\0\x02\0\0\0\x85\0\0\0\x70\0\0\0\x69\
\x91\0\0\0\0\0\0\x15\x01\x57\0\x01\x12\0\0\xbf\x12\0\0\0\0\0\0\x07\x02\0\0\xfd\
\xed\xff\xff\x25\x02\x01\0\x1d\0\0\0\x05\0\x4e\0\0\0\0\0\xbf\x12\0\0\0\0\0\0\
\x07\x02\0\0\xff\xdd\xff\xff\x25\x02\x04\0\x14\0\0\0\xb7\x03\0\0\x01\0\0\0\x6f\
\x23\0\0\0\0\0\0\x57\x03\0\0\x2b\0\x10\0\x55\x03\x4c\0\0\0\0\0\x15\x01\x01\0\
\x01\x14\0\0\x05\0\x5a\0\0\0\0\0\x18\x01\0\0\0\0\0\0\0\0\0\0\0\0\0\0\x61\x11\0\
\0\0\0\0\0\x79\xa3\xb8\xff\0\0\0\0\x0f\x13\0\0\0\0\0\0\xb7\x01\0\0\0\0\0\0\x73\
\x1a\xb7\xff\0\0\0\0\x73\x1a\xb6\xff\0\0\0\0\xbf\xa1\0\0\0\0\0\0\x07\x01\0\0\
\xb7\xff\xff\xff\xb7\x02\0\0\x01\0\0\0\x85\0\0\0\x70\0\0\0\x18\x01\0\0\0\0\0\0\
\0\0\0\0\0\0\0\0\x61\x11\0\0\0\0\0\0\x79\xa3\xb8\xff\0\0\0\0\x0f\x13\0\0\0\0\0\
\0\xbf\xa1\0\0\0\0\0\0\x07\x01\0\0\xb6\xff\xff\xff\xb7\x02\0\0\x01\0\0\0\x85\0\
\0\0\x70\0\0\0\x18\x01\0\0\0\0\0\0\0\0\0\0\0\0\0\0\x61\x11\0\0\0\0\0\0\x79\xa3\
\xb8\xff\0\0\0\0\x0f\x13\0\0\0\0\0\0\xb7\x01\0\0\0\0\0\0\x7b\x1a\xa8\xff\0\0\0\
\0\xbf\xa1\0\0\0\0\0\0\x07\x01\0\0\xa8\xff\xff\xff\xb7\x02\0\0\x08\0\0\0\x85\0\
\0\0\x70\0\0\0\x18\x01\0\0\0\0\0\0\0\0\0\0\0\0\0\0\x61\x11\0\0\0\0\0\0\x79\xa3\
\xa8\xff\0\0\0\0\x0f\x13\0\0\0\0\0\0\xb7\x01\0\0\0\0\0\0\x7b\x1a\xa0\xff\0\0\0\
\0\xbf\xa1\0\0\0\0\0\0\x07\x01\0\0\xa0\xff\xff\xff\xb7\x02\0\0\x08\0\0\0\x85\0\
\0\0\x70\0\0\0\xb7\x01\0\0\0\0\0\0\x7b\x1a\x98\xff\0\0\0\0\x18\x01\0\0\0\0\0\0\
\0\0\0\0\0\0\0\0\x61\x11\0\0\0\0\0\0\x79\xa3\xa0\xff\0\0\0\0\x0f\x13\0\0\0\0\0\
\0\xbf\xa1\0\0\0\0\0\0\x07\x01\0\0\x98\xff\xff\xff\xb7\x02\0\0\x08\0\0\0\x85\0\
\0\0\x70\0\0\0\x71\xa2\xb7\xff\0\0\0\0\x57\x02\0\0\x07\0\0\0\x73\x2a\xb7\xff\0\
\0\0\0\x79\xa3\x98\xff\0\0\0\0\xbf\x81\0\0\0\0\0\0\x85\0\0\0\x70\0\0\0\x71\xa1\
\xb7\xff\0\0\0\0\x79\xa3\x98\xff\0\0\0\0\x0f\x13\0\0\0\0\0\0\xbf\x81\0\0\0\0\0\
\0\x07\x01\0\0\x08\0\0\0\x71\xa2\xb6\xff\0\0\0\0\x57\x02\0\0\x1f\0\0\0\x73\x2a\
\xb6\xff\0\0\0\0\x05\0\x14\0\0\0\0\0\xb7\x03\0\0\x01\0\0\0\x6f\x23\0\0\0\0\0\0\
\x57\x03\0\0\x05\x41\0\x20\x55\x03\x01\0\0\0\0\0\x05\0\xad\xff\0\0\0\0\x18\x01\
\0\0\0\0\0\0\0\0\0\0\0\0\0\0\x61\x11\0\0\0\0\0\0\x79\xa3\xb8\xff\0\0\0\0\x0f\
\x13\0\0\0\0\0\0\xbf\x61\0\0\0\0\0\0\xb7\x02\0\0\x08\0\0\0\x85\0\0\0\x70\0\0\0\
\x18\x01\0\0\0\0\0\0\0\0\0\0\0\0\0\0\x61\x11\0\0\0\0\0\0\x79\xa3\xb8\xff\0\0\0\
\0\x0f\x13\0\0\0\0\0\0\x79\xa1\x88\xff\0\0\0\0\xb7\x02\0\0\x08\0\0\0\x85\0\0\0\
\x70\0\0\0\x18\x01\0\0\0\0\0\0\0\0\0\0\0\0\0\0\x61\x11\0\0\0\0\0\0\x79\xa2\xb8\
\xff\0\0\0\0\x0f\x12\0\0\0\0\0\0\x7b\x2a\xb8\xff\0\0\0\0\x07\x08\0\0\x28\0\0\0\
\x07\x09\0\0\x02\0\0\0\x07\x07\0\0\x01\0\0\0\x55\x07\x86\xff\x03\0\0\0\xb7\0\0\
\0\0\0\0\0\x95\0\0\0\0\0\0\0\x61\xa3\xec\xff\0\0\0\0\x18\x01\0\0\x7f\x03\0\0\0\
\0\0\0\0\0\0\0\x05\0\x0b\0\0\0\0\0\x61\xa3\xec\xff\0\0\0\0\x18\x01\0\0\xc7\x03\
\0\0\0\0\0\0\0\0\0\0\x05\0\x07\0\0\0\0\0\x61\xa3\xec\xff\0\0\0\0\x18\x01\0\0\
\x10\x04\0\0\0\0\0\0\0\0\0\0\x05\0\x03\0\0\0\0\0\x61\xa3\xec\xff\0\0\0\0\x18\
\x01\0\0\x57\x04\0\0\0\0\0\0\0\0\0\0\xb7\x02\0\0\x28\0\0\0\x85\0\0\0\x06\0\0\0\
\x05\0\xec\xff\0\0\0\0\xbf\x16\0\0\0\0\0\0\x18\x01\0\0\x7f\x04\0\0\0\0\0\0\0\0\
\0\0\xb7\x02\0\0\x1a\0\0\0\x85\0\0\0\x06\0\0\0\xb7\x01\0\0\x14\0\0\0\x63\x1a\
\xfc\xff\0\0\0\0\xb7\x01\0\0\0\0\0\0\x7b\x1a\xf0\xff\0\0\0\0\x7b\x1a\xe8\xff\0\
\0\0\0\xbf\xa2\0\0\0\0\0\0\x07\x02\0\0\xfc\xff\xff\xff\x18\x01\0\0\0\0\0\0\0\0\
\0\0\0\0\0\0\x85\0\0\0\x01\0\0\0\x15\0\x11\0\0\0\0\0\x61\x02\0\0\0\0\0\0\xbf\
\x61\0\0\0\0\0\0\xbf\x07\0\0\0\0\0\0\x85\x10\0\0\xff\xff\xff\xff\xbf\x01\0\0\0\
\0\0\0\xbf\x72\0\0\0\0\0\0\x85\x10\0\0\xff\xff\xff\xff\xbf\xa1\0\0\0\0\0\0\x07\
\x01\0\0\xf0\xff\xff\xff\xb7\x02\0\0\x08\0\0\0\xbf\x03\0\0\0\0\0\0\x85\0\0\0\
\x70\0\0\0\x79\xa3\xf0\xff\0\0\0\0\x18\x01\0\0\x99\x04\0\0\0\0\0\0\0\0\0\0\xb7\
\x02\0\0\x1f\0\0\0\x05\0\x04\0\0\0\0\0\x61\xa3\xfc\xff\0\0\0\0\x18\x01\0\0\xb8\
\x04\0\0\0\0\0\0\0\0\0\0\xb7\x02\0\0\x2a\0\0\0\x85\0\0\0\x06\0\0\0\x61\xa1\xfc\
\xff\0\0\0\0\x07\x01\0\0\x01\0\0\0\x63\x1a\xfc\xff\0\0\0\0\xbf\xa2\0\0\0\0\0\0\
\x07\x02\0\0\xfc\xff\xff\xff\x18\x01\0\0\0\0\0\0\0\0\0\0\0\0\0\0\x85\0\0\0\x01\
\0\0\0\x15\0\x11\0\0\0\0\0\x61\x02\0\0\0\0\0\0\xbf\x61\0\0\0\0\0\0\xbf\x06\0\0\
\0\0\0\0\x85\x10\0\0\xff\xff\xff\xff\xbf\x01\0\0\0\0\0\0\xbf\x62\0\0\0\0\0\0\
\x85\x10\0\0\xff\xff\xff\xff\xbf\xa1\0\0\0\0\0\0\x07\x01\0\0\xe8\xff\xff\xff\
\xb7\x02\0\0\x08\0\0\0\xbf\x03\0\0\0\0\0\0\x85\0\0\0\x70\0\0\0\x79\xa3\xe8\xff\
\0\0\0\0\x18\x01\0\0\xe2\x04\0\0\0\0\0\0\0\0\0\0\xb7\x02\0\0\x25\0\0\0\x05\0\
\x04\0\0\0\0\0\x61\xa3\xfc\xff\0\0\0\0\x18\x01\0\0\x07\x05\0\0\0\0\0\0\0\0\0\0\
\xb7\x02\0\0\x2a\0\0\0\x85\0\0\0\x06\0\0\0\xbf\xa2\0\0\0\0\0\0\x07\x02\0\0\xe8\
\xff\xff\xff\x18\x01\0\0\0\0\0\0\0\0\0\0\0\0\0\0\x85\0\0\0\x01\0\0\0\xbf\x06\0\
\0\0\0\0\0\x55\x06\x07\0\0\0\0\0\x79\xa4\xf0\xff\0\0\0\0\x79\xa3\xe8\xff\0\0\0\
\0\x18\x01\0\0\x31\x05\0\0\0\0\0\0\0\0\0\0\xb7\x02\0\0\x46\0\0\0\x85\0\0\0\x06\
\0\0\0\x05\0\x79\0\0\0\0\0\x85\0\0\0\x7d\0\0\0\x7b\x06\x20\0\0\0\0\0\x85\0\0\0\
\x0e\0\0\0\x77\0\0\0\x20\0\0\0\x63\x06\x2c\0\0\0\0\0\x18\x01\0\0\0\0\0\0\0\0\0\
\0\0\0\0\0\xb7\x02\0\0\x98\x01\0\0\xb7\x03\0\0\0\0\0\0\x85\0\0\0\x83\0\0\0\x15\
\0\x6e\0\0\0\0\0\x79\x61\x90\x01\0\0\0\0\x7b\x10\x90\x01\0\0\0\0\x79\x61\x88\
\x01\0\0\0\0\x7b\x10\x88\x01\0\0\0\0\x79\x61\x80\x01\0\0\0\0\x7b\x10\x80\x01\0\
\0\0\0\x79\x61\x78\x01\0\0\0\0\x7b\x10\x78\x01\0\0\0\0\x79\x61\x70\x01\0\0\0\0\
\x7b\x10\x70\x01\0\0\0\0\x79\x61\x68\x01\0\0\0\0\x7b\x10\x68\x01\0\0\0\0\x79\
\x61\x60\x01\0\0\0\0\x7b\x10\x60\x01\0\0\0\0\x79\x61\x58\x01\0\0\0\0\x7b\x10\
\x58\x01\0\0\0\0\x79\x61\x50\x01\0\0\0\0\x7b\x10\x50\x01\0\0\0\0\x79\x61\x48\
\x01\0\0\0\0\x7b\x10\x48\x01\0\0\0\0\x79\x61\x40\x01\0\0\0\0\x7b\x10\x40\x01\0\
\0\0\0\x79\x61\x38\x01\0\0\0\0\x7b\x10\x38\x01\0\0\0\0\x79\x61\x30\x01\0\0\0\0\
\x7b\x10\x30\x01\0\0\0\0\x79\x61\x28\x01\0\0\0\0\x7b\x10\x28\x01\0\0\0\0\x79\
\x61\x20\x01\0\0\0\0\x7b\x10\x20\x01\0\0\0\0\x79\x61\x18\x01\0\0\0\0\x7b\x10\
\x18\x01\0\0\0\0\x79\x61\x10\x01\0\0\0\0\x7b\x10\x10\x01\0\0\0\0\x79\x61\x08\
\x01\0\0\0\0\x7b\x10\x08\x01\0\0\0\0\x79\x61\0\x01\0\0\0\0\x7b\x10\0\x01\0\0\0\
\0\x79\x61\xf8\0\0\0\0\0\x7b\x10\xf8\0\0\0\0\0\x79\x61\xf0\0\0\0\0\0\x7b\x10\
\xf0\0\0\0\0\0\x79\x61\xe8\0\0\0\0\0\x7b\x10\xe8\0\0\0\0\0\x79\x61\xe0\0\0\0\0\
\0\x7b\x10\xe0\0\0\0\0\0\x79\x61\xd8\0\0\0\0\0\x7b\x10\xd8\0\0\0\0\0\x79\x61\
\xd0\0\0\0\0\0\x7b\x10\xd0\0\0\0\0\0\x79\x61\xc8\0\0\0\0\0\x7b\x10\xc8\0\0\0\0\
\0\x79\x61\xc0\0\0\0\0\0\x7b\x10\xc0\0\0\0\0\0\x79\x61\xb8\0\0\0\0\0\x7b\x10\
\xb8\0\0\0\0\0\x79\x61\xb0\0\0\0\0\0\x7b\x10\xb0\0\0\0\0\0\x79\x61\xa8\0\0\0\0\
\0\x7b\x10\xa8\0\0\0\0\0\x79\x61\xa0\0\0\0\0\0\x7b\x10\xa0\0\0\0\0\0\x79\x61\
\x98\0\0\0\0\0\x7b\x10\x98\0\0\0\0\0\x79\x61\x90\0\0\0\0\0\x7b\x10\x90\0\0\0\0\
\0\x79\x61\x88\0\0\0\0\0\x7b\x10\x88\0\0\0\0\0\x79\x61\x80\0\0\0\0\0\x7b\x10\
\x80\0\0\0\0\0\x79\x61\x78\0\0\0\0\0\x7b\x10\x78\0\0\0\0\0\x79\x61\x70\0\0\0\0\
\0\x7b\x10\x70\0\0\0\0\0\x79\x61\x68\0\0\0\0\0\x7b\x10\x68\0\0\0\0\0\x79\x61\
\x60\0\0\0\0\0\x7b\x10\x60\0\0\0\0\0\x79\x61\x58\0\0\0\0\0\x7b\x10\x58\0\0\0\0\
\0\x79\x61\x50\0\0\0\0\0\x7b\x10\x50\0\0\0\0\0\x79\x61\x48\0\0\0\0\0\x7b\x10\
\x48\0\0\0\0\0\x79\x61\x40\0\0\0\0\0\x7b\x10\x40\0\0\0\0\0\x79\x61\x38\0\0\0\0\
\0\x7b\x10\x38\0\0\0\0\0\x79\x61\x30\0\0\0\0\0\x7b\x10\x30\0\0\0\0\0\x79\x61\
\x28\0\0\0\0\0\x7b\x10\x28\0\0\0\0\0\x79\x61\x20\0\0\0\0\0\x7b\x10\x20\0\0\0\0\
\0\x79\x61\x18\0\0\0\0\0\x7b\x10\x18\0\0\0\0\0\x79\x61\x10\0\0\0\0\0\x7b\x10\
\x10\0\0\0\0\0\x79\x61\x08\0\0\0\0\0\x7b\x10\x08\0\0\0\0\0\x79\x61\0\0\0\0\0\0\
\x7b\x10\0\0\0\0\0\0\xbf\x01\0\0\0\0\0\0\xb7\x02\0\0\0\0\0\0\x85\0\0\0\x84\0\0\
\0\xbf\xa2\0\0\0\0\0\0\x07\x02\0\0\xe8\xff\xff\xff\x18\x01\0\0\0\0\0\0\0\0\0\0\
\0\0\0\0\x85\0\0\0\x03\0\0\0\xb7\0\0\0\0\0\0\0\x95\0\0\0\0\0\0\0\x66\x65\x74\
\x63\x68\x5f\x72\x65\x67\x69\x73\x74\x65\x72\x3a\x20\x75\x6e\x65\x78\x70\x65\
\x63\x74\x65\x64\x20\x78\x38\x36\x5f\x36\x34\x20\x72\x65\x67\x69\x73\x74\x65\
\x72\x20\x25\x64\x0a\0\x72\x65\x67\x20\x25\x64\x20\x6f\x66\x66\x73\x65\x74\x20\
\x25\x64\x20\x6f\x6e\x73\x74\x61\x63\x6b\x20\x25\x64\x0a\0\x66\x69\x65\x6c\x64\
\x20\x31\x20\x6f\x66\x66\x73\x65\x74\x20\x25\x64\x2c\x20\x70\x6f\x69\x6e\x74\
\x65\x72\x20\x25\x64\0\x66\x69\x65\x6c\x64\x20\x32\x20\x6f\x66\x66\x73\x65\x74\
\x20\x25\x64\x2c\x20\x70\x6f\x69\x6e\x74\x65\x72\x20\x25\x64\0\x66\x69\x65\x6c\
\x64\x20\x33\x20\x6f\x66\x66\x73\x65\x74\x20\x25\x64\x2c\x20\x70\x6f\x69\x6e\
\x74\x65\x72\x20\x25\x64\0\x66\x69\x65\x6c\x64\x20\x34\x20\x6f\x66\x66\x73\x65\
\x74\x20\x25\x64\x2c\x20\x70\x6f\x69\x6e\x74\x65\x72\x20\x25\x64\0\x66\x69\x65\
\x6c\x64\x20\x35\x20\x6f\x66\x66\x73\x65\x74\x20\x25\x64\x2c\x20\x70\x6f\x69\
\x6e\x74\x65\x72\x20\x25\x64\0\0\0\0\0\0\0\0\0\0\0\0\0\0\0\0\0\0\0\0\0\0\0\0\0\
\0\0\0\0\0\0\0\0\0\0\x45\x6e\x74\x65\x72\x65\x64\x20\x75\x70\x72\x6f\x62\x65\
\x5f\x73\x65\x6e\x64\x5f\x6f\x70\x0a\0\x75\x70\x72\x6f\x62\x65\x5f\x73\x65\x6e\
\x64\x5f\x6f\x70\x20\x67\x6f\x74\x20\x74\x69\x64\x20\x25\x6c\x6c\x64\x0a\0\x75\
\x70\x72\x6f\x62\x65\x5f\x73\x65\x6e\x64\x5f\x6f\x70\x20\x67\x6f\x74\x20\x4e\
\x55\x4c\x4c\x20\x76\x66\x20\x61\x74\x20\x76\x61\x72\x69\x64\x20\x25\x64\x0a\0\
\x75\x70\x72\x6f\x62\x65\x5f\x73\x65\x6e\x64\x5f\x6f\x70\x20\x67\x6f\x74\x20\
\x63\x6c\x69\x65\x6e\x74\x20\x69\x64\x20\x25\x6c\x6c\x64\x0a\0\x75\x70\x72\x6f\
\x62\x65\x5f\x73\x65\x6e\x64\x5f\x6f\x70\x20\x67\x6f\x74\x20\x4e\x55\x4c\x4c\
\x20\x76\x66\x20\x61\x74\x20\x76\x61\x72\x69\x64\x20\x25\x64\x0a\0\x75\x70\x72\
\x6f\x62\x65\x5f\x73\x65\x6e\x64\x5f\x6f\x70\x20\x67\x6f\x74\x20\x6f\x73\x64\
\x20\x69\x64\x20\x25\x6c\x6c\x64\x0a\0\x75\x70\x72\x6f\x62\x65\x5f\x73\x65\x6e\
\x64\x5f\x6f\x70\x20\x67\x6f\x74\x20\x4e\x55\x4c\x4c\x20\x76\x66\x20\x61\x74\
\x20\x76\x61\x72\x69\x64\x20\x25\x64\x0a\0\x75\x70\x72\x6f\x62\x65\x5f\x73\x65\
\x6e\x64\x5f\x6f\x70\x20\x67\x6f\x74\x20\x6e\x61\x6d\x65\x20\x6c\x65\x6e\x67\
\x74\x68\x20\x25\x64\x0a\0\x75\x70\x72\x6f\x62\x65\x5f\x73\x65\x6e\x64\x5f\x6f\
\x70\x20\x67\x6f\x74\x20\x4e\x55\x4c\x4c\x20\x76\x66\x20\x61\x74\x20\x76\x61\
\x72\x69\x64\x20\x25\x64\x0a\0\x75\x70\x72\x6f\x62\x65\x5f\x73\x65\x6e\x64\x5f\
\x6f\x70\x20\x67\x6f\x74\x20\x6e\x61\x6d\x65\x20\x62\x61\x73\x65\x20\x61\x64\
\x64\x72\x20\x25\x6c\x6c\x64\x0a\0\x75\x70\x72\x6f\x62\x65\x5f\x73\x65\x6e\x64\
\x5f\x6f\x70\x20\x67\x6f\x74\x20\x4e\x55\x4c\x4c\x20\x76\x66\x20\x61\x74\x20\
\x76\x61\x72\x69\x64\x20\x25\x64\x0a\0\x75\x70\x72\x6f\x62\x65\x5f\x73\x65\x6e\
\x64\x5f\x6f\x70\x20\x67\x6f\x74\x20\x66\x6c\x61\x67\x73\x20\x25\x64\x0a\0\x75\
\x70\x72\x6f\x62\x65\x5f\x73\x65\x6e\x64\x5f\x6f\x70\x20\x67\x6f\x74\x20\x4e\
\x55\x4c\x4c\x20\x76\x66\x20\x61\x74\x20\x76\x61\x72\x69\x64\x20\x25\x64\x0a\0\
\x75\x70\x72\x6f\x62\x65\x5f\x73\x65\x6e\x64\x5f\x6f\x70\x20\x67\x6f\x74\x20\
\x6d\x5f\x70\x6f\x6f\x6c\x20\x25\x64\x0a\0\x75\x70\x72\x6f\x62\x65\x5f\x73\x65\
\x6e\x64\x5f\x6f\x70\x20\x67\x6f\x74\x20\x4e\x55\x4c\x4c\x20\x76\x66\x20\x61\
\x74\x20\x76\x61\x72\x69\x64\x20\x25\x64\x0a\0\x75\x70\x72\x6f\x62\x65\x5f\x73\
\x65\x6e\x64\x5f\x6f\x70\x20\x67\x6f\x74\x20\x6d\x5f\x73\x65\x65\x64\x20\x25\
\x64\x0a\0\x75\x70\x72\x6f\x62\x65\x5f\x73\x65\x6e\x64\x5f\x6f\x70\x20\x67\x6f\
\x74\x20\x4e\x55\x4c\x4c\x20\x76\x66\x20\x61\x74\x20\x76\x61\x72\x69\x64\x20\
\x25\x64\x0a\0\x75\x70\x72\x6f\x62\x65\x5f\x73\x65\x6e\x64\x5f\x6f\x70\x20\x67\
\x6f\x74\x20\x4d\x5f\x73\x74\x61\x72\x74\x20\x25\x64\x0a\0\x75\x70\x72\x6f\x62\
\x65\x5f\x73\x65\x6e\x64\x5f\x6f\x70\x20\x67\x6f\x74\x20\x4e\x55\x4c\x4c\x20\
\x76\x66\x20\x61\x74\x20\x76\x61\x72\x69\x64\x20\x25\x64\x0a\0\x75\x70\x72\x6f\
\x62\x65\x5f\x73\x65\x6e\x64\x5f\x6f\x70\x20\x67\x6f\x74\x20\x6d\x5f\x66\x69\
\x6e\x69\x73\x68\x20\x25\x64\x0a\0\x75\x70\x72\x6f\x62\x65\x5f\x73\x65\x6e\x64\
\x5f\x6f\x70\x20\x67\x6f\x74\x20\x4e\x55\x4c\x4c\x20\x76\x66\x20\x61\x74\x20\
\x76\x61\x72\x69\x64\x20\x25\x64\x0a\0\x75\x70\x72\x6f\x62\x65\x5f\x73\x65\x6e\
\x64\x5f\x6f\x70\x20\x67\x6f\x74\x20\x6d\x5f\x73\x74\x61\x72\x74\x20\x25\x6c\
\x6c\x64\x0a\0\x75\x70\x72\x6f\x62\x65\x5f\x73\x65\x6e\x64\x5f\x6f\x70\x20\x67\
\x6f\x74\x20\x4e\x55\x4c\x4c\x20\x76\x66\x20\x61\x74\x20\x76\x61\x72\x69\x64\
\x20\x25\x64\x0a\0\x75\x70\x72\x6f\x62\x65\x5f\x73\x65\x6e\x64\x5f\x6f\x70\x20\
\x67\x6f\x74\x20\x6d\x5f\x73\x74\x61\x72\x74\x20\x25\x64\x0a\0\x75\x70\x72\x6f\
\x62\x65\x5f\x73\x65\x6e\x64\x5f\x6f\x70\x20\x67\x6f\x74\x20\x4e\x55\x4c\x4c\
\x20\x76\x66\x20\x61\x74\x20\x76\x61\x72\x69\x64\x20\x25\x64\x0a\0\x45\x6e\x74\
\x65\x72\x65\x64\x20\x75\x70\x72\x6f\x62\x65\x5f\x66\x69\x6e\x69\x73\x68\x5f\
\x6f\x70\x0a\0\x75\x70\x72\x6f\x62\x65\x5f\x66\x69\x6e\x69\x73\x68\x5f\x6f\x70\
\x20\x67\x6f\x74\x20\x74\x69\x64\x20\x25\x6c\x6c\x64\x0a\0\x75\x70\x72\x6f\x62\
\x65\x5f\x66\x69\x6e\x69\x73\x68\x5f\x6f\x70\x20\x67\x6f\x74\x20\x4e\x55\x4c\
\x4c\x20\x76\x66\x20\x61\x74\x20\x76\x61\x72\x69\x64\x20\x25\x64\x0a\0\x75\x70\
\x72\x6f\x62\x65\x5f\x66\x69\x6e\x69\x73\x68\x5f\x6f\x70\x20\x67\x6f\x74\x20\
\x63\x6c\x69\x65\x6e\x74\x20\x69\x64\x20\x25\x6c\x6c\x64\x0a\0\x75\x70\x72\x6f\
\x62\x65\x5f\x66\x69\x6e\x69\x73\x68\x5f\x6f\x70\x20\x67\x6f\x74\x20\x4e\x55\
\x4c\x4c\x20\x76\x66\x20\x61\x74\x20\x76\x61\x72\x69\x64\x20\x25\x64\x0a\0\x75\
\x70\x72\x6f\x62\x65\x5f\x66\x69\x6e\x69\x73\x68\x5f\x6f\x70\x2c\x20\x6e\x6f\
\x20\x70\x72\x65\x76\x69\x6f\x75\x73\x20\x73\x65\x6e\x64\x5f\x6f\x70\x20\x69\
\x6e\x66\x6f\x2c\x20\x63\x6c\x69\x65\x6e\x74\x20\x69\x64\x20\x25\x6c\x6c\x64\
\x2c\x20\x74\x69\x64\x20\x25\x6c\x6c\x64\x0a\0\x44\x75\x61\x6c\x20\x42\x53\x44\
\x2f\x47\x50\x4c\0\0\0\0\0\0\0\0\0\0\0\0\0\0\0\0\0\0\0\0\0\0\0\0\0\0\0\0\0\0\0\
\0\0\0\0\0\0\0\0\0\0\0\0\0\0\0\0\0\0\0\0\0\0\0\0\0\0\0\0\0\0\0\0\0\0\0\0\0\0\0\
\0\0\0\0\0\0\0\0\0\0\0\0\0\0\0\x38\x02\0\0\0\0\0\0\x01\0\0\0\x7a\0\0\0\x20\x08\
\0\0\0\0\0\0\x01\0\0\0\x7a\0\0\0\x78\x08\0\0\0\0\0\0\x01\0\0\0\x7a\0\0\0\xd0\
\x08\0\0\0\0\0\0\x01\0\0\0\x7a\0\0\0\x28\x09\0\0\0\0\0\0\x01\0\0\0\x7a\0\0\0\
\x80\x09\0\0\0\0\0\0\x01\0\0\0\x7a\0\0\0\xd8\x09\0\0\0\0\0\0\x01\0\0\0\x7a\0\0\
\0\x28\x0a\0\0\0\0\0\0\x01\0\0\0\x82\0\0\0\x38\x0a\0\0\0\0\0\0\x01\0\0\0\x7b\0\
\0\0\x08\0\0\0\0\0\0\0\x01\0\0\0\x7a\0\0\0\x58\0\0\0\0\0\0\0\x01\0\0\0\x84\0\0\
\0\x90\0\0\0\0\0\0\0\x0a\0\0\0\x7e\0\0\0\xa8\0\0\0\0\0\0\0\x0a\0\0\0\x7f\0\0\0\
\xe0\0\0\0\0\0\0\0\x01\0\0\0\x7a\0\0\0\x08\x01\0\0\0\0\0\0\x01\0\0\0\x7a\0\0\0\
\x50\x01\0\0\0\0\0\0\x01\0\0\0\x84\0\0\0\x88\x01\0\0\0\0\0\0\x0a\0\0\0\x7e\0\0\
\0\xa0\x01\0\0\0\0\0\0\x0a\0\0\0\x7f\0\0\0\xd8\x01\0\0\0\0\0\0\x01\0\0\0\x7a\0\
\0\0\0\x02\0\0\0\0\0\0\x01\0\0\0\x7a\0\0\0\x58\x02\0\0\0\0\0\0\x01\0\0\0\x82\0\
\0\0\x68\x02\0\0\0\0\0\0\x01\0\0\0\x7b\0\0\0\x98\x02\0\0\0\0\0\0\x01\0\0\0\x82\
\0\0\0\xb8\x04\0\0\0\0\0\0\x01\0\0\0\x84\0\0\0\xf0\x04\0\0\0\0\0\0\x0a\0\0\0\
\x7e\0\0\0\x08\x05\0\0\0\0\0\0\x0a\0\0\0\x7f\0\0\0\x40\x05\0\0\0\0\0\0\x01\0\0\
\0\x7a\0\0\0\x68\x05\0\0\0\0\0\0\x01\0\0\0\x7a\0\0\0\xb0\x05\0\0\0\0\0\0\x01\0\
\0\0\x84\0\0\0\xf8\x05\0\0\0\0\0\0\x0a\0\0\0\x7e\0\0\0\x10\x06\0\0\0\0\0\0\x0a\
\0\0\0\x7f\0\0\0\x48\x06\0\0\0\0\0\0\x01\0\0\0\x7a\0\0\0\x70\x06\0\0\0\0\0\0\
\x01\0\0\0\x7a\0\0\0\xb8\x06\0\0\0\0\0\0\x01\0\0\0\x84\0\0\0\0\x07\0\0\0\0\0\0\
\x0a\0\0\0\x7e\0\0\0\x18\x07\0\0\0\0\0\0\x0a\0\0\0\x7f\0\0\0\x50\x07\0\0\0\0\0\
\0\x01\0\0\0\x7a\0\0\0\x70\x07\0\0\0\0\0\0\x01\0\0\0\x7a\0\0\0\xf0\x07\0\0\0\0\
\0\0\x01\0\0\0\x84\0\0\0\x38\x08\0\0\0\0\0\0\x0a\0\0\0\x7e\0\0\0\x50\x08\0\0\0\
\0\0\0\x0a\0\0\0\x7f\0\0\0\x80\x08\0\0\0\0\0\0\x01\0\0\0\x7a\0\0\0\xa8\x08\0\0\
\0\0\0\0\x01\0\0\0\x7a\0\0\0\xf0\x08\0\0\0\0\0\0\x01\0\0\0\x84\0\0\0\x28\x09\0\
\0\0\0\0\0\x0a\0\0\0\x7e\0\0\0\x40\x09\0\0\0\0\0\0\x0a\0\0\0\x7f\0\0\0\x78\x09\
\0\0\0\0\0\0\x01\0\0\0\x7a\0\0\0\xa0\x09\0\0\0\0\0\0\x01\0\0\0\x7a\0\0\0\xe8\
\x09\0\0\0\0\0\0\x01\0\0\0\x84\0\0\0\x20\x0a\0\0\0\0\0\0\x0a\0\0\0\x7e\0\0\0\
\x38\x0a\0\0\0\0\0\0\x0a\0\0\0\x7f\0\0\0\x70\x0a\0\0\0\0\0\0\x01\0\0\0\x7a\0\0\
\0\x98\x0a\0\0\0\0\0\0\x01\0\0\0\x7a\0\0\0\xe0\x0a\0\0\0\0\0\0\x01\0\0\0\x84\0\
\0\0\x18\x0b\0\0\0\0\0\0\x0a\0\0\0\x7e\0\0\0\x30\x0b\0\0\0\0\0\0\x0a\0\0\0\x7f\
\0\0\0\x68\x0b\0\0\0\0\0\0\x01\0\0\0\x7a\0\0\0\xb0\x0b\0\0\0\0\0\0\x01\0\0\0\
\x84\0\0\0\xf0\x0b\0\0\0\0\0\0\x0a\0\0\0\x7e\0\0\0\x08\x0c\0\0\0\0\0\0\x0a\0\0\
\0\x7f\0\0\0\x40\x0c\0\0\0\0\0\0\x01\0\0\0\x7a\0\0\0\x18\x0d\0\0\0\0\0\0\x01\0\
\0\0\x84\0\0\0\x58\x0d\0\0\0\0\0\0\x0a\0\0\0\x7e\0\0\0\x70\x0d\0\0\0\0\0\0\x0a\
\0\0\0\x7f\0\0\0\xa8\x0d\0\0\0\0\0\0\x01\0\0\0\x7a\0\0\0\xf0\x0d\0\0\0\0\0\0\
\x01\0\0\0\x84\0\0\0\x28\x0e\0\0\0\0\0\0\x0a\0\0\0\x7e\0\0\0\x40\x0e\0\0\0\0\0\
\0\x0a\0\0\0\x7f\0\0\0\x80\x0e\0\0\0\0\0\0\x01\0\0\0\x7a\0\0\0\xc8\x0f\0\0\0\0\
\0\0\x01\0\0\0\x85\0\0\0\x28\x10\0\0\0\0\0\0\x01\0\0\0\x86\0\0\0\x70\x10\0\0\0\
\0\0\0\x01\0\0\0\x87\0\0\0\xc8\x10\0\0\0\0\0\0\x01\0\0\0\x88\0\0\0\x30\x11\0\0\
\0\0\0\0\x01\0\0\0\x89\0\0\0\x18\x12\0\0\0\0\0\0\x01\0\0\0\x8a\0\0\0\x58\x12\0\
\0\0\0\0\0\x01\0\0\0\x8b\0\0\0\x98\x12\0\0\0\0\0\0\x01\0\0\0\x8c\0\0\0\0\x13\0\
\0\0\0\0\0\x01\0\0\0\x7a\0\0\0\x20\x13\0\0\0\0\0\0\x01\0\0\0\x7a\0\0\0\x40\x13\
\0\0\0\0\0\0\x01\0\0\0\x7a\0\0\0\x60\x13\0\0\0\0\0\0\x01\0\0\0\x7a\0\0\0\x90\
\x13\0\0\0\0\0\0\x01\0\0\0\x7a\0\0\0\xe8\x13\0\0\0\0\0\0\x01\0\0\0\x84\0\0\0\
\x20\x14\0\0\0\0\0\0\x0a\0\0\0\x7e\0\0\0\x38\x14\0\0\0\0\0\0\x0a\0\0\0\x7f\0\0\
\0\x70\x14\0\0\0\0\0\0\x01\0\0\0\x7a\0\0\0\x98\x14\0\0\0\0\0\0\x01\0\0\0\x7a\0\
\0\0\xe0\x14\0\0\0\0\0\0\x01\0\0\0\x84\0\0\0\x18\x15\0\0\0\0\0\0\x0a\0\0\0\x7e\
\0\0\0\x30\x15\0\0\0\0\0\0\x0a\0\0\0\x7f\0\0\0\x68\x15\0\0\0\0\0\0\x01\0\0\0\
\x7a\0\0\0\x90\x15\0\0\0\0\0\0\x01\0\0\0\x7a\0\0\0\xc0\x15\0\0\0\0\0\0\x01\0\0\
\0\x82\0\0\0\xf8\x15\0\0\0\0\0\0\x01\0\0\0\x7a\0\0\0\x48\x16\0\0\0\0\0\0\x01\0\
\0\0\x8e\0\0\0\xd0\x19\0\0\0\0\0\0\x01\0\0\0\x82\0\0\0\x9f\xeb\x01\0\x18\0\0\0\
\0\0\0\0\xa8\x0d\0\0\xa8\x0d\0\0\x3e\x27\0\0\0\0\0\0\0\0\0\x02\x03\0\0\0\x01\0\
\0\0\0\0\0\x01\x04\0\0\0\x20\0\0\x01\0\0\0\0\0\0\0\x03\0\0\0\0\x02\0\0\0\x04\0\
\0\0\x01\0\0\0\x05\0\0\0\0\0\0\x01\x04\0\0\0\x20\0\0\0\0\0\0\0\0\0\0\x02\x06\0\
\0\0\x19\0\0\0\x02\0\0\x04\x10\0\0\0\x25\0\0\0\x07\0\0\0\0\0\0\0\x29\0\0\0\x07\
\0\0\0\x40\0\0\0\x2d\0\0\0\0\0\0\x08\x08\0\0\0\x33\0\0\0\0\0\0\x01\x08\0\0\0\
\x40\0\0\0\0\0\0\0\0\0\0\x02\x0a\0\0\0\x46\0\0\0\x10\0\0\x04\x98\x01\0\0\x25\0\
\0\0\x07\0\0\0\0\0\0\0\x29\0\0\0\x07\0\0\0\x40\0\0\0\x52\0\0\0\x0b\0\0\0\x80\0\
\0\0\x55\0\0\0\x07\0\0\0\xc0\0\0\0\x60\0\0\0\x07\0\0\0\0\x01\0\0\x6d\0\0\0\x0d\
\0\0\0\x40\x01\0\0\x78\0\0\0\x0d\0\0\0\x60\x01\0\0\x7c\0\0\0\x10\0\0\0\x80\x01\
\0\0\x88\0\0\0\x07\0\0\0\x80\x05\0\0\x8f\0\0\0\x0d\0\0\0\xc0\x05\0\0\x96\0\0\0\
\x11\0\0\0\xe0\x05\0\0\x9d\0\0\0\x07\0\0\0\0\x08\0\0\xa4\0\0\0\x07\0\0\0\x40\
\x08\0\0\xab\0\0\0\x12\0\0\0\x80\x08\0\0\xaf\0\0\0\x0d\0\0\0\xc0\x08\0\0\xb8\0\
\0\0\x17\0\0\0\xe0\x08\0\0\xc0\0\0\0\0\0\0\x08\x0c\0\0\0\xc6\0\0\0\0\0\0\x01\
\x02\0\0\0\x10\0\0\0\xd5\0\0\0\0\0\0\x08\x0e\0\0\0\xdb\0\0\0\0\0\0\x01\x04\0\0\
\0\x20\0\0\0\xe8\0\0\0\0\0\0\x01\x01\0\0\0\x08\0\0\x01\0\0\0\0\0\0\0\x03\0\0\0\
\0\x0f\0\0\0\x04\0\0\0\x80\0\0\0\0\0\0\0\0\0\0\x03\0\0\0\0\x02\0\0\0\x04\0\0\0\
\x10\0\0\0\0\0\0\0\0\0\0\x03\0\0\0\0\x0b\0\0\0\x04\0\0\0\x03\0\0\0\xed\0\0\0\0\
\0\0\x08\x14\0\0\0\xf6\0\0\0\x02\0\0\x04\x28\0\0\0\xfd\0\0\0\x15\0\0\0\0\0\0\0\
\x06\x01\0\0\x16\0\0\0\x40\0\0\0\0\0\0\0\0\0\0\x03\0\0\0\0\x0f\0\0\0\x04\0\0\0\
\x08\0\0\0\0\0\0\0\0\0\0\x03\0\0\0\0\x0f\0\0\0\x04\0\0\0\x20\0\0\0\0\0\0\0\0\0\
\0\x03\0\0\0\0\x13\0\0\0\x04\0\0\0\x03\0\0\0\0\0\0\0\0\0\0\x02\x19\0\0\0\0\0\0\
\0\0\0\0\x03\0\0\0\0\x02\0\0\0\x04\0\0\0\0\x20\0\0\0\0\0\0\x04\0\0\x04\x20\0\0\
\0\x12\x01\0\0\x01\0\0\0\0\0\0\0\x17\x01\0\0\x05\0\0\0\x40\0\0\0\x1b\x01\0\0\
\x09\0\0\0\x80\0\0\0\x21\x01\0\0\x18\0\0\0\xc0\0\0\0\xab\0\0\0\0\0\0\x0e\x1a\0\
\0\0\x01\0\0\0\0\0\0\0\0\0\0\x02\x02\0\0\0\0\0\0\0\0\0\0\x02\x1e\0\0\0\x2d\x01\
\0\0\x03\0\0\x04\x60\0\0\0\x36\x01\0\0\x1f\0\0\0\0\0\0\0\x3d\x01\0\0\x23\0\0\0\
\x60\0\0\0\x44\x01\0\0\x02\0\0\0\xe0\x02\0\0\x49\x01\0\0\0\0\0\x08\x20\0\0\0\
\x49\x01\0\0\x03\0\0\x04\x0c\0\0\0\x55\x01\0\0\x02\0\0\0\0\0\0\0\x9d\0\0\0\x02\
\0\0\0\x20\0\0\0\x59\x01\0\0\x21\0\0\0\x40\0\0\0\x5f\x01\0\0\0\0\0\x01\x01\0\0\
\0\x08\0\0\x04\x65\x01\0\0\x02\0\0\x04\x08\0\0\0\x9d\0\0\0\x02\0\0\0\0\0\0\0\
\x6b\x01\0\0\x21\0\0\0\x20\0\0\0\0\0\0\0\0\0\0\x03\0\0\0\0\x22\0\0\0\x04\0\0\0\
\x0a\0\0\0\0\0\0\0\x04\0\0\x04\x20\0\0\0\x12\x01\0\0\x01\0\0\0\0\0\0\0\x17\x01\
\0\0\x1c\0\0\0\x40\0\0\0\x1b\x01\0\0\x1d\0\0\0\x80\0\0\0\x21\x01\0\0\x18\0\0\0\
\xc0\0\0\0\x73\x01\0\0\0\0\0\x0e\x24\0\0\0\x01\0\0\0\0\0\0\0\0\0\0\x02\x27\0\0\
\0\0\0\0\0\0\0\0\x03\0\0\0\0\x02\0\0\0\x04\0\0\0\x1b\0\0\0\0\0\0\0\0\0\0\x02\
\x29\0\0\0\0\0\0\0\0\0\0\x03\0\0\0\0\x02\0\0\0\x04\0\0\0\0\0\x04\0\0\0\0\0\x02\
\0\0\x04\x10\0\0\0\x12\x01\0\0\x26\0\0\0\0\0\0\0\x21\x01\0\0\x28\0\0\0\x40\0\0\
\0\x7b\x01\0\0\0\0\0\x0e\x2a\0\0\0\x01\0\0\0\0\0\0\0\0\0\0\x0d\x0d\0\0\0\x7e\
\x01\0\0\x01\0\0\x0c\x2c\0\0\0\x86\x01\0\0\x01\0\0\x0c\x2c\0\0\0\0\0\0\0\0\0\0\
\x0a\x30\0\0\0\0\0\0\0\0\0\0\x02\x31\0\0\0\0\0\0\0\0\0\0\x0a\x32\0\0\0\x8e\x01\
\0\0\x15\0\0\x04\xa8\0\0\0\x96\x01\0\0\x33\0\0\0\0\0\0\0\x9a\x01\0\0\x33\0\0\0\
\x40\0\0\0\x9e\x01\0\0\x33\0\0\0\x80\0\0\0\xa2\x01\0\0\x33\0\0\0\xc0\0\0\0\xa6\
\x01\0\0\x33\0\0\0\0\x01\0\0\xaa\x01\0\0\x33\0\0\0\x40\x01\0\0\xae\x01\0\0\x33\
\0\0\0\x80\x01\0\0\xb2\x01\0\0\x33\0\0\0\xc0\x01\0\0\xb6\x01\0\0\x33\0\0\0\0\
\x02\0\0\xb9\x01\0\0\x33\0\0\0\x40\x02\0\0\xbc\x01\0\0\x33\0\0\0\x80\x02\0\0\
\xc0\x01\0\0\x33\0\0\0\xc0\x02\0\0\xc4\x01\0\0\x33\0\0\0\0\x03\0\0\xc8\x01\0\0\
\x33\0\0\0\x40\x03\0\0\xcc\x01\0\0\x33\0\0\0\x80\x03\0\0\xd0\x01\0\0\x33\0\0\0\
\xc0\x03\0\0\xd9\x01\0\0\x33\0\0\0\0\x04\0\0\xdd\x01\0\0\x33\0\0\0\x40\x04\0\0\
\xe0\x01\0\0\x33\0\0\0\x80\x04\0\0\xe7\x01\0\0\x33\0\0\0\xc0\x04\0\0\xeb\x01\0\
\0\x33\0\0\0\0\x05\0\0\xee\x01\0\0\0\0\0\x01\x08\0\0\0\x40\0\0\0\0\0\0\0\x02\0\
\0\x0d\x07\0\0\0\xfc\x01\0\0\x2f\0\0\0\x55\x01\0\0\x02\0\0\0\0\x02\0\0\x01\0\0\
\x0c\x34\0\0\0\0\0\0\0\x02\0\0\x0d\x07\0\0\0\x0f\x02\0\0\x07\0\0\0\x18\x02\0\0\
\x1d\0\0\0\x1b\x02\0\0\x01\0\0\x0c\x36\0\0\0\0\0\0\0\x01\0\0\x0d\x02\0\0\0\x18\
\x02\0\0\x1d\0\0\0\x31\x02\0\0\x01\0\0\x0c\x38\0\0\0\0\0\0\0\x01\0\0\x0d\0\0\0\
\0\x17\x01\0\0\x06\0\0\0\x3a\x02\0\0\x01\0\0\x0c\x3a\0\0\0\0\0\0\0\0\0\0\x02\
\x32\0\0\0\0\0\0\0\x01\0\0\x0d\x02\0\0\0\xfc\x01\0\0\x3c\0\0\0\x4b\x02\0\0\x01\
\0\0\x0c\x3d\0\0\0\x5a\x02\0\0\x01\0\0\x0c\x3d\0\0\0\0\0\0\0\0\0\0\x0a\x0f\0\0\
\0\0\0\0\0\0\0\0\x03\0\0\0\0\x40\0\0\0\x04\0\0\0\x2f\0\0\0\x6b\x02\0\0\0\0\0\
\x0e\x41\0\0\0\0\0\0\0\0\0\0\0\0\0\0\x03\0\0\0\0\x40\0\0\0\x04\0\0\0\x1d\0\0\0\
\x82\x02\0\0\0\0\0\x0e\x43\0\0\0\0\0\0\0\0\0\0\0\0\0\0\x03\0\0\0\0\x40\0\0\0\
\x04\0\0\0\x1e\0\0\0\x93\x02\0\0\0\0\0\x0e\x45\0\0\0\0\0\0\0\xa6\x02\0\0\0\0\0\
\x0e\x45\0\0\0\0\0\0\0\xb9\x02\0\0\0\0\0\x0e\x45\0\0\0\0\0\0\0\xcc\x02\0\0\0\0\
\0\x0e\x45\0\0\0\0\0\0\0\xdf\x02\0\0\0\0\0\x0e\x45\0\0\0\0\0\0\0\0\0\0\0\0\0\0\
\x03\0\0\0\0\x0f\0\0\0\x04\0\0\0\x0d\0\0\0\xf2\x02\0\0\0\0\0\x0e\x4b\0\0\0\x01\
\0\0\0\0\0\0\0\0\0\0\x0a\x4e\0\0\0\0\0\0\0\0\0\0\x09\x0d\0\0\0\xfa\x02\0\0\0\0\
\0\x0e\x4d\0\0\0\x01\0\0\0\x0b\x03\0\0\0\0\0\x0e\x4d\0\0\0\x01\0\0\0\x2c\x03\0\
\0\0\0\0\x0e\x4d\0\0\0\x01\0\0\0\x4d\x03\0\0\0\0\0\x0e\x4d\0\0\0\x01\0\0\0\x6a\
\x03\0\0\0\0\0\x0e\x4d\0\0\0\x01\0\0\0\x88\x03\0\0\0\0\0\x0e\x4d\0\0\0\x01\0\0\
\0\xab\x03\0\0\0\0\0\x0e\x4d\0\0\0\x01\0\0\0\xc9\x03\0\0\0\0\0\x0e\x4d\0\0\0\
\x01\0\0\0\xe8\x03\0\0\0\0\0\x0e\x0a\0\0\0\0\0\0\0\0\0\0\0\0\0\0\x03\0\0\0\0\
\x40\0\0\0\x04\0\0\0\x18\0\0\0\xf1\x03\0\0\0\0\0\x0e\x58\0\0\0\0\0\0\0\x08\x04\
\0\0\0\0\0\x0e\x43\0\0\0\0\0\0\0\0\0\0\0\0\0\0\x03\0\0\0\0\x40\0\0\0\x04\0\0\0\
\x28\0\0\0\x21\x04\0\0\0\0\0\x0e\x5b\0\0\0\0\0\0\0\0\0\0\0\0\0\0\x03\0\0\0\0\
\x40\0\0\0\x04\0\0\0\x23\0\0\0\x3a\x04\0\0\0\0\0\x0e\x5d\0\0\0\0\0\0\0\x53\x04\
\0\0\0\0\0\x0e\x5b\0\0\0\0\0\0\0\0\0\0\0\0\0\0\x03\0\0\0\0\x40\0\0\0\x04\0\0\0\
\x20\0\0\0\x6c\x04\0\0\0\0\0\x0e\x60\0\0\0\0\0\0\0\x86\x04\0\0\0\0\0\x0e\x5b\0\
\0\0\0\0\0\0\xa0\x04\0\0\0\0\0\x0e\x5d\0\0\0\0\0\0\0\xba\x04\0\0\0\0\0\x0e\x5b\
\0\0\0\0\0\0\0\xd4\x04\0\0\0\0\0\x0e\x5b\0\0\0\0\0\0\0\xee\x04\0\0\0\0\0\x0e\
\x5b\0\0\0\0\0\0\0\x08\x05\0\0\0\0\0\x0e\x43\0\0\0\0\0\0\0\x22\x05\0\0\0\0\0\
\x0e\x5b\0\0\0\0\0\0\0\x3c\x05\0\0\0\0\0\x0e\x45\0\0\0\0\0\0\0\x56\x05\0\0\0\0\
\0\x0e\x5b\0\0\0\0\0\0\0\x70\x05\0\0\0\0\0\x0e\x45\0\0\0\0\0\0\0\x8a\x05\0\0\0\
\0\0\x0e\x5b\0\0\0\0\0\0\0\0\0\0\0\0\0\0\x03\0\0\0\0\x40\0\0\0\x04\0\0\0\x1f\0\
\0\0\xa4\x05\0\0\0\0\0\x0e\x6d\0\0\0\0\0\0\0\xbe\x05\0\0\0\0\0\x0e\x5b\0\0\0\0\
\0\0\0\xd8\x05\0\0\0\0\0\x0e\x60\0\0\0\0\0\0\0\xf2\x05\0\0\0\0\0\x0e\x5b\0\0\0\
\0\0\0\0\0\0\0\0\0\0\0\x03\0\0\0\0\x40\0\0\0\x04\0\0\0\x21\0\0\0\x0c\x06\0\0\0\
\0\0\x0e\x72\0\0\0\0\0\0\0\x26\x06\0\0\0\0\0\x0e\x5b\0\0\0\0\0\0\0\x40\x06\0\0\
\0\0\0\x0e\x6d\0\0\0\0\0\0\0\x5a\x06\0\0\0\0\0\x0e\x5b\0\0\0\0\0\0\0\0\0\0\0\0\
\0\0\x03\0\0\0\0\x40\0\0\0\x04\0\0\0\x1a\0\0\0\x74\x06\0\0\0\0\0\x0e\x77\0\0\0\
\0\0\0\0\x8d\x06\0\0\0\0\0\x0e\x6d\0\0\0\0\0\0\0\0\0\0\0\0\0\0\x03\0\0\0\0\x40\
\0\0\0\x04\0\0\0\x2a\0\0\0\xa9\x06\0\0\0\0\0\x0e\x7a\0\0\0\0\0\0\0\0\0\0\0\0\0\
\0\x03\0\0\0\0\x40\0\0\0\x04\0\0\0\x25\0\0\0\xc5\x06\0\0\0\0\0\x0e\x7c\0\0\0\0\
\0\0\0\xe1\x06\0\0\0\0\0\x0e\x7a\0\0\0\0\0\0\0\0\0\0\0\0\0\0\x03\0\0\0\0\x40\0\
\0\0\x04\0\0\0\x46\0\0\0\xfd\x06\0\0\0\0\0\x0e\x7f\0\0\0\0\0\0\0\x16\x27\0\0\
\x2e\0\0\x0f\x77\x05\0\0\x42\0\0\0\0\0\0\0\x2f\0\0\0\x44\0\0\0\x2f\0\0\0\x1d\0\
\0\0\x46\0\0\0\x4c\0\0\0\x1e\0\0\0\x47\0\0\0\x6a\0\0\0\x1e\0\0\0\x48\0\0\0\x88\
\0\0\0\x1e\0\0\0\x49\0\0\0\xa6\0\0\0\x1e\0\0\0\x4a\0\0\0\xc4\0\0\0\x1e\0\0\0\
\x4f\0\0\0\xe4\0\0\0\x04\0\0\0\x50\0\0\0\xe8\0\0\0\x04\0\0\0\x51\0\0\0\xec\0\0\
\0\x04\0\0\0\x52\0\0\0\xf0\0\0\0\x04\0\0\0\x53\0\0\0\xf4\0\0\0\x04\0\0\0\x54\0\
\0\0\xf8\0\0\0\x04\0\0\0\x55\0\0\0\xfc\0\0\0\x04\0\0\0\x56\0\0\0\0\x01\0\0\x04\
\0\0\0\x59\0\0\0\x04\x01\0\0\x18\0\0\0\x5a\0\0\0\x1c\x01\0\0\x1d\0\0\0\x5c\0\0\
\0\x39\x01\0\0\x28\0\0\0\x5e\0\0\0\x61\x01\0\0\x23\0\0\0\x5f\0\0\0\x84\x01\0\0\
\x28\0\0\0\x61\0\0\0\xac\x01\0\0\x20\0\0\0\x62\0\0\0\xcc\x01\0\0\x28\0\0\0\x63\
\0\0\0\xf4\x01\0\0\x23\0\0\0\x64\0\0\0\x17\x02\0\0\x28\0\0\0\x65\0\0\0\x3f\x02\
\0\0\x28\0\0\0\x66\0\0\0\x67\x02\0\0\x28\0\0\0\x67\0\0\0\x8f\x02\0\0\x1d\0\0\0\
\x68\0\0\0\xac\x02\0\0\x28\0\0\0\x69\0\0\0\xd4\x02\0\0\x1e\0\0\0\x6a\0\0\0\xf2\
\x02\0\0\x28\0\0\0\x6b\0\0\0\x1a\x03\0\0\x1e\0\0\0\x6c\0\0\0\x38\x03\0\0\x28\0\
\0\0\x6e\0\0\0\x60\x03\0\0\x1f\0\0\0\x6f\0\0\0\x7f\x03\0\0\x28\0\0\0\x70\0\0\0\
\xa7\x03\0\0\x20\0\0\0\x71\0\0\0\xc7\x03\0\0\x28\0\0\0\x73\0\0\0\xef\x03\0\0\
\x21\0\0\0\x74\0\0\0\x10\x04\0\0\x28\0\0\0\x75\0\0\0\x38\x04\0\0\x1f\0\0\0\x76\
\0\0\0\x57\x04\0\0\x28\0\0\0\x78\0\0\0\x7f\x04\0\0\x1a\0\0\0\x79\0\0\0\x99\x04\
\0\0\x1f\0\0\0\x7b\0\0\0\xb8\x04\0\0\x2a\0\0\0\x7d\0\0\0\xe2\x04\0\0\x25\0\0\0\
\x7e\0\0\0\x07\x05\0\0\x2a\0\0\0\x80\0\0\0\x31\x05\0\0\x46\0\0\0\x1e\x27\0\0\
\x01\0\0\x0f\x0d\0\0\0\x4c\0\0\0\0\0\0\0\x0d\0\0\0\x26\x27\0\0\x03\0\0\x0f\x50\
\0\0\0\x1b\0\0\0\0\0\0\0\x20\0\0\0\x25\0\0\0\x20\0\0\0\x20\0\0\0\x2b\0\0\0\x40\
\0\0\0\x10\0\0\0\x2c\x27\0\0\x01\0\0\x0f\x98\x01\0\0\x57\0\0\0\0\0\0\0\x98\x01\
\0\0\0\x69\x6e\x74\0\x5f\x5f\x41\x52\x52\x41\x59\x5f\x53\x49\x5a\x45\x5f\x54\
\x59\x50\x45\x5f\x5f\0\x63\x6c\x69\x65\x6e\x74\x5f\x6f\x70\x5f\x6b\0\x63\x69\
\x64\0\x74\x69\x64\0\x5f\x5f\x75\x36\x34\0\x75\x6e\x73\x69\x67\x6e\x65\x64\x20\
\x6c\x6f\x6e\x67\x20\x6c\x6f\x6e\x67\0\x63\x6c\x69\x65\x6e\x74\x5f\x6f\x70\x5f\
\x76\0\x72\x77\0\x73\x65\x6e\x74\x5f\x73\x74\x61\x6d\x70\0\x66\x69\x6e\x69\x73\
\x68\x5f\x73\x74\x61\x6d\x70\0\x74\x61\x72\x67\x65\x74\x5f\x6f\x73\x64\0\x70\
\x69\x64\0\x6f\x62\x6a\x65\x63\x74\x5f\x6e\x61\x6d\x65\0\x6d\x5f\x70\x6f\x6f\
\x6c\0\x6d\x5f\x73\x65\x65\x64\0\x61\x63\x74\x69\x6e\x67\0\x6f\x66\x66\x73\x65\
\x74\0\x6c\x65\x6e\x67\x74\x68\0\x6f\x70\x73\0\x6f\x70\x73\x5f\x73\x69\x7a\x65\
\0\x63\x6c\x73\x5f\x6f\x70\x73\0\x5f\x5f\x75\x31\x36\0\x75\x6e\x73\x69\x67\x6e\
\x65\x64\x20\x73\x68\x6f\x72\x74\0\x5f\x5f\x75\x33\x32\0\x75\x6e\x73\x69\x67\
\x6e\x65\x64\x20\x69\x6e\x74\0\x63\x68\x61\x72\0\x63\x6c\x73\x5f\x6f\x70\x5f\
\x74\0\x63\x6c\x73\x5f\x6f\x70\0\x63\x6c\x73\x5f\x6e\x61\x6d\x65\0\x6d\x65\x74\
\x68\x6f\x64\x5f\x6e\x61\x6d\x65\0\x74\x79\x70\x65\0\x6b\x65\x79\0\x76\x61\x6c\
\x75\x65\0\x6d\x61\x78\x5f\x65\x6e\x74\x72\x69\x65\x73\0\x56\x61\x72\x46\x69\
\x65\x6c\x64\0\x76\x61\x72\x6c\x6f\x63\0\x66\x69\x65\x6c\x64\x73\0\x73\x69\x7a\
\x65\0\x56\x61\x72\x4c\x6f\x63\x61\x74\x69\x6f\x6e\0\x72\x65\x67\0\x73\x74\x61\
\x63\x6b\0\x5f\x42\x6f\x6f\x6c\0\x46\x69\x65\x6c\x64\0\x70\x6f\x69\x6e\x74\x65\
\x72\0\x68\x70\x72\x6f\x62\x65\x73\0\x72\x62\0\x67\x65\x74\x5f\x70\x69\x64\0\
\x67\x65\x74\x5f\x74\x69\x64\0\x70\x74\x5f\x72\x65\x67\x73\0\x72\x31\x35\0\x72\
\x31\x34\0\x72\x31\x33\0\x72\x31\x32\0\x72\x62\x70\0\x72\x62\x78\0\x72\x31\x31\
\0\x72\x31\x30\0\x72\x39\0\x72\x38\0\x72\x61\x78\0\x72\x63\x78\0\x72\x64\x78\0\
\x72\x73\x69\0\x72\x64\x69\0\x6f\x72\x69\x67\x5f\x72\x61\x78\0\x72\x69\x70\0\
\x63\x73\0\x65\x66\x6c\x61\x67\x73\0\x72\x73\x70\0\x73\x73\0\x75\x6e\x73\x69\
\x67\x6e\x65\x64\x20\x6c\x6f\x6e\x67\0\x63\x74\x78\0\x66\x65\x74\x63\x68\x5f\
\x72\x65\x67\x69\x73\x74\x65\x72\0\x63\x75\x72\x5f\x61\x64\x64\x72\0\x76\x66\0\
\x66\x65\x74\x63\x68\x5f\x76\x61\x72\x5f\x6d\x65\x6d\x62\x65\x72\x5f\x61\x64\
\x64\x72\0\x70\x72\x69\x6e\x74\x5f\x76\x66\0\x69\x6e\x69\x74\x69\x61\x6c\x69\
\x7a\x65\x5f\x76\x61\x6c\x75\x65\0\x75\x70\x72\x6f\x62\x65\x5f\x73\x65\x6e\x64\
\x5f\x6f\x70\0\x75\x70\x72\x6f\x62\x65\x5f\x66\x69\x6e\x69\x73\x68\x5f\x6f\x70\
\0\x66\x65\x74\x63\x68\x5f\x72\x65\x67\x69\x73\x74\x65\x72\x2e\x5f\x5f\x5f\x5f\
\x66\x6d\x74\0\x70\x72\x69\x6e\x74\x5f\x76\x66\x2e\x5f\x5f\x5f\x5f\x66\x6d\x74\
\0\x70\x72\x69\x6e\x74\x5f\x76\x66\x2e\x5f\x5f\x5f\x5f\x66\x6d\x74\x2e\x31\0\
\x70\x72\x69\x6e\x74\x5f\x76\x66\x2e\x5f\x5f\x5f\x5f\x66\x6d\x74\x2e\x32\0\x70\
\x72\x69\x6e\x74\x5f\x76\x66\x2e\x5f\x5f\x5f\x5f\x66\x6d\x74\x2e\x33\0\x70\x72\
\x69\x6e\x74\x5f\x76\x66\x2e\x5f\x5f\x5f\x5f\x66\x6d\x74\x2e\x34\0\x70\x72\x69\
\x6e\x74\x5f\x76\x66\x2e\x5f\x5f\x5f\x5f\x66\x6d\x74\x2e\x35\0\x4c\x49\x43\x45\
\x4e\x53\x45\0\x43\x45\x50\x48\x5f\x4f\x53\x44\x5f\x4f\x50\x5f\x53\x49\x5a\x45\
\0\x43\x45\x50\x48\x5f\x4f\x53\x44\x5f\x4f\x50\x5f\x45\x58\x54\x45\x4e\x54\x5f\
\x4f\x46\x46\x53\x45\x54\x5f\x4f\x46\x46\x53\x45\x54\0\x43\x45\x50\x48\x5f\x4f\
\x53\x44\x5f\x4f\x50\x5f\x45\x58\x54\x45\x4e\x54\x5f\x4c\x45\x4e\x47\x54\x48\
\x5f\x4f\x46\x46\x53\x45\x54\0\x43\x45\x50\x48\x5f\x4f\x53\x44\x5f\x4f\x50\x5f\
\x43\x4c\x53\x5f\x43\x4c\x41\x53\x53\x5f\x4f\x46\x46\x53\x45\x54\0\x43\x45\x50\
\x48\x5f\x4f\x53\x44\x5f\x4f\x50\x5f\x43\x4c\x53\x5f\x4d\x45\x54\x48\x4f\x44\
\x5f\x4f\x46\x46\x53\x45\x54\0\x43\x45\x50\x48\x5f\x4f\x53\x44\x5f\x4f\x50\x5f\
\x42\x55\x46\x46\x45\x52\x5f\x43\x41\x52\x52\x49\x41\x47\x45\x5f\x4f\x46\x46\
\x53\x45\x54\0\x43\x45\x50\x48\x5f\x4f\x53\x44\x5f\x4f\x50\x5f\x42\x55\x46\x46\
\x45\x52\x5f\x52\x41\x57\x5f\x4f\x46\x46\x53\x45\x54\0\x43\x45\x50\x48\x5f\x4f\
\x53\x44\x5f\x4f\x50\x5f\x42\x55\x46\x46\x45\x52\x5f\x44\x41\x54\x41\x5f\x4f\
\x46\x46\x53\x45\x54\0\x7a\x65\x72\x6f\x5f\x76\x61\x6c\0\x75\x70\x72\x6f\x62\
\x65\x5f\x73\x65\x6e\x64\x5f\x6f\x70\x2e\x5f\x5f\x5f\x5f\x66\x6d\x74\0\x75\x70\
\x72\x6f\x62\x65\x5f\x73\x65\x6e\x64\x5f\x6f\x70\x2e\x5f\x5f\x5f\x5f\x66\x6d\
\x74\x2e\x36\0\x75\x70\x72\x6f\x62\x65\x5f\x73\x65\x6e\x64\x5f\x6f\x70\x2e\x5f\
\x5f\x5f\x5f\x66\x6d\x74\x2e\x37\0\x75\x70\x72\x6f\x62\x65\x5f\x73\x65\x6e\x64\
\x5f\x6f\x70\x2e\x5f\x5f\x5f\x5f\x66\x6d\x74\x2e\x38\0\x75\x70\x72\x6f\x62\x65\
\x5f\x73\x65\x6e\x64\x5f\x6f\x70\x2e\x5f\x5f\x5f\x5f\x66\x6d\x74\x2e\x39\0\x75\
\x70\x72\x6f\x62\x65\x5f\x73\x65\x6e\x64\x5f\x6f\x70\x2e\x5f\x5f\x5f\x5f\x66\
\x6d\x74\x2e\x31\x30\0\x75\x70\x72\x6f\x62\x65\x5f\x73\x65\x6e\x64\x5f\x6f\x70\
\x2e\x5f\x5f\x5f\x5f\x66\x6d\x74\x2e\x31\x31\0\x75\x70\x72\x6f\x62\x65\x5f\x73\
\x65\x6e\x64\x5f\x6f\x70\x2e\x5f\x5f\x5f\x5f\x66\x6d\x74\x2e\x31\x32\0\x75\x70\
\x72\x6f\x62\x65\x5f\x73\x65\x6e\x64\x5f\x6f\x70\x2e\x5f\x5f\x5f\x5f\x66\x6d\
\x74\x2e\x31\x33\0\x75\x70\x72\x6f\x62\x65\x5f\x73\x65\x6e\x64\x5f\x6f\x70\x2e\
\x5f\x5f\x5f\x5f\x66\x6d\x74\x2e\x31\x34\0\x75\x70\x72\x6f\x62\x65\x5f\x73\x65\
\x6e\x64\x5f\x6f\x70\x2e\x5f\x5f\x5f\x5f\x66\x6d\x74\x2e\x31\x35\0\x75\x70\x72\
\x6f\x62\x65\x5f\x73\x65\x6e\x64\x5f\x6f\x70\x2e\x5f\x5f\x5f\x5f\x66\x6d\x74\
\x2e\x31\x36\0\x75\x70\x72\x6f\x62\x65\x5f\x73\x65\x6e\x64\x5f\x6f\x70\x2e\x5f\
\x5f\x5f\x5f\x66\x6d\x74\x2e\x31\x37\0\x75\x70\x72\x6f\x62\x65\x5f\x73\x65\x6e\
\x64\x5f\x6f\x70\x2e\x5f\x5f\x5f\x5f\x66\x6d\x74\x2e\x31\x38\0\x75\x70\x72\x6f\
\x62\x65\x5f\x73\x65\x6e\x64\x5f\x6f\x70\x2e\x5f\x5f\x5f\x5f\x66\x6d\x74\x2e\
\x31\x39\0\x75\x70\x72\x6f\x62\x65\x5f\x73\x65\x6e\x64\x5f\x6f\x70\x2e\x5f\x5f\
\x5f\x5f\x66\x6d\x74\x2e\x32\x30\0\x75\x70\x72\x6f\x62\x65\x5f\x73\x65\x6e\x64\
\x5f\x6f\x70\x2e\x5f\x5f\x5f\x5f\x66\x6d\x74\x2e\x32\x31\0\x75\x70\x72\x6f\x62\
\x65\x5f\x73\x65\x6e\x64\x5f\x6f\x70\x2e\x5f\x5f\x5f\x5f\x66\x6d\x74\x2e\x32\
\x32\0\x75\x70\x72\x6f\x62\x65\x5f\x73\x65\x6e\x64\x5f\x6f\x70\x2e\x5f\x5f\x5f\
\x5f\x66\x6d\x74\x2e\x32\x33\0\x75\x70\x72\x6f\x62\x65\x5f\x73\x65\x6e\x64\x5f\
\x6f\x70\x2e\x5f\x5f\x5f\x5f\x66\x6d\x74\x2e\x32\x34\0\x75\x70\x72\x6f\x62\x65\
\x5f\x73\x65\x6e\x64\x5f\x6f\x70\x2e\x5f\x5f\x5f\x5f\x66\x6d\x74\x2e\x32\x35\0\
\x75\x70\x72\x6f\x62\x65\x5f\x73\x65\x6e\x64\x5f\x6f\x70\x2e\x5f\x5f\x5f\x5f\
\x66\x6d\x74\x2e\x32\x36\0\x75\x70\x72\x6f\x62\x65\x5f\x73\x65\x6e\x64\x5f\x6f\
\x70\x2e\x5f\x5f\x5f\x5f\x66\x6d\x74\x2e\x32\x37\0\x75\x70\x72\x6f\x62\x65\x5f\
\x73\x65\x6e\x64\x5f\x6f\x70\x2e\x5f\x5f\x5f\x5f\x66\x6d\x74\x2e\x32\x38\0\x75\
\x70\x72\x6f\x62\x65\x5f\x73\x65\x6e\x64\x5f\x6f\x70\x2e\x5f\x5f\x5f\x5f\x66\
\x6d\x74\x2e\x32\x39\0\x75\x70\x72\x6f\x62\x65\x5f\x66\x69\x6e\x69\x73\x68\x5f\
\x6f\x70\x2e\x5f\x5f\x5f\x5f\x66\x6d\x74\0\x75\x70\x72\x6f\x62\x65\x5f\x66\x69\
\x6e\x69\x73\x68\x5f\x6f\x70\x2e\x5f\x5f\x5f\x5f\x66\x6d\x74\x2e\x33\x30\0\x75\
\x70\x72\x6f\x62\x65\x5f\x66\x69\x6e\x69\x73\x68\x5f\x6f\x70\x2e\x5f\x5f\x5f\
\x5f\x66\x6d\x74\x2e\x33\x31\0\x75\x70\x72\x6f\x62\x65\x5f\x66\x69\x6e\x69\x73\
\x68\x5f\x6f\x70\x2e\x5f\x5f\x5f\x5f\x66\x6d\x74\x2e\x33\x32\0\x75\x70\x72\x6f\
\x62\x65\x5f\x66\x69\x6e\x69\x73\x68\x5f\x6f\x70\x2e\x5f\x5f\x5f\x5f\x66\x6d\
\x74\x2e\x33\x33\0\x75\x70\x72\x6f\x62\x65\x5f\x66\x69\x6e\x69\x73\x68\x5f\x6f\
\x70\x2e\x5f\x5f\x5f\x5f\x66\x6d\x74\x2e\x33\x34\0\x2f\x68\x6f\x6d\x65\x2f\x74\
\x61\x6f\x64\x64\x2f\x63\x65\x70\x68\x74\x72\x61\x63\x65\x2f\x73\x72\x63\x2f\
\x62\x70\x66\x5f\x75\x74\x69\x6c\x73\x2e\x68\0\x20\x20\x5f\x5f\x75\x36\x34\x20\
\x70\x69\x64\x5f\x74\x67\x69\x64\x20\x3d\x20\x62\x70\x66\x5f\x67\x65\x74\x5f\
\x63\x75\x72\x72\x65\x6e\x74\x5f\x70\x69\x64\x5f\x74\x67\x69\x64\x28\x29\x3b\0\
\x20\x20\x5f\x5f\x75\x33\x32\x20\x70\x69\x64\x20\x3d\x20\x70\x69\x64\x5f\x74\
\x67\x69\x64\x20\x3e\x3e\x20\x33\x32\x3b\0\x20\x20\x72\x65\x74\x75\x72\x6e\x20\
\x70\x69\x64\x3b\0\x20\x20\x72\x65\x74\x75\x72\x6e\x20\x74\x69\x64\x3b\0\x5f\
\x5f\x75\x36\x34\x20\x66\x65\x74\x63\x68\x5f\x72\x65\x67\x69\x73\x74\x65\x72\
\x28\x63\x6f\x6e\x73\x74\x20\x73\x74\x72\x75\x63\x74\x20\x70\x74\x5f\x72\x65\
\x67\x73\x20\x2a\x63\x6f\x6e\x73\x74\x20\x63\x74\x78\x2c\x20\x69\x6e\x74\x20\
\x72\x65\x67\x29\x20\x7b\0\x20\x20\x69\x66\x20\x28\x72\x65\x67\x20\x3d\x3d\x20\
\x30\x29\0\x20\x20\x20\x20\x76\x20\x3d\x20\x63\x74\x78\x2d\x3e\x72\x64\x78\x3b\
\0\x20\x20\x20\x20\x76\x20\x3d\x20\x63\x74\x78\x2d\x3e\x72\x39\x3b\0\x20\x20\
\x20\x20\x76\x20\x3d\x20\x63\x74\x78\x2d\x3e\x72\x64\x69\x3b\0\x20\x20\x20\x20\
\x76\x20\x3d\x20\x63\x74\x78\x2d\x3e\x72\x31\x33\x3b\0\x20\x20\x20\x20\x76\x20\
\x3d\x20\x63\x74\x78\x2d\x3e\x72\x62\x78\x3b\0\x20\x20\x20\x20\x76\x20\x3d\x20\
\x63\x74\x78\x2d\x3e\x72\x31\x31\x3b\0\x20\x20\x20\x20\x76\x20\x3d\x20\x63\x74\
\x78\x2d\x3e\x72\x73\x70\x3b\0\x20\x20\x20\x20\x76\x20\x3d\x20\x63\x74\x78\x2d\
\x3e\x72\x31\x35\x3b\0\x20\x20\x20\x20\x76\x20\x3d\x20\x63\x74\x78\x2d\x3e\x72\
\x61\x78\x3b\0\x20\x20\x20\x20\x76\x20\x3d\x20\x63\x74\x78\x2d\x3e\x72\x38\x3b\
\0\x20\x20\x20\x20\x76\x20\x3d\x20\x63\x74\x78\x2d\x3e\x72\x73\x69\x3b\0\x20\
\x20\x20\x20\x76\x20\x3d\x20\x63\x74\x78\x2d\x3e\x72\x31\x32\x3b\0\x20\x20\x20\
\x20\x76\x20\x3d\x20\x63\x74\x78\x2d\x3e\x72\x63\x78\x3b\0\x20\x20\x20\x20\x76\
\x20\x3d\x20\x63\x74\x78\x2d\x3e\x72\x31\x30\x3b\0\x20\x20\x20\x20\x76\x20\x3d\
\x20\x63\x74\x78\x2d\x3e\x72\x62\x70\x3b\0\x20\x20\x20\x20\x76\x20\x3d\x20\x63\
\x74\x78\x2d\x3e\x72\x31\x34\x3b\0\x20\x20\x20\x20\x62\x70\x66\x5f\x70\x72\x69\
\x6e\x74\x6b\x28\x22\x66\x65\x74\x63\x68\x5f\x72\x65\x67\x69\x73\x74\x65\x72\
\x3a\x20\x75\x6e\x65\x78\x70\x65\x63\x74\x65\x64\x20\x78\x38\x36\x5f\x36\x34\
\x20\x72\x65\x67\x69\x73\x74\x65\x72\x20\x25\x64\x5c\x6e\x22\x2c\x20\x72\x65\
\x67\x29\x3b\0\x20\x20\x72\x65\x74\x75\x72\x6e\x20\x76\x3b\0\x5f\x5f\x75\x36\
\x34\x20\x66\x65\x74\x63\x68\x5f\x76\x61\x72\x5f\x6d\x65\x6d\x62\x65\x72\x5f\
\x61\x64\x64\x72\x28\x5f\x5f\x75\x36\x34\x20\x63\x75\x72\x5f\x61\x64\x64\x72\
\x2c\x20\x73\x74\x72\x75\x63\x74\x20\x56\x61\x72\x46\x69\x65\x6c\x64\x20\x2a\
\x76\x66\x29\x20\x7b\0\x20\x20\x69\x66\x20\x28\x76\x66\x20\x3d\x3d\x20\x4e\x55\
\x4c\x4c\x29\x20\x72\x65\x74\x75\x72\x6e\x20\x30\x3b\0\x20\x20\x69\x66\x20\x28\
\x76\x66\x2d\x3e\x76\x61\x72\x6c\x6f\x63\x2e\x73\x74\x61\x63\x6b\x29\x20\x7b\0\
\x20\x20\x20\x20\x63\x75\x72\x5f\x61\x64\x64\x72\x20\x2b\x3d\x20\x76\x66\x2d\
\x3e\x76\x61\x72\x6c\x6f\x63\x2e\x6f\x66\x66\x73\x65\x74\x3b\0\x20\x20\x20\x20\
\x69\x66\x20\x28\x76\x66\x2d\x3e\x66\x69\x65\x6c\x64\x73\x5b\x31\x5d\x2e\x70\
\x6f\x69\x6e\x74\x65\x72\x29\x20\x7b\0\x20\x20\x20\x20\x20\x20\x62\x70\x66\x5f\
\x70\x72\x6f\x62\x65\x5f\x72\x65\x61\x64\x5f\x75\x73\x65\x72\x28\x26\x74\x6d\
\x70\x61\x64\x64\x72\x2c\x20\x73\x69\x7a\x65\x6f\x66\x28\x74\x6d\x70\x61\x64\
\x64\x72\x29\x2c\x20\x28\x76\x6f\x69\x64\x20\x2a\x29\x63\x75\x72\x5f\x61\x64\
\x64\x72\x29\x3b\0\x20\x20\x20\x20\x20\x20\x63\x75\x72\x5f\x61\x64\x64\x72\x20\
\x3d\x20\x74\x6d\x70\x61\x64\x64\x72\x3b\0\x20\x20\x63\x75\x72\x5f\x61\x64\x64\
\x72\x20\x2b\x3d\x20\x76\x66\x2d\x3e\x66\x69\x65\x6c\x64\x73\x5b\x31\x5d\x2e\
\x6f\x66\x66\x73\x65\x74\x3b\0\x20\x20\x69\x66\x20\x28\x32\x20\x3e\x3d\x20\x76\
\x66\x2d\x3e\x73\x69\x7a\x65\x29\x20\x72\x65\x74\x75\x72\x6e\x20\x63\x75\x72\
\x5f\x61\x64\x64\x72\x3b\0\x20\x20\x69\x66\x20\x28\x76\x66\x2d\x3e\x66\x69\x65\
\x6c\x64\x73\x5b\x32\x5d\x2e\x70\x6f\x69\x6e\x74\x65\x72\x29\x20\x7b\0\x20\x20\
\x20\x20\x62\x70\x66\x5f\x70\x72\x6f\x62\x65\x5f\x72\x65\x61\x64\x5f\x75\x73\
\x65\x72\x28\x26\x74\x6d\x70\x61\x64\x64\x72\x2c\x20\x73\x69\x7a\x65\x6f\x66\
\x28\x74\x6d\x70\x61\x64\x64\x72\x29\x2c\x20\x28\x76\x6f\x69\x64\x20\x2a\x29\
\x63\x75\x72\x5f\x61\x64\x64\x72\x29\x3b\0\x20\x20\x20\x20\x63\x75\x72\x5f\x61\
\x64\x64\x72\x20\x3d\x20\x74\x6d\x70\x61\x64\x64\x72\x20\x2b\x20\x76\x66\x2d\
\x3e\x66\x69\x65\x6c\x64\x73\x5b\x32\x5d\x2e\x6f\x66\x66\x73\x65\x74\x3b\0\x20\
\x20\x69\x66\x20\x28\x33\x20\x3e\x3d\x20\x76\x66\x2d\x3e\x73\x69\x7a\x65\x29\
\x20\x72\x65\x74\x75\x72\x6e\x20\x63\x75\x72\x5f\x61\x64\x64\x72\x3b\0\x20\x20\
\x20\x20\x63\x75\x72\x5f\x61\x64\x64\x72\x20\x2b\x3d\x20\x76\x66\x2d\x3e\x66\
\x69\x65\x6c\x64\x73\x5b\x32\x5d\x2e\x6f\x66\x66\x73\x65\x74\x3b\0\x20\x20\x69\
\x66\x20\x28\x76\x66\x2d\x3e\x66\x69\x65\x6c\x64\x73\x5b\x33\x5d\x2e\x70\x6f\
\x69\x6e\x74\x65\x72\x29\x20\x7b\0\x20\x20\x20\x20\x63\x75\x72\x5f\x61\x64\x64\
\x72\x20\x3d\x20\x74\x6d\x70\x61\x64\x64\x72\x20\x2b\x20\x76\x66\x2d\x3e\x66\
\x69\x65\x6c\x64\x73\x5b\x33\x5d\x2e\x6f\x66\x66\x73\x65\x74\x3b\0\x20\x20\x69\
\x66\x20\x28\x34\x20\x3e\x3d\x20\x76\x66\x2d\x3e\x73\x69\x7a\x65\x29\x20\x72\
\x65\x74\x75\x72\x6e\x20\x63\x75\x72\x5f\x61\x64\x64\x72\x3b\0\x20\x20\x20\x20\
\x63\x75\x72\x5f\x61\x64\x64\x72\x20\x2b\x3d\x20\x76\x66\x2d\x3e\x66\x69\x65\
\x6c\x64\x73\x5b\x33\x5d\x2e\x6f\x66\x66\x73\x65\x74\x3b\0\x20\x20\x69\x66\x20\
\x28\x76\x66\x2d\x3e\x66\x69\x65\x6c\x64\x73\x5b\x34\x5d\x2e\x70\x6f\x69\x6e\
\x74\x65\x72\x29\x20\x7b\0\x20\x20\x20\x20\x63\x75\x72\x5f\x61\x64\x64\x72\x20\
\x3d\x20\x74\x6d\x70\x61\x64\x64\x72\x20\x2b\x20\x76\x66\x2d\x3e\x66\x69\x65\
\x6c\x64\x73\x5b\x34\x5d\x2e\x6f\x66\x66\x73\x65\x74\x3b\0\x20\x20\x69\x66\x20\
\x28\x35\x20\x3e\x3d\x20\x76\x66\x2d\x3e\x73\x69\x7a\x65\x29\x20\x72\x65\x74\
\x75\x72\x6e\x20\x63\x75\x72\x5f\x61\x64\x64\x72\x3b\0\x20\x20\x20\x20\x63\x75\
\x72\x5f\x61\x64\x64\x72\x20\x2b\x3d\x20\x76\x66\x2d\x3e\x66\x69\x65\x6c\x64\
\x73\x5b\x34\x5d\x2e\x6f\x66\x66\x73\x65\x74\x3b\0\x20\x20\x69\x66\x20\x28\x76\
\x66\x2d\x3e\x66\x69\x65\x6c\x64\x73\x5b\x35\x5d\x2e\x70\x6f\x69\x6e\x74\x65\
\x72\x29\x20\x7b\0\x20\x20\x20\x20\x63\x75\x72\x5f\x61\x64\x64\x72\x20\x3d\x20\
\x74\x6d\x70\x61\x64\x64\x72\x20\x2b\x20\x76\x66\x2d\x3e\x66\x69\x65\x6c\x64\
\x73\x5b\x35\x5d\x2e\x6f\x66\x66\x73\x65\x74\x3b\0\x20\x20\x69\x66\x20\x28\x36\
\x20\x3e\x3d\x20\x76\x66\x2d\x3e\x73\x69\x7a\x65\x29\x20\x72\x65\x74\x75\x72\
\x6e\x20\x63\x75\x72\x5f\x61\x64\x64\x72\x3b\0\x20\x20\x20\x20\x63\x75\x72\x5f\
\x61\x64\x64\x72\x20\x2b\x3d\x20\x76\x66\x2d\x3e\x66\x69\x65\x6c\x64\x73\x5b\
\x35\x5d\x2e\x6f\x66\x66\x73\x65\x74\x3b\0\x20\x20\x69\x66\x20\x28\x76\x66\x2d\
\x3e\x66\x69\x65\x6c\x64\x73\x5b\x36\x5d\x2e\x70\x6f\x69\x6e\x74\x65\x72\x29\
\x20\x7b\0\x20\x20\x20\x20\x63\x75\x72\x5f\x61\x64\x64\x72\x20\x3d\x20\x74\x6d\
\x70\x61\x64\x64\x72\x20\x2b\x20\x76\x66\x2d\x3e\x66\x69\x65\x6c\x64\x73\x5b\
\x36\x5d\x2e\x6f\x66\x66\x73\x65\x74\x3b\0\x20\x20\x69\x66\x20\x28\x37\x20\x3e\
\x3d\x20\x76\x66\x2d\x3e\x73\x69\x7a\x65\x29\x20\x72\x65\x74\x75\x72\x6e\x20\
\x63\x75\x72\x5f\x61\x64\x64\x72\x3b\0\x20\x20\x20\x20\x63\x75\x72\x5f\x61\x64\
\x64\x72\x20\x2b\x3d\x20\x76\x66\x2d\x3e\x66\x69\x65\x6c\x64\x73\x5b\x36\x5d\
\x2e\x6f\x66\x66\x73\x65\x74\x3b\0\x20\x20\x69\x66\x20\x28\x76\x66\x2d\x3e\x66\
\x69\x65\x6c\x64\x73\x5b\x37\x5d\x2e\x70\x6f\x69\x6e\x74\x65\x72\x29\x20\x7b\0\
\x20\x20\x20\x20\x63\x75\x72\x5f\x61\x64\x64\x72\x20\x3d\x20\x74\x6d\x70\x61\
\x64\x64\x72\x20\x2b\x20\x76\x66\x2d\x3e\x66\x69\x65\x6c\x64\x73\x5b\x37\x5d\
\x2e\x6f\x66\x66\x73\x65\x74\x3b\0\x20\x20\x69\x66\x20\x28\x38\x20\x3e\x3d\x20\
\x76\x66\x2d\x3e\x73\x69\x7a\x65\x29\x20\x72\x65\x74\x75\x72\x6e\x20\x63\x75\
\x72\x5f\x61\x64\x64\x72\x3b\0\x20\x20\x20\x20\x63\x75\x72\x5f\x61\x64\x64\x72\
\x20\x2b\x3d\x20\x76\x66\x2d\x3e\x66\x69\x65\x6c\x64\x73\x5b\x37\x5d\x2e\x6f\
\x66\x66\x73\x65\x74\x3b\0\x20\x20\x69\x66\x20\x28\x76\x66\x2d\x3e\x66\x69\x65\
\x6c\x64\x73\x5b\x38\x5d\x2e\x70\x6f\x69\x6e\x74\x65\x72\x29\x20\x7b\0\x20\x20\
\x20\x20\x63\x75\x72\x5f\x61\x64\x64\x72\x20\x3d\x20\x74\x6d\x70\x61\x64\x64\
\x72\x20\x2b\x20\x76\x66\x2d\x3e\x66\x69\x65\x6c\x64\x73\x5b\x38\x5d\x2e\x6f\
\x66\x66\x73\x65\x74\x3b\0\x7d\0\x69\x6e\x74\x20\x70\x72\x69\x6e\x74\x5f\x76\
\x66\x28\x73\x74\x72\x75\x63\x74\x20\x56\x61\x72\x46\x69\x65\x6c\x64\x20\x2a\
\x76\x66\x29\x20\x7b\0\x20\x20\x62\x70\x66\x5f\x70\x72\x69\x6e\x74\x6b\x28\x22\
\x72\x65\x67\x20\x25\x64\x20\x6f\x66\x66\x73\x65\x74\x20\x25\x64\x20\x6f\x6e\
\x73\x74\x61\x63\x6b\x20\x25\x64\x5c\x6e\x22\x2c\x20\x76\x66\x2d\x3e\x76\x61\
\x72\x6c\x6f\x63\x2e\x72\x65\x67\x2c\x20\x76\x66\x2d\x3e\x76\x61\x72\x6c\x6f\
\x63\x2e\x6f\x66\x66\x73\x65\x74\x2c\0\x20\x20\x69\x66\x20\x28\x31\x20\x3e\x3d\
\x20\x76\x66\x2d\x3e\x73\x69\x7a\x65\x29\x20\x72\x65\x74\x75\x72\x6e\x20\x30\
\x3b\0\x20\x20\x62\x70\x66\x5f\x70\x72\x69\x6e\x74\x6b\x28\x22\x66\x69\x65\x6c\
\x64\x20\x31\x20\x6f\x66\x66\x73\x65\x74\x20\x25\x64\x2c\x20\x70\x6f\x69\x6e\
\x74\x65\x72\x20\x25\x64\x22\x2c\x20\x76\x66\x2d\x3e\x66\x69\x65\x6c\x64\x73\
\x5b\x31\x5d\x2e\x6f\x66\x66\x73\x65\x74\x2c\0\x20\x20\x69\x66\x20\x28\x32\x20\
\x3e\x3d\x20\x76\x66\x2d\x3e\x73\x69\x7a\x65\x29\x20\x72\x65\x74\x75\x72\x6e\
\x20\x30\x3b\0\x20\x20\x62\x70\x66\x5f\x70\x72\x69\x6e\x74\x6b\x28\x22\x66\x69\
\x65\x6c\x64\x20\x32\x20\x6f\x66\x66\x73\x65\x74\x20\x25\x64\x2c\x20\x70\x6f\
\x69\x6e\x74\x65\x72\x20\x25\x64\x22\x2c\x20\x76\x66\x2d\x3e\x66\x69\x65\x6c\
\x64\x73\x5b\x32\x5d\x2e\x6f\x66\x66\x73\x65\x74\x2c\0\x20\x20\x69\x66\x20\x28\
\x33\x20\x3e\x3d\x20\x76\x66\x2d\x3e\x73\x69\x7a\x65\x29\x20\x72\x65\x74\x75\
\x72\x6e\x20\x30\x3b\0\x20\x20\x62\x70\x66\x5f\x70\x72\x69\x6e\x74\x6b\x28\x22\
\x66\x69\x65\x6c\x64\x20\x33\x20\x6f\x66\x66\x73\x65\x74\x20\x25\x64\x2c\x20\
\x70\x6f\x69\x6e\x74\x65\x72\x20\x25\x64\x22\x2c\x20\x76\x66\x2d\x3e\x66\x69\
\x65\x6c\x64\x73\x5b\x33\x5d\x2e\x6f\x66\x66\x73\x65\x74\x2c\0\x20\x20\x69\x66\
\x20\x28\x34\x20\x3e\x3d\x20\x76\x66\x2d\x3e\x73\x69\x7a\x65\x29\x20\x72\x65\
\x74\x75\x72\x6e\x20\x30\x3b\0\x20\x20\x62\x70\x66\x5f\x70\x72\x69\x6e\x74\x6b\
\x28\x22\x66\x69\x65\x6c\x64\x20\x34\x20\x6f\x66\x66\x73\x65\x74\x20\x25\x64\
\x2c\x20\x70\x6f\x69\x6e\x74\x65\x72\x20\x25\x64\x22\x2c\x20\x76\x66\x2d\x3e\
\x66\x69\x65\x6c\x64\x73\x5b\x34\x5d\x2e\x6f\x66\x66\x73\x65\x74\x2c\0\x20\x20\
\x69\x66\x20\x28\x35\x20\x3e\x3d\x20\x76\x66\x2d\x3e\x73\x69\x7a\x65\x29\x20\
\x72\x65\x74\x75\x72\x6e\x20\x30\x3b\0\x20\x20\x62\x70\x66\x5f\x70\x72\x69\x6e\
\x74\x6b\x28\x22\x66\x69\x65\x6c\x64\x20\x35\x20\x6f\x66\x66\x73\x65\x74\x20\
\x25\x64\x2c\x20\x70\x6f\x69\x6e\x74\x65\x72\x20\x25\x64\x22\x2c\x20\x76\x66\
\x2d\x3e\x66\x69\x65\x6c\x64\x73\x5b\x35\x5d\x2e\x6f\x66\x66\x73\x65\x74\x2c\0\
\x2f\x68\x6f\x6d\x65\x2f\x74\x61\x6f\x64\x64\x2f\x63\x65\x70\x68\x74\x72\x61\
\x63\x65\x2f\x73\x72\x63\x2f\x72\x61\x64\x6f\x73\x74\x72\x61\x63\x65\x2e\x62\
\x70\x66\x2e\x63\0\x76\x6f\x69\x64\x20\x69\x6e\x69\x74\x69\x61\x6c\x69\x7a\x65\
\x5f\x76\x61\x6c\x75\x65\x28\x73\x74\x72\x75\x63\x74\x20\x63\x6c\x69\x65\x6e\
\x74\x5f\x6f\x70\x5f\x6b\x20\x6b\x65\x79\x29\x20\x7b\0\x20\x20\x62\x70\x66\x5f\
\x6d\x61\x70\x5f\x75\x70\x64\x61\x74\x65\x5f\x65\x6c\x65\x6d\x28\x26\x6f\x70\
\x73\x2c\x20\x26\x6b\x65\x79\x2c\x20\x26\x7a\x65\x72\x6f\x5f\x76\x61\x6c\x2c\
\x20\x30\x29\x3b\0\x69\x6e\x74\x20\x75\x70\x72\x6f\x62\x65\x5f\x73\x65\x6e\x64\
\x5f\x6f\x70\x28\x73\x74\x72\x75\x63\x74\x20\x70\x74\x5f\x72\x65\x67\x73\x20\
\x2a\x63\x74\x78\x29\x20\x7b\0\x20\x20\x62\x70\x66\x5f\x70\x72\x69\x6e\x74\x6b\
\x28\x22\x45\x6e\x74\x65\x72\x65\x64\x20\x75\x70\x72\x6f\x62\x65\x5f\x73\x65\
\x6e\x64\x5f\x6f\x70\x5c\x6e\x22\x29\x3b\0\x20\x20\x69\x6e\x74\x20\x76\x61\x72\
\x69\x64\x20\x3d\x20\x30\x3b\0\x20\x20\x6d\x65\x6d\x73\x65\x74\x28\x26\x6b\x65\
\x79\x2c\x20\x30\x2c\x20\x73\x69\x7a\x65\x6f\x66\x28\x6b\x65\x79\x29\x29\x3b\0\
\x20\x20\x73\x74\x72\x75\x63\x74\x20\x56\x61\x72\x46\x69\x65\x6c\x64\x20\x2a\
\x76\x66\x20\x3d\x20\x62\x70\x66\x5f\x6d\x61\x70\x5f\x6c\x6f\x6f\x6b\x75\x70\
\x5f\x65\x6c\x65\x6d\x28\x26\x68\x70\x72\x6f\x62\x65\x73\x2c\x20\x26\x76\x61\
\x72\x69\x64\x29\x3b\0\x20\x20\x69\x66\x20\x28\x4e\x55\x4c\x4c\x20\x21\x3d\x20\
\x76\x66\x29\x20\x7b\0\x20\x20\x20\x20\x76\x20\x3d\x20\x66\x65\x74\x63\x68\x5f\
\x72\x65\x67\x69\x73\x74\x65\x72\x28\x63\x74\x78\x2c\x20\x76\x66\x2d\x3e\x76\
\x61\x72\x6c\x6f\x63\x2e\x72\x65\x67\x29\x3b\0\x20\x20\x20\x20\x5f\x5f\x75\x36\
\x34\x20\x74\x69\x64\x5f\x61\x64\x64\x72\x20\x3d\x20\x66\x65\x74\x63\x68\x5f\
\x76\x61\x72\x5f\x6d\x65\x6d\x62\x65\x72\x5f\x61\x64\x64\x72\x28\x76\x2c\x20\
\x76\x66\x29\x3b\0\x20\x20\x20\x20\x62\x70\x66\x5f\x70\x72\x6f\x62\x65\x5f\x72\
\x65\x61\x64\x5f\x75\x73\x65\x72\x28\x26\x6b\x65\x79\x2e\x74\x69\x64\x2c\x20\
\x73\x69\x7a\x65\x6f\x66\x28\x6b\x65\x79\x2e\x74\x69\x64\x29\x2c\x20\x28\x76\
\x6f\x69\x64\x20\x2a\x29\x74\x69\x64\x5f\x61\x64\x64\x72\x29\x3b\0\x20\x20\x20\
\x20\x62\x70\x66\x5f\x70\x72\x69\x6e\x74\x6b\x28\x22\x75\x70\x72\x6f\x62\x65\
\x5f\x73\x65\x6e\x64\x5f\x6f\x70\x20\x67\x6f\x74\x20\x74\x69\x64\x20\x25\x6c\
\x6c\x64\x5c\x6e\x22\x2c\x20\x6b\x65\x79\x2e\x74\x69\x64\x29\x3b\0\x20\x20\x20\
\x20\x62\x70\x66\x5f\x70\x72\x69\x6e\x74\x6b\x28\x22\x75\x70\x72\x6f\x62\x65\
\x5f\x73\x65\x6e\x64\x5f\x6f\x70\x20\x67\x6f\x74\x20\x4e\x55\x4c\x4c\x20\x76\
\x66\x20\x61\x74\x20\x76\x61\x72\x69\x64\x20\x25\x64\x5c\x6e\x22\x2c\x20\x76\
\x61\x72\x69\x64\x29\x3b\0\x20\x20\x2b\x2b\x76\x61\x72\x69\x64\x3b\0\x20\x20\
\x76\x66\x20\x3d\x20\x62\x70\x66\x5f\x6d\x61\x70\x5f\x6c\x6f\x6f\x6b\x75\x70\
\x5f\x65\x6c\x65\x6d\x28\x26\x68\x70\x72\x6f\x62\x65\x73\x2c\x20\x26\x76\x61\
\x72\x69\x64\x29\x3b\0\x20\x20\x20\x20\x5f\x5f\x75\x36\x34\x20\x63\x69\x64\x5f\
\x61\x64\x64\x72\x20\x3d\x20\x66\x65\x74\x63\x68\x5f\x76\x61\x72\x5f\x6d\x65\
\x6d\x62\x65\x72\x5f\x61\x64\x64\x72\x28\x76\x2c\x20\x76\x66\x29\x3b\0\x20\x20\
\x20\x20\x62\x70\x66\x5f\x70\x72\x6f\x62\x65\x5f\x72\x65\x61\x64\x5f\x75\x73\
\x65\x72\x28\x26\x6b\x65\x79\x2e\x63\x69\x64\x2c\x20\x73\x69\x7a\x65\x6f\x66\
\x28\x6b\x65\x79\x2e\x63\x69\x64\x29\x2c\x20\x28\x76\x6f\x69\x64\x20\x2a\x29\
\x63\x69\x64\x5f\x61\x64\x64\x72\x29\x3b\0\x20\x20\x20\x20\x62\x70\x66\x5f\x70\
\x72\x69\x6e\x74\x6b\x28\x22\x75\x70\x72\x6f\x62\x65\x5f\x73\x65\x6e\x64\x5f\
\x6f\x70\x20\x67\x6f\x74\x20\x63\x6c\x69\x65\x6e\x74\x20\x69\x64\x20\x25\x6c\
\x6c\x64\x5c\x6e\x22\x2c\x20\x6b\x65\x79\x2e\x63\x69\x64\x29\x3b\0\x20\x20\x69\
\x6e\x69\x74\x69\x61\x6c\x69\x7a\x65\x5f\x76\x61\x6c\x75\x65\x28\x6b\x65\x79\
\x29\x3b\0\x20\x20\x73\x74\x72\x75\x63\x74\x20\x63\x6c\x69\x65\x6e\x74\x5f\x6f\
\x70\x5f\x76\x20\x2a\x76\x61\x6c\x20\x3d\x20\x62\x70\x66\x5f\x6d\x61\x70\x5f\
\x6c\x6f\x6f\x6b\x75\x70\x5f\x65\x6c\x65\x6d\x28\x26\x6f\x70\x73\x2c\x20\x26\
\x6b\x65\x79\x29\x3b\0\x20\x20\x69\x66\x20\x28\x76\x61\x6c\x20\x3d\x3d\x20\x4e\
\x55\x4c\x4c\x29\x20\x7b\0\x20\x20\x6d\x65\x6d\x73\x65\x74\x28\x76\x61\x6c\x2c\
\x20\x30\x2c\x20\x73\x69\x7a\x65\x6f\x66\x28\x73\x74\x72\x75\x63\x74\x20\x63\
\x6c\x69\x65\x6e\x74\x5f\x6f\x70\x5f\x76\x29\x29\x3b\0\x20\x20\x76\x61\x6c\x2d\
\x3e\x73\x65\x6e\x74\x5f\x73\x74\x61\x6d\x70\x20\x3d\x20\x62\x70\x66\x5f\x6b\
\x74\x69\x6d\x65\x5f\x67\x65\x74\x5f\x62\x6f\x6f\x74\x5f\x6e\x73\x28\x29\x3b\0\
\x20\x20\x76\x61\x6c\x2d\x3e\x74\x69\x64\x20\x3d\x20\x6b\x65\x79\x2e\x74\x69\
\x64\x3b\0\x20\x20\x76\x61\x6c\x2d\x3e\x63\x69\x64\x20\x3d\x20\x6b\x65\x79\x2e\
\x63\x69\x64\x3b\0\x20\x20\x76\x61\x6c\x2d\x3e\x72\x77\x20\x3d\x20\x30\x3b\0\
\x20\x20\x20\x20\x5f\x5f\x75\x36\x34\x20\x6f\x73\x64\x5f\x61\x64\x64\x72\x20\
\x3d\x20\x66\x65\x74\x63\x68\x5f\x76\x61\x72\x5f\x6d\x65\x6d\x62\x65\x72\x5f\
\x61\x64\x64\x72\x28\x76\x2c\x20\x76\x66\x29\x3b\0\x20\x20\x20\x20\x62\x70\x66\
\x5f\x70\x72\x6f\x62\x65\x5f\x72\x65\x61\x64\x5f\x75\x73\x65\x72\x28\x26\x76\
\x61\x6c\x2d\x3e\x74\x61\x72\x67\x65\x74\x5f\x6f\x73\x64\x2c\x20\x73\x69\x7a\
\x65\x6f\x66\x28\x76\x61\x6c\x2d\x3e\x74\x61\x72\x67\x65\x74\x5f\x6f\x73\x64\
\x29\x2c\x20\x28\x76\x6f\x69\x64\x20\x2a\x29\x6f\x73\x64\x5f\x61\x64\x64\x72\
\x29\x3b\0\x20\x20\x20\x20\x62\x70\x66\x5f\x70\x72\x69\x6e\x74\x6b\x28\x22\x75\
\x70\x72\x6f\x62\x65\x5f\x73\x65\x6e\x64\x5f\x6f\x70\x20\x67\x6f\x74\x20\x6f\
\x73\x64\x20\x69\x64\x20\x25\x6c\x6c\x64\x5c\x6e\x22\x2c\x20\x76\x61\x6c\x2d\
\x3e\x74\x61\x72\x67\x65\x74\x5f\x6f\x73\x64\x29\x3b\0\x20\x20\x69\x6e\x74\x20\
\x6e\x61\x6d\x65\x5f\x6c\x65\x6e\x20\x3d\x20\x30\x3b\0\x20\x20\x20\x20\x5f\x5f\
\x75\x36\x34\x20\x6c\x65\x6e\x5f\x61\x64\x64\x72\x20\x3d\x20\x66\x65\x74\x63\
\x68\x5f\x76\x61\x72\x5f\x6d\x65\x6d\x62\x65\x72\x5f\x61\x64\x64\x72\x28\x76\
\x2c\x20\x76\x66\x29\x3b\0\x20\x20\x20\x20\x62\x70\x66\x5f\x70\x72\x6f\x62\x65\
\x5f\x72\x65\x61\x64\x5f\x75\x73\x65\x72\x28\x26\x6e\x61\x6d\x65\x5f\x6c\x65\
\x6e\x2c\x20\x73\x69\x7a\x65\x6f\x66\x28\x6e\x61\x6d\x65\x5f\x6c\x65\x6e\x29\
\x2c\x20\x28\x76\x6f\x69\x64\x20\x2a\x29\x6c\x65\x6e\x5f\x61\x64\x64\x72\x29\
\x3b\0\x20\x20\x20\x20\x62\x70\x66\x5f\x70\x72\x69\x6e\x74\x6b\x28\x22\x75\x70\
\x72\x6f\x62\x65\x5f\x73\x65\x6e\x64\x5f\x6f\x70\x20\x67\x6f\x74\x20\x6e\x61\
\x6d\x65\x20\x6c\x65\x6e\x67\x74\x68\x20\x25\x64\x5c\x6e\x22\x2c\x20\x6e\x61\
\x6d\x65\x5f\x6c\x65\x6e\x29\x3b\0\x20\x20\x5f\x5f\x75\x36\x34\x20\x6e\x61\x6d\
\x65\x5f\x62\x61\x73\x65\x20\x3d\x20\x30\x3b\0\x20\x20\x20\x20\x5f\x5f\x75\x36\
\x34\x20\x6e\x61\x6d\x65\x5f\x62\x61\x73\x65\x5f\x61\x64\x64\x72\x20\x3d\x20\
\x66\x65\x74\x63\x68\x5f\x76\x61\x72\x5f\x6d\x65\x6d\x62\x65\x72\x5f\x61\x64\
\x64\x72\x28\x76\x2c\x20\x76\x66\x29\x3b\0\x20\x20\x20\x20\x62\x70\x66\x5f\x70\
\x72\x6f\x62\x65\x5f\x72\x65\x61\x64\x5f\x75\x73\x65\x72\x28\x26\x6e\x61\x6d\
\x65\x5f\x62\x61\x73\x65\x2c\x20\x73\x69\x7a\x65\x6f\x66\x28\x6e\x61\x6d\x65\
\x5f\x62\x61\x73\x65\x29\x2c\x20\x28\x76\x6f\x69\x64\x20\x2a\x29\x6e\x61\x6d\
\x65\x5f\x62\x61\x73\x65\x5f\x61\x64\x64\x72\x29\x3b\0\x20\x20\x20\x20\x62\x70\
\x66\x5f\x70\x72\x69\x6e\x74\x6b\x28\x22\x75\x70\x72\x6f\x62\x65\x5f\x73\x65\
\x6e\x64\x5f\x6f\x70\x20\x67\x6f\x74\x20\x6e\x61\x6d\x65\x20\x62\x61\x73\x65\
\x20\x61\x64\x64\x72\x20\x25\x6c\x6c\x64\x5c\x6e\x22\x2c\x20\x6e\x61\x6d\x65\
\x5f\x62\x61\x73\x65\x29\x3b\0\x20\x20\x6e\x61\x6d\x65\x5f\x6c\x65\x6e\x20\x26\
\x3d\x20\x31\x32\x37\x3b\0\x20\x20\x62\x70\x66\x5f\x70\x72\x6f\x62\x65\x5f\x72\
\x65\x61\x64\x5f\x75\x73\x65\x72\x28\x76\x61\x6c\x2d\x3e\x6f\x62\x6a\x65\x63\
\x74\x5f\x6e\x61\x6d\x65\x2c\x20\x6e\x61\x6d\x65\x5f\x6c\x65\x6e\x2c\x20\x28\
\x76\x6f\x69\x64\x20\x2a\x29\x6e\x61\x6d\x65\x5f\x62\x61\x73\x65\x29\x3b\0\x20\
\x20\x20\x20\x5f\x5f\x75\x36\x34\x20\x66\x6c\x61\x67\x73\x5f\x61\x64\x64\x72\
\x20\x3d\x20\x66\x65\x74\x63\x68\x5f\x76\x61\x72\x5f\x6d\x65\x6d\x62\x65\x72\
\x5f\x61\x64\x64\x72\x28\x76\x2c\x20\x76\x66\x29\x3b\0\x20\x20\x20\x20\x62\x70\
\x66\x5f\x70\x72\x6f\x62\x65\x5f\x72\x65\x61\x64\x5f\x75\x73\x65\x72\x28\x26\
\x76\x61\x6c\x2d\x3e\x72\x77\x2c\x20\x73\x69\x7a\x65\x6f\x66\x28\x76\x61\x6c\
\x2d\x3e\x72\x77\x29\x2c\x20\x28\x76\x6f\x69\x64\x20\x2a\x29\x66\x6c\x61\x67\
\x73\x5f\x61\x64\x64\x72\x29\x3b\0\x20\x20\x20\x20\x62\x70\x66\x5f\x70\x72\x69\
\x6e\x74\x6b\x28\x22\x75\x70\x72\x6f\x62\x65\x5f\x73\x65\x6e\x64\x5f\x6f\x70\
\x20\x67\x6f\x74\x20\x66\x6c\x61\x67\x73\x20\x25\x64\x5c\x6e\x22\x2c\x20\x76\
\x61\x6c\x2d\x3e\x72\x77\x29\x3b\0\x20\x20\x20\x20\x5f\x5f\x75\x36\x34\x20\x6d\
\x5f\x70\x6f\x6f\x6c\x5f\x61\x64\x64\x72\x20\x3d\x20\x66\x65\x74\x63\x68\x5f\
\x76\x61\x72\x5f\x6d\x65\x6d\x62\x65\x72\x5f\x61\x64\x64\x72\x28\x76\x2c\x20\
\x76\x66\x29\x3b\0\x20\x20\x20\x20\x62\x70\x66\x5f\x70\x72\x6f\x62\x65\x5f\x72\
\x65\x61\x64\x5f\x75\x73\x65\x72\x28\x26\x76\x61\x6c\x2d\x3e\x6d\x5f\x70\x6f\
\x6f\x6c\x2c\x20\x73\x69\x7a\x65\x6f\x66\x28\x76\x61\x6c\x2d\x3e\x6d\x5f\x70\
\x6f\x6f\x6c\x29\x2c\x20\x28\x76\x6f\x69\x64\x20\x2a\x29\x6d\x5f\x70\x6f\x6f\
\x6c\x5f\x61\x64\x64\x72\x29\x3b\0\x20\x20\x20\x20\x62\x70\x66\x5f\x70\x72\x69\
\x6e\x74\x6b\x28\x22\x75\x70\x72\x6f\x62\x65\x5f\x73\x65\x6e\x64\x5f\x6f\x70\
\x20\x67\x6f\x74\x20\x6d\x5f\x70\x6f\x6f\x6c\x20\x25\x64\x5c\x6e\x22\x2c\x20\
\x76\x61\x6c\x2d\x3e\x6d\x5f\x70\x6f\x6f\x6c\x29\x3b\0\x20\x20\x20\x20\x5f\x5f\
\x75\x36\x34\x20\x6d\x5f\x73\x65\x65\x64\x5f\x61\x64\x64\x72\x20\x3d\x20\x66\
\x65\x74\x63\x68\x5f\x76\x61\x72\x5f\x6d\x65\x6d\x62\x65\x72\x5f\x61\x64\x64\
\x72\x28\x76\x2c\x20\x76\x66\x29\x3b\0\x20\x20\x20\x20\x62\x70\x66\x5f\x70\x72\
\x6f\x62\x65\x5f\x72\x65\x61\x64\x5f\x75\x73\x65\x72\x28\x26\x76\x61\x6c\x2d\
\x3e\x6d\x5f\x73\x65\x65\x64\x2c\x20\x73\x69\x7a\x65\x6f\x66\x28\x76\x61\x6c\
\x2d\x3e\x6d\x5f\x73\x65\x65\x64\x29\x2c\x20\x28\x76\x6f\x69\x64\x20\x2a\x29\
\x6d\x5f\x73\x65\x65\x64\x5f\x61\x64\x64\x72\x29\x3b\0\x20\x20\x20\x20\x62\x70\
\x66\x5f\x70\x72\x69\x6e\x74\x6b\x28\x22\x75\x70\x72\x6f\x62\x65\x5f\x73\x65\
\x6e\x64\x5f\x6f\x70\x20\x67\x6f\x74\x20\x6d\x5f\x73\x65\x65\x64\x20\x25\x64\
\x5c\x6e\x22\x2c\x20\x76\x61\x6c\x2d\x3e\x6d\x5f\x73\x65\x65\x64\x29\x3b\0\x20\
\x20\x20\x20\x5f\x5f\x75\x36\x34\x20\x4d\x5f\x73\x74\x61\x72\x74\x5f\x61\x64\
\x64\x72\x20\x3d\x20\x66\x65\x74\x63\x68\x5f\x76\x61\x72\x5f\x6d\x65\x6d\x62\
\x65\x72\x5f\x61\x64\x64\x72\x28\x76\x2c\x20\x76\x66\x29\x3b\0\x20\x20\x20\x20\
\x62\x70\x66\x5f\x70\x72\x6f\x62\x65\x5f\x72\x65\x61\x64\x5f\x75\x73\x65\x72\
\x28\x26\x4d\x5f\x73\x74\x61\x72\x74\x2c\x20\x73\x69\x7a\x65\x6f\x66\x28\x4d\
\x5f\x73\x74\x61\x72\x74\x29\x2c\x20\x28\x76\x6f\x69\x64\x20\x2a\x29\x4d\x5f\
\x73\x74\x61\x72\x74\x5f\x61\x64\x64\x72\x29\x3b\0\x20\x20\x20\x20\x62\x70\x66\
\x5f\x70\x72\x69\x6e\x74\x6b\x28\x22\x75\x70\x72\x6f\x62\x65\x5f\x73\x65\x6e\
\x64\x5f\x6f\x70\x20\x67\x6f\x74\x20\x4d\x5f\x73\x74\x61\x72\x74\x20\x25\x64\
\x5c\x6e\x22\x2c\x20\x4d\x5f\x73\x74\x61\x72\x74\x29\x3b\0\x20\x20\x20\x20\x5f\
\x5f\x75\x36\x34\x20\x6d\x5f\x66\x69\x6e\x69\x73\x68\x5f\x61\x64\x64\x72\x20\
\x3d\x20\x66\x65\x74\x63\x68\x5f\x76\x61\x72\x5f\x6d\x65\x6d\x62\x65\x72\x5f\
\x61\x64\x64\x72\x28\x76\x2c\x20\x76\x66\x29\x3b\0\x20\x20\x20\x20\x62\x70\x66\
\x5f\x70\x72\x6f\x62\x65\x5f\x72\x65\x61\x64\x5f\x75\x73\x65\x72\x28\x26\x6d\
\x5f\x66\x69\x6e\x69\x73\x68\x2c\x20\x73\x69\x7a\x65\x6f\x66\x28\x6d\x5f\x66\
\x69\x6e\x69\x73\x68\x29\x2c\x20\x28\x76\x6f\x69\x64\x20\x2a\x29\x6d\x5f\x66\
\x69\x6e\x69\x73\x68\x5f\x61\x64\x64\x72\x29\x3b\0\x20\x20\x20\x20\x62\x70\x66\
\x5f\x70\x72\x69\x6e\x74\x6b\x28\x22\x75\x70\x72\x6f\x62\x65\x5f\x73\x65\x6e\
\x64\x5f\x6f\x70\x20\x67\x6f\x74\x20\x6d\x5f\x66\x69\x6e\x69\x73\x68\x20\x25\
\x64\x5c\x6e\x22\x2c\x20\x6d\x5f\x66\x69\x6e\x69\x73\x68\x29\x3b\0\x20\x20\x66\
\x6f\x72\x20\x28\x69\x6e\x74\x20\x69\x20\x3d\x20\x30\x20\x3b\x20\x69\x20\x3c\
\x20\x4d\x41\x58\x5f\x41\x43\x54\x49\x4e\x47\x3b\x20\x2b\x2b\x69\x29\x20\x7b\0\
\x20\x20\x20\x20\x69\x66\x20\x28\x4d\x5f\x73\x74\x61\x72\x74\x20\x3c\x20\x6d\
\x5f\x66\x69\x6e\x69\x73\x68\x29\x20\x7b\0\x20\x20\x20\x20\x76\x61\x6c\x2d\x3e\
\x61\x63\x74\x69\x6e\x67\x5b\x69\x5d\x20\x3d\x20\x2d\x31\x3b\0\x09\x62\x70\x66\
\x5f\x70\x72\x6f\x62\x65\x5f\x72\x65\x61\x64\x5f\x75\x73\x65\x72\x28\x26\x28\
\x76\x61\x6c\x2d\x3e\x61\x63\x74\x69\x6e\x67\x5b\x69\x5d\x29\x2c\x20\x73\x69\
\x7a\x65\x6f\x66\x28\x69\x6e\x74\x29\x2c\x20\x28\x76\x6f\x69\x64\x20\x2a\x29\
\x4d\x5f\x73\x74\x61\x72\x74\x29\x3b\0\x09\x4d\x5f\x73\x74\x61\x72\x74\x20\x2b\
\x3d\x20\x73\x69\x7a\x65\x6f\x66\x28\x69\x6e\x74\x29\x3b\0\x20\x20\x20\x20\x5f\
\x5f\x75\x36\x34\x20\x6d\x5f\x73\x74\x61\x72\x74\x5f\x61\x64\x64\x72\x20\x3d\
\x20\x66\x65\x74\x63\x68\x5f\x76\x61\x72\x5f\x6d\x65\x6d\x62\x65\x72\x5f\x61\
\x64\x64\x72\x28\x76\x2c\x20\x76\x66\x29\x3b\0\x20\x20\x20\x20\x62\x70\x66\x5f\
\x70\x72\x6f\x62\x65\x5f\x72\x65\x61\x64\x5f\x75\x73\x65\x72\x28\x26\x6d\x5f\
\x73\x74\x61\x72\x74\x2c\x20\x73\x69\x7a\x65\x6f\x66\x28\x6d\x5f\x73\x74\x61\
\x72\x74\x29\x2c\x20\x28\x76\x6f\x69\x64\x20\x2a\x29\x6d\x5f\x73\x74\x61\x72\
\x74\x5f\x61\x64\x64\x72\x29\x3b\0\x20\x20\x20\x20\x62\x70\x66\x5f\x70\x72\x69\
\x6e\x74\x6b\x28\x22\x75\x70\x72\x6f\x62\x65\x5f\x73\x65\x6e\x64\x5f\x6f\x70\
\x20\x67\x6f\x74\x20\x6d\x5f\x73\x74\x61\x72\x74\x20\x25\x6c\x6c\x64\x5c\x6e\
\x22\x2c\x20\x6d\x5f\x73\x74\x61\x72\x74\x29\x3b\0\x20\x20\x20\x20\x5f\x5f\x75\
\x36\x34\x20\x6d\x5f\x73\x69\x7a\x65\x5f\x61\x64\x64\x72\x20\x3d\x20\x66\x65\
\x74\x63\x68\x5f\x76\x61\x72\x5f\x6d\x65\x6d\x62\x65\x72\x5f\x61\x64\x64\x72\
\x28\x76\x2c\x20\x76\x66\x29\x3b\0\x20\x20\x20\x20\x62\x70\x66\x5f\x70\x72\x6f\
\x62\x65\x5f\x72\x65\x61\x64\x5f\x75\x73\x65\x72\x28\x26\x76\x61\x6c\x2d\x3e\
\x6f\x70\x73\x5f\x73\x69\x7a\x65\x2c\x20\x73\x69\x7a\x65\x6f\x66\x28\x76\x61\
\x6c\x2d\x3e\x6f\x70\x73\x5f\x73\x69\x7a\x65\x29\x2c\x20\x28\x76\x6f\x69\x64\
\x20\x2a\x29\x6d\x5f\x73\x69\x7a\x65\x5f\x61\x64\x64\x72\x29\x3b\0\x20\x20\x20\
\x20\x62\x70\x66\x5f\x70\x72\x69\x6e\x74\x6b\x28\x22\x75\x70\x72\x6f\x62\x65\
\x5f\x73\x65\x6e\x64\x5f\x6f\x70\x20\x67\x6f\x74\x20\x6d\x5f\x73\x74\x61\x72\
\x74\x20\x25\x64\x5c\x6e\x22\x2c\x20\x76\x61\x6c\x2d\x3e\x6f\x70\x73\x5f\x73\
\x69\x7a\x65\x29\x3b\0\x20\x20\x76\x61\x6c\x2d\x3e\x6f\x70\x73\x5f\x73\x69\x7a\
\x65\x20\x26\x3d\x20\x33\x3b\0\x20\x20\x76\x61\x6c\x2d\x3e\x6c\x65\x6e\x67\x74\
\x68\x20\x3d\x20\x30\x3b\0\x20\x20\x66\x6f\x72\x20\x28\x5f\x5f\x75\x33\x32\x20\
\x69\x20\x3d\x20\x30\x3b\x20\x69\x20\x20\x3c\x20\x33\x3b\x20\x2b\x2b\x69\x29\
\x20\x7b\0\x20\x20\x76\x61\x6c\x2d\x3e\x6f\x66\x66\x73\x65\x74\x20\x3d\x20\x30\
\x3b\0\x20\x20\x20\x20\x69\x66\x20\x28\x69\x20\x3c\x20\x76\x61\x6c\x2d\x3e\x6f\
\x70\x73\x5f\x73\x69\x7a\x65\x29\x20\x7b\0\x20\x20\x20\x20\x20\x20\x62\x70\x66\
\x5f\x70\x72\x6f\x62\x65\x5f\x72\x65\x61\x64\x5f\x75\x73\x65\x72\x28\x26\x28\
\x76\x61\x6c\x2d\x3e\x6f\x70\x73\x5b\x69\x5d\x29\x2c\x20\x73\x69\x7a\x65\x6f\
\x66\x28\x76\x61\x6c\x2d\x3e\x6f\x70\x73\x5b\x69\x5d\x29\x2c\x20\x28\x76\x6f\
\x69\x64\x20\x2a\x29\x6d\x5f\x73\x74\x61\x72\x74\x29\x3b\x20\0\x20\x20\x20\x20\
\x20\x20\x69\x66\x20\x28\x63\x65\x70\x68\x5f\x6f\x73\x64\x5f\x6f\x70\x5f\x65\
\x78\x74\x65\x6e\x74\x28\x76\x61\x6c\x2d\x3e\x6f\x70\x73\x5b\x69\x5d\x29\x29\
\x7b\0\x2f\x68\x6f\x6d\x65\x2f\x74\x61\x6f\x64\x64\x2f\x63\x65\x70\x68\x74\x72\
\x61\x63\x65\x2f\x73\x72\x63\x2f\x62\x70\x66\x5f\x63\x65\x70\x68\x5f\x74\x79\
\x70\x65\x73\x2e\x68\0\x20\x20\x20\x20\x72\x65\x74\x75\x72\x6e\x20\x6f\x70\x20\
\x3d\x3d\x20\x43\x45\x50\x48\x5f\x4f\x53\x44\x5f\x4f\x50\x5f\x52\x45\x41\x44\
\x20\x7c\x7c\0\x09\x62\x70\x66\x5f\x70\x72\x6f\x62\x65\x5f\x72\x65\x61\x64\x5f\
\x75\x73\x65\x72\x28\x26\x63\x6c\x73\x5f\x6c\x65\x6e\x2c\x20\x73\x69\x7a\x65\
\x6f\x66\x28\x63\x6c\x73\x5f\x6c\x65\x6e\x29\x2c\x20\x28\x76\x6f\x69\x64\x20\
\x2a\x29\x6d\x5f\x73\x74\x61\x72\x74\x20\x2b\x20\x43\x45\x50\x48\x5f\x4f\x53\
\x44\x5f\x4f\x50\x5f\x43\x4c\x53\x5f\x43\x4c\x41\x53\x53\x5f\x4f\x46\x46\x53\
\x45\x54\x29\x3b\0\x09\x5f\x5f\x75\x38\x20\x63\x6c\x73\x5f\x6c\x65\x6e\x20\x3d\
\x20\x30\x3b\0\x09\x5f\x5f\x75\x38\x20\x6d\x65\x74\x68\x6f\x64\x5f\x6c\x65\x6e\
\x20\x3d\x20\x30\x3b\0\x09\x62\x70\x66\x5f\x70\x72\x6f\x62\x65\x5f\x72\x65\x61\
\x64\x5f\x75\x73\x65\x72\x28\x26\x6d\x65\x74\x68\x6f\x64\x5f\x6c\x65\x6e\x2c\
\x20\x73\x69\x7a\x65\x6f\x66\x28\x6d\x65\x74\x68\x6f\x64\x5f\x6c\x65\x6e\x29\
\x2c\x20\x28\x76\x6f\x69\x64\x20\x2a\x29\x6d\x5f\x73\x74\x61\x72\x74\x20\x2b\
\x20\x43\x45\x50\x48\x5f\x4f\x53\x44\x5f\x4f\x50\x5f\x43\x4c\x53\x5f\x4d\x45\
\x54\x48\x4f\x44\x5f\x4f\x46\x46\x53\x45\x54\x29\x3b\0\x09\x62\x70\x66\x5f\x70\
\x72\x6f\x62\x65\x5f\x72\x65\x61\x64\x5f\x75\x73\x65\x72\x28\x26\x63\x61\x72\
\x72\x69\x61\x67\x65\x2c\x20\x73\x69\x7a\x65\x6f\x66\x28\x63\x61\x72\x72\x69\
\x61\x67\x65\x29\x2c\x20\x28\x76\x6f\x69\x64\x20\x2a\x29\x6d\x5f\x73\x74\x61\
\x72\x74\x20\x2b\x20\x43\x45\x50\x48\x5f\x4f\x53\x44\x5f\x4f\x50\x5f\x42\x55\
\x46\x46\x45\x52\x5f\x43\x41\x52\x52\x49\x41\x47\x45\x5f\x4f\x46\x46\x53\x45\
\x54\x29\x3b\0\x09\x5f\x5f\x75\x36\x34\x20\x63\x61\x72\x72\x69\x61\x67\x65\x20\
\x3d\x20\x30\x3b\0\x09\x62\x70\x66\x5f\x70\x72\x6f\x62\x65\x5f\x72\x65\x61\x64\
\x5f\x75\x73\x65\x72\x28\x26\x72\x61\x77\x2c\x20\x73\x69\x7a\x65\x6f\x66\x28\
\x72\x61\x77\x29\x2c\x20\x28\x76\x6f\x69\x64\x20\x2a\x29\x63\x61\x72\x72\x69\
\x61\x67\x65\x20\x2b\x20\x43\x45\x50\x48\x5f\x4f\x53\x44\x5f\x4f\x50\x5f\x42\
\x55\x46\x46\x45\x52\x5f\x52\x41\x57\x5f\x4f\x46\x46\x53\x45\x54\x29\x3b\0\x09\
\x5f\x5f\x75\x36\x34\x20\x72\x61\x77\x20\x3d\x20\x30\x3b\0\x09\x5f\x5f\x75\x36\
\x34\x20\x64\x61\x74\x61\x20\x3d\x20\x30\x3b\0\x09\x62\x70\x66\x5f\x70\x72\x6f\
\x62\x65\x5f\x72\x65\x61\x64\x5f\x75\x73\x65\x72\x28\x26\x64\x61\x74\x61\x2c\
\x20\x73\x69\x7a\x65\x6f\x66\x28\x64\x61\x74\x61\x29\x2c\x20\x28\x76\x6f\x69\
\x64\x20\x2a\x29\x72\x61\x77\x20\x2b\x20\x43\x45\x50\x48\x5f\x4f\x53\x44\x5f\
\x4f\x50\x5f\x42\x55\x46\x46\x45\x52\x5f\x44\x41\x54\x41\x5f\x4f\x46\x46\x53\
\x45\x54\x29\x3b\0\x09\x63\x6c\x73\x5f\x6c\x65\x6e\x20\x26\x3d\x20\x37\x3b\0\
\x09\x62\x70\x66\x5f\x70\x72\x6f\x62\x65\x5f\x72\x65\x61\x64\x5f\x75\x73\x65\
\x72\x28\x76\x61\x6c\x2d\x3e\x63\x6c\x73\x5f\x6f\x70\x73\x5b\x69\x5d\x2e\x63\
\x6c\x73\x5f\x6e\x61\x6d\x65\x2c\x20\x63\x6c\x73\x5f\x6c\x65\x6e\x2c\x20\x28\
\x76\x6f\x69\x64\x20\x2a\x29\x64\x61\x74\x61\x29\x3b\0\x09\x62\x70\x66\x5f\x70\
\x72\x6f\x62\x65\x5f\x72\x65\x61\x64\x5f\x75\x73\x65\x72\x28\x76\x61\x6c\x2d\
\x3e\x63\x6c\x73\x5f\x6f\x70\x73\x5b\x69\x5d\x2e\x6d\x65\x74\x68\x6f\x64\x5f\
\x6e\x61\x6d\x65\x2c\x20\x6d\x65\x74\x68\x6f\x64\x5f\x6c\x65\x6e\x2c\x20\x28\
\x76\x6f\x69\x64\x20\x2a\x29\x64\x61\x74\x61\x20\x2b\x20\x63\x6c\x73\x5f\x6c\
\x65\x6e\x29\x3b\0\x09\x6d\x65\x74\x68\x6f\x64\x5f\x6c\x65\x6e\x20\x26\x3d\x20\
\x33\x31\x3b\0\x20\x20\x20\x20\x20\x20\x20\x20\x62\x70\x66\x5f\x70\x72\x6f\x62\
\x65\x5f\x72\x65\x61\x64\x5f\x75\x73\x65\x72\x28\x26\x76\x61\x6c\x2d\x3e\x6f\
\x66\x66\x73\x65\x74\x2c\x20\x73\x69\x7a\x65\x6f\x66\x28\x76\x61\x6c\x2d\x3e\
\x6f\x66\x66\x73\x65\x74\x29\x2c\x20\x28\x76\x6f\x69\x64\x20\x2a\x29\x28\x6d\
\x5f\x73\x74\x61\x72\x74\x20\x2b\x20\x43\x45\x50\x48\x5f\x4f\x53\x44\x5f\x4f\
\x50\x5f\x45\x58\x54\x45\x4e\x54\x5f\x4f\x46\x46\x53\x45\x54\x5f\x4f\x46\x46\
\x53\x45\x54\x29\x29\x3b\x20\0\x20\x20\x20\x20\x20\x20\x20\x20\x62\x70\x66\x5f\
\x70\x72\x6f\x62\x65\x5f\x72\x65\x61\x64\x5f\x75\x73\x65\x72\x28\x26\x76\x61\
\x6c\x2d\x3e\x6c\x65\x6e\x67\x74\x68\x2c\x20\x73\x69\x7a\x65\x6f\x66\x28\x76\
\x61\x6c\x2d\x3e\x6c\x65\x6e\x67\x74\x68\x29\x2c\x20\x28\x76\x6f\x69\x64\x20\
\x2a\x29\x28\x6d\x5f\x73\x74\x61\x72\x74\x20\x2b\x20\x43\x45\x50\x48\x5f\x4f\
\x53\x44\x5f\x4f\x50\x5f\x45\x58\x54\x45\x4e\x54\x5f\x4c\x45\x4e\x47\x54\x48\
\x5f\x4f\x46\x46\x53\x45\x54\x29\x29\x3b\x20\0\x20\x20\x20\x20\x20\x20\x6d\x5f\
\x73\x74\x61\x72\x74\x20\x2b\x3d\x20\x43\x45\x50\x48\x5f\x4f\x53\x44\x5f\x4f\
\x50\x5f\x53\x49\x5a\x45\x3b\0\x69\x6e\x74\x20\x75\x70\x72\x6f\x62\x65\x5f\x66\
\x69\x6e\x69\x73\x68\x5f\x6f\x70\x28\x73\x74\x72\x75\x63\x74\x20\x70\x74\x5f\
\x72\x65\x67\x73\x20\x2a\x63\x74\x78\x29\x20\x7b\0\x20\x20\x62\x70\x66\x5f\x70\
\x72\x69\x6e\x74\x6b\x28\x22\x45\x6e\x74\x65\x72\x65\x64\x20\x75\x70\x72\x6f\
\x62\x65\x5f\x66\x69\x6e\x69\x73\x68\x5f\x6f\x70\x5c\x6e\x22\x29\x3b\0\x20\x20\
\x69\x6e\x74\x20\x76\x61\x72\x69\x64\x20\x3d\x20\x32\x30\x3b\0\x20\x20\x20\x20\
\x62\x70\x66\x5f\x70\x72\x69\x6e\x74\x6b\x28\x22\x75\x70\x72\x6f\x62\x65\x5f\
\x66\x69\x6e\x69\x73\x68\x5f\x6f\x70\x20\x67\x6f\x74\x20\x74\x69\x64\x20\x25\
\x6c\x6c\x64\x5c\x6e\x22\x2c\x20\x6b\x65\x79\x2e\x74\x69\x64\x29\x3b\0\x20\x20\
\x20\x20\x62\x70\x66\x5f\x70\x72\x69\x6e\x74\x6b\x28\x22\x75\x70\x72\x6f\x62\
\x65\x5f\x66\x69\x6e\x69\x73\x68\x5f\x6f\x70\x20\x67\x6f\x74\x20\x4e\x55\x4c\
\x4c\x20\x76\x66\x20\x61\x74\x20\x76\x61\x72\x69\x64\x20\x25\x64\x5c\x6e\x22\
\x2c\x20\x76\x61\x72\x69\x64\x29\x3b\0\x20\x20\x20\x20\x62\x70\x66\x5f\x70\x72\
\x69\x6e\x74\x6b\x28\x22\x75\x70\x72\x6f\x62\x65\x5f\x66\x69\x6e\x69\x73\x68\
\x5f\x6f\x70\x20\x67\x6f\x74\x20\x63\x6c\x69\x65\x6e\x74\x20\x69\x64\x20\x25\
\x6c\x6c\x64\x5c\x6e\x22\x2c\x20\x6b\x65\x79\x2e\x63\x69\x64\x29\x3b\0\x20\x20\
\x73\x74\x72\x75\x63\x74\x20\x63\x6c\x69\x65\x6e\x74\x5f\x6f\x70\x5f\x76\x20\
\x2a\x6f\x70\x76\x20\x3d\x20\x62\x70\x66\x5f\x6d\x61\x70\x5f\x6c\x6f\x6f\x6b\
\x75\x70\x5f\x65\x6c\x65\x6d\x28\x26\x6f\x70\x73\x2c\x20\x26\x6b\x65\x79\x29\
\x3b\0\x20\x20\x69\x66\x20\x28\x4e\x55\x4c\x4c\x20\x3d\x3d\x20\x6f\x70\x76\x29\
\x20\x7b\0\x20\x20\x20\x20\x62\x70\x66\x5f\x70\x72\x69\x6e\x74\x6b\x28\x22\x75\
\x70\x72\x6f\x62\x65\x5f\x66\x69\x6e\x69\x73\x68\x5f\x6f\x70\x2c\x20\x6e\x6f\
\x20\x70\x72\x65\x76\x69\x6f\x75\x73\x20\x73\x65\x6e\x64\x5f\x6f\x70\x20\x69\
\x6e\x66\x6f\x2c\x20\x63\x6c\x69\x65\x6e\x74\x20\x69\x64\x20\x25\x6c\x6c\x64\
\x2c\x20\x74\x69\x64\x20\x25\x6c\x6c\x64\x5c\x6e\x22\x2c\x20\x6b\x65\x79\x2e\
\x63\x69\x64\x2c\x20\x6b\x65\x79\x2e\x74\x69\x64\x29\x3b\0\x20\x20\x6f\x70\x76\
\x2d\x3e\x66\x69\x6e\x69\x73\x68\x5f\x73\x74\x61\x6d\x70\x20\x3d\x20\x62\x70\
\x66\x5f\x6b\x74\x69\x6d\x65\x5f\x67\x65\x74\x5f\x62\x6f\x6f\x74\x5f\x6e\x73\
\x28\x29\x3b\0\x20\x20\x6f\x70\x76\x2d\x3e\x70\x69\x64\x20\x3d\x20\x67\x65\x74\
\x5f\x70\x69\x64\x28\x29\x3b\0\x20\x20\x73\x74\x72\x75\x63\x74\x20\x63\x6c\x69\
\x65\x6e\x74\x5f\x6f\x70\x5f\x76\x20\x2a\x65\x20\x3d\x20\x62\x70\x66\x5f\x72\
\x69\x6e\x67\x62\x75\x66\x5f\x72\x65\x73\x65\x72\x76\x65\x28\x26\x72\x62\x2c\
\x20\x73\x69\x7a\x65\x6f\x66\x28\x73\x74\x72\x75\x63\x74\x20\x63\x6c\x69\x65\
\x6e\x74\x5f\x6f\x70\x5f\x76\x29\x2c\x20\x30\x29\x3b\0\x20\x20\x69\x66\x20\x28\
\x4e\x55\x4c\x4c\x20\x3d\x3d\x20\x65\x29\x20\x7b\0\x20\x20\x2a\x65\x20\x3d\x20\
\x2a\x6f\x70\x76\x3b\0\x20\x20\x62\x70\x66\x5f\x72\x69\x6e\x67\x62\x75\x66\x5f\
\x73\x75\x62\x6d\x69\x74\x28\x65\x2c\x20\x30\x29\x3b\0\x20\x20\x62\x70\x66\x5f\
\x6d\x61\x70\x5f\x64\x65\x6c\x65\x74\x65\x5f\x65\x6c\x65\x6d\x28\x26\x6f\x70\
\x73\x2c\x20\x26\x6b\x65\x79\x29\x3b\0\x2e\x72\x6f\x64\x61\x74\x61\0\x6c\x69\
\x63\x65\x6e\x73\x65\0\x2e\x6d\x61\x70\x73\0\x2e\x62\x73\x73\0\x2e\x74\x65\x78\
\x74\0\x75\x70\x72\x6f\x62\x65\0\0\0\x9f\xeb\x01\0\x20\0\0\0\0\0\0\0\x54\0\0\0\
\x54\0\0\0\x24\x19\0\0\x78\x19\0\0\0\0\0\0\x08\0\0\0\x31\x27\0\0\x06\0\0\0\0\0\
\0\0\x2d\0\0\0\x18\0\0\0\x2e\0\0\0\x28\0\0\0\x35\0\0\0\x68\x02\0\0\x37\0\0\0\
\xf8\x07\0\0\x39\0\0\0\x08\x0a\0\0\x3b\0\0\0\x37\x27\0\0\x02\0\0\0\0\0\0\0\x3e\
\0\0\0\x88\x13\0\0\x3f\0\0\0\x10\0\0\0\x31\x27\0\0\x8d\0\0\0\0\0\0\0\x19\x07\0\
\0\x3f\x07\0\0\x14\x4c\0\0\x08\0\0\0\x19\x07\0\0\x6e\x07\0\0\x18\x50\0\0\x10\0\
\0\0\x19\x07\0\0\x8c\x07\0\0\x03\x54\0\0\x18\0\0\0\x19\x07\0\0\x3f\x07\0\0\x14\
\x64\0\0\x20\0\0\0\x19\x07\0\0\x9a\x07\0\0\x03\x6c\0\0\x28\0\0\0\x19\x07\0\0\
\xa8\x07\0\0\0\x78\0\0\x30\0\0\0\x19\x07\0\0\xe9\x07\0\0\x07\x8c\0\0\x70\0\0\0\
\x19\x07\0\0\xf9\x07\0\0\x0e\x98\0\0\x80\0\0\0\x19\x07\0\0\xe9\x07\0\0\x07\x8c\
\0\0\xa8\0\0\0\x19\x07\0\0\x0b\x08\0\0\x0e\xd8\0\0\xb8\0\0\0\x19\x07\0\0\xe9\
\x07\0\0\x07\x8c\0\0\xd8\0\0\0\x19\x07\0\0\x1c\x08\0\0\x0e\xb8\0\0\xe8\0\0\0\
\x19\x07\0\0\xe9\x07\0\0\x07\x8c\0\0\x08\x01\0\0\x19\x07\0\0\x2e\x08\0\0\x0e\
\xf8\0\0\x18\x01\0\0\x19\x07\0\0\xe9\x07\0\0\x07\x8c\0\0\x30\x01\0\0\x19\x07\0\
\0\x40\x08\0\0\x0e\xa8\0\0\x40\x01\0\0\x19\x07\0\0\xe9\x07\0\0\x07\x8c\0\0\x58\
\x01\0\0\x19\x07\0\0\x52\x08\0\0\x0e\xe8\0\0\x68\x01\0\0\x19\x07\0\0\xe9\x07\0\
\0\x07\x8c\0\0\x80\x01\0\0\x19\x07\0\0\x64\x08\0\0\x0e\xc8\0\0\x90\x01\0\0\x19\
\x07\0\0\xe9\x07\0\0\x07\x8c\0\0\xa8\x01\0\0\x19\x07\0\0\x76\x08\0\0\x0e\x08\
\x01\0\xb8\x01\0\0\x19\x07\0\0\x88\x08\0\0\x0e\x90\0\0\xc8\x01\0\0\x19\x07\0\0\
\x9a\x08\0\0\x0e\xd0\0\0\xd8\x01\0\0\x19\x07\0\0\xab\x08\0\0\x0e\xb0\0\0\xe8\
\x01\0\0\x19\x07\0\0\xbd\x08\0\0\x0e\xf0\0\0\xf8\x01\0\0\x19\x07\0\0\xcf\x08\0\
\0\x0e\xa0\0\0\x08\x02\0\0\x19\x07\0\0\xe1\x08\0\0\x0e\xe0\0\0\x18\x02\0\0\x19\
\x07\0\0\xf3\x08\0\0\x0e\xc0\0\0\x28\x02\0\0\x19\x07\0\0\x05\x09\0\0\x0e\0\x01\
\0\x38\x02\0\0\x19\x07\0\0\x17\x09\0\0\x05\x10\x01\0\x60\x02\0\0\x19\x07\0\0\
\x5f\x09\0\0\x03\x60\x01\0\x68\x02\0\0\x19\x07\0\0\x6b\x09\0\0\0\x74\x01\0\x78\
\x02\0\0\x19\x07\0\0\xae\x09\0\0\x07\x78\x01\0\x88\x02\0\0\x19\x07\0\0\xca\x09\
\0\0\x12\x8c\x01\0\x98\x02\0\0\x19\x07\0\0\xca\x09\0\0\x07\x8c\x01\0\xa0\x02\0\
\0\x19\x07\0\0\xe4\x09\0\0\x1c\x90\x01\0\xb8\x02\0\0\x19\x07\0\0\xe4\x09\0\0\
\x0e\x90\x01\0\xc0\x02\0\0\x19\x07\0\0\x07\x0a\0\0\x17\x94\x01\0\xc8\x02\0\0\
\x19\x07\0\0\x07\x0a\0\0\x09\x94\x01\0\xd8\x02\0\0\x19\x07\0\0\x28\x0a\0\0\x07\
\x98\x01\0\xf8\x02\0\0\x19\x07\0\0\x70\x0a\0\0\x12\x9c\x01\0\0\x03\0\0\x19\x07\
\0\0\x8a\x0a\0\0\x1d\xa8\x01\0\x18\x03\0\0\x19\x07\0\0\x8a\x0a\0\0\x0c\xa8\x01\
\0\x20\x03\0\0\x19\x07\0\0\xae\x0a\0\0\x10\xb0\x01\0\x40\x03\0\0\x19\x07\0\0\
\xae\x0a\0\0\x07\xb0\x01\0\x48\x03\0\0\x19\x07\0\0\xd4\x0a\0\0\x15\xb4\x01\0\
\x50\x03\0\0\x19\x07\0\0\xd4\x0a\0\0\x07\xb4\x01\0\x60\x03\0\0\x19\x07\0\0\xf3\
\x0a\0\0\x05\xb8\x01\0\x80\x03\0\0\x19\x07\0\0\x39\x0b\0\0\x28\xbc\x01\0\x98\
\x03\0\0\x19\x07\0\0\x39\x0b\0\0\x10\xbc\x01\0\xa0\x03\0\0\x19\x07\0\0\x39\x0b\
\0\0\x18\xbc\x01\0\xa8\x03\0\0\x19\x07\0\0\x68\x0b\0\0\x10\xd0\x01\0\xb8\x03\0\
\0\x19\x07\0\0\x8e\x0b\0\0\x1f\xc4\x01\0\xd0\x03\0\0\x19\x07\0\0\x8e\x0b\0\0\
\x0e\xc4\x01\0\xd8\x03\0\0\x19\x07\0\0\x68\x0b\0\0\x09\xd0\x01\0\xf8\x03\0\0\
\x19\x07\0\0\x68\x0b\0\0\x07\xd0\x01\0\0\x04\0\0\x19\x07\0\0\xb4\x0b\0\0\x15\
\xd4\x01\0\x08\x04\0\0\x19\x07\0\0\xb4\x0b\0\0\x07\xd4\x01\0\x18\x04\0\0\x19\
\x07\0\0\xf3\x0a\0\0\x05\xd8\x01\0\x38\x04\0\0\x19\x07\0\0\xd3\x0b\0\0\x28\xdc\
\x01\0\x50\x04\0\0\x19\x07\0\0\xd3\x0b\0\0\x10\xdc\x01\0\x58\x04\0\0\x19\x07\0\
\0\xd3\x0b\0\0\x18\xdc\x01\0\x60\x04\0\0\x19\x07\0\0\x02\x0c\0\0\x10\xf0\x01\0\
\x70\x04\0\0\x19\x07\0\0\x28\x0c\0\0\x1f\xe4\x01\0\x88\x04\0\0\x19\x07\0\0\x28\
\x0c\0\0\x0e\xe4\x01\0\x90\x04\0\0\x19\x07\0\0\x02\x0c\0\0\x09\xf0\x01\0\xb0\
\x04\0\0\x19\x07\0\0\x02\x0c\0\0\x07\xf0\x01\0\xb8\x04\0\0\x19\x07\0\0\x4e\x0c\
\0\0\x15\xf4\x01\0\xc0\x04\0\0\x19\x07\0\0\x4e\x0c\0\0\x07\xf4\x01\0\xd0\x04\0\
\0\x19\x07\0\0\xf3\x0a\0\0\x05\xf8\x01\0\xf0\x04\0\0\x19\x07\0\0\x6d\x0c\0\0\
\x28\xfc\x01\0\x08\x05\0\0\x19\x07\0\0\x6d\x0c\0\0\x10\xfc\x01\0\x10\x05\0\0\
\x19\x07\0\0\x6d\x0c\0\0\x18\xfc\x01\0\x18\x05\0\0\x19\x07\0\0\x9c\x0c\0\0\x10\
\x10\x02\0\x28\x05\0\0\x19\x07\0\0\xc2\x0c\0\0\x1f\x04\x02\0\x40\x05\0\0\x19\
\x07\0\0\xc2\x0c\0\0\x0e\x04\x02\0\x48\x05\0\0\x19\x07\0\0\x9c\x0c\0\0\x09\x10\
\x02\0\x68\x05\0\0\x19\x07\0\0\x9c\x0c\0\0\x07\x10\x02\0\x70\x05\0\0\x19\x07\0\
\0\xe8\x0c\0\0\x15\x14\x02\0\x78\x05\0\0\x19\x07\0\0\xe8\x0c\0\0\x07\x14\x02\0\
\x88\x05\0\0\x19\x07\0\0\xf3\x0a\0\0\x05\x18\x02\0\xa8\x05\0\0\x19\x07\0\0\x07\
\x0d\0\0\x28\x1c\x02\0\xc0\x05\0\0\x19\x07\0\0\x07\x0d\0\0\x10\x1c\x02\0\xc8\
\x05\0\0\x19\x07\0\0\x07\x0d\0\0\x18\x1c\x02\0\xd0\x05\0\0\x19\x07\0\0\x36\x0d\
\0\0\x10\x30\x02\0\xe0\x05\0\0\x19\x07\0\0\x5c\x0d\0\0\x1f\x24\x02\0\xf8\x05\0\
\0\x19\x07\0\0\x5c\x0d\0\0\x0e\x24\x02\0\0\x06\0\0\x19\x07\0\0\x36\x0d\0\0\x09\
\x30\x02\0\x20\x06\0\0\x19\x07\0\0\x36\x0d\0\0\x07\x30\x02\0\x28\x06\0\0\x19\
\x07\0\0\x82\x0d\0\0\x15\x34\x02\0\x30\x06\0\0\x19\x07\0\0\x82\x0d\0\0\x07\x34\
\x02\0\x40\x06\0\0\x19\x07\0\0\xf3\x0a\0\0\x05\x38\x02\0\x60\x06\0\0\x19\x07\0\
\0\xa1\x0d\0\0\x28\x3c\x02\0\x78\x06\0\0\x19\x07\0\0\xa1\x0d\0\0\x10\x3c\x02\0\
\x80\x06\0\0\x19\x07\0\0\xa1\x0d\0\0\x18\x3c\x02\0\x88\x06\0\0\x19\x07\0\0\xd0\
\x0d\0\0\x10\x50\x02\0\x98\x06\0\0\x19\x07\0\0\xf6\x0d\0\0\x1f\x44\x02\0\xb0\
\x06\0\0\x19\x07\0\0\xf6\x0d\0\0\x0e\x44\x02\0\xb8\x06\0\0\x19\x07\0\0\xd0\x0d\
\0\0\x09\x50\x02\0\xd8\x06\0\0\x19\x07\0\0\xd0\x0d\0\0\x07\x50\x02\0\xe0\x06\0\
\0\x19\x07\0\0\x1c\x0e\0\0\x15\x54\x02\0\xe8\x06\0\0\x19\x07\0\0\x1c\x0e\0\0\
\x07\x54\x02\0\xf8\x06\0\0\x19\x07\0\0\xf3\x0a\0\0\x05\x58\x02\0\x18\x07\0\0\
\x19\x07\0\0\x3b\x0e\0\0\x28\x5c\x02\0\x30\x07\0\0\x19\x07\0\0\x3b\x0e\0\0\x10\
\x5c\x02\0\x38\x07\0\0\x19\x07\0\0\x3b\x0e\0\0\x18\x5c\x02\0\x40\x07\0\0\x19\
\x07\0\0\x6a\x0e\0\0\x10\x70\x02\0\x50\x07\0\0\x19\x07\0\0\x90\x0e\0\0\x1f\x64\
\x02\0\x68\x07\0\0\x19\x07\0\0\x90\x0e\0\0\x0e\x64\x02\0\x70\x07\0\0\x19\x07\0\
\0\x6a\x0e\0\0\x09\x70\x02\0\x88\x07\0\0\x19\x07\0\0\x6a\x0e\0\0\x07\x70\x02\0\
\x90\x07\0\0\x19\x07\0\0\xb6\x0e\0\0\x15\x74\x02\0\x98\x07\0\0\x19\x07\0\0\xb6\
\x0e\0\0\x07\x74\x02\0\xa8\x07\0\0\x19\x07\0\0\xf3\x0a\0\0\x05\x78\x02\0\xc8\
\x07\0\0\x19\x07\0\0\xd5\x0e\0\0\x10\x7c\x02\0\xd0\x07\0\0\x19\x07\0\0\0\0\0\0\
\0\0\0\0\xf0\x07\0\0\x19\x07\0\0\x04\x0f\0\0\x01\x94\x02\0\xf8\x07\0\0\x19\x07\
\0\0\x06\x0f\0\0\0\x9c\x02\0\0\x08\0\0\x19\x07\0\0\xae\x09\0\0\x07\xa0\x02\0\
\x08\x08\0\0\x19\x07\0\0\x2a\x0f\0\0\x03\xa4\x02\0\x40\x08\0\0\x19\x07\0\0\x7b\
\x0f\0\0\x10\xac\x02\0\x60\x08\0\0\x19\x07\0\0\x7b\x0f\0\0\x07\xac\x02\0\x68\
\x08\0\0\x19\x07\0\0\x9a\x0f\0\0\x03\xb0\x02\0\x98\x08\0\0\x19\x07\0\0\xde\x0f\
\0\0\x10\xb8\x02\0\xb8\x08\0\0\x19\x07\0\0\xde\x0f\0\0\x07\xb8\x02\0\xc0\x08\0\
\0\x19\x07\0\0\xfd\x0f\0\0\x03\xbc\x02\0\xf0\x08\0\0\x19\x07\0\0\x41\x10\0\0\
\x10\xc4\x02\0\x10\x09\0\0\x19\x07\0\0\x41\x10\0\0\x07\xc4\x02\0\x18\x09\0\0\
\x19\x07\0\0\x60\x10\0\0\x03\xc8\x02\0\x48\x09\0\0\x19\x07\0\0\xa4\x10\0\0\x10\
\xd0\x02\0\x68\x09\0\0\x19\x07\0\0\xa4\x10\0\0\x07\xd0\x02\0\x70\x09\0\0\x19\
\x07\0\0\xc3\x10\0\0\x03\xd4\x02\0\xa0\x09\0\0\x19\x07\0\0\x07\x11\0\0\x10\xdc\
\x02\0\xc0\x09\0\0\x19\x07\0\0\x07\x11\0\0\x07\xdc\x02\0\xc8\x09\0\0\x19\x07\0\
\0\x26\x11\0\0\x03\xe0\x02\0\xf8\x09\0\0\x19\x07\0\0\x04\x0f\0\0\x01\xec\x02\0\
\x08\x0a\0\0\x6a\x11\0\0\x95\x11\0\0\0\xb0\0\0\x20\x0a\0\0\x6a\x11\0\0\0\0\0\0\
\0\0\0\0\x28\x0a\0\0\x6a\x11\0\0\xc5\x11\0\0\x03\xb4\0\0\x58\x0a\0\0\x6a\x11\0\
\0\x04\x0f\0\0\x01\xb8\0\0\x37\x27\0\0\x04\x01\0\0\0\0\0\0\x6a\x11\0\0\xf6\x11\
\0\0\0\xc4\0\0\x08\0\0\0\x6a\x11\0\0\x20\x12\0\0\x03\xc8\0\0\x30\0\0\0\x6a\x11\
\0\0\x4a\x12\0\0\x07\xcc\0\0\x38\0\0\0\x6a\x11\0\0\x5b\x12\0\0\x03\xd4\0\0\x50\
\0\0\0\x6a\x11\0\0\0\0\0\0\0\0\0\0\x58\0\0\0\x6a\x11\0\0\x7b\x12\0\0\x19\xdc\0\
\0\x70\0\0\0\x6a\x11\0\0\xba\x12\0\0\x07\xe0\0\0\x78\0\0\0\x6a\x11\0\0\xce\x12\
\0\0\x09\xe8\0\0\x98\0\0\0\x6a\x11\0\0\xfb\x12\0\0\x16\xec\0\0\xb0\0\0\0\x6a\
\x11\0\0\x2e\x13\0\0\x1e\xf0\0\0\xc0\0\0\0\x6a\x11\0\0\x2e\x13\0\0\x05\xf0\0\0\
\xd8\0\0\0\x6a\x11\0\0\x74\x13\0\0\x05\xf4\0\0\0\x01\0\0\x6a\x11\0\0\xae\x13\0\
\0\x05\xfc\0\0\x20\x01\0\0\x6a\x11\0\0\0\0\0\0\0\0\0\0\x28\x01\0\0\x6a\x11\0\0\
\xf1\x13\0\0\x03\x0c\x01\0\x50\x01\0\0\x6a\x11\0\0\xfc\x13\0\0\x08\x10\x01\0\
\x68\x01\0\0\x6a\x11\0\0\xba\x12\0\0\x07\x14\x01\0\x70\x01\0\0\x6a\x11\0\0\xce\
\x12\0\0\x09\x1c\x01\0\x90\x01\0\0\x6a\x11\0\0\x2a\x14\0\0\x16\x20\x01\0\xb0\
\x01\0\0\x6a\x11\0\0\0\0\0\0\0\0\0\0\xb8\x01\0\0\x6a\x11\0\0\x5d\x14\0\0\x05\
\x24\x01\0\xd0\x01\0\0\x6a\x11\0\0\xa3\x14\0\0\x05\x28\x01\0\xf8\x01\0\0\x6a\
\x11\0\0\xae\x13\0\0\x05\x30\x01\0\x18\x02\0\0\x6a\x11\0\0\0\0\0\0\0\0\0\0\x20\
\x02\0\0\x6a\x11\0\0\xe3\x14\0\0\x03\x3c\x01\0\x58\x02\0\0\x6a\x11\0\0\xc5\x11\
\0\0\x03\xb4\0\0\x90\x02\0\0\x6a\x11\0\0\xe3\x14\0\0\x03\x3c\x01\0\x98\x02\0\0\
\x6a\x11\0\0\xfc\x14\0\0\x1d\x40\x01\0\xb8\x02\0\0\x6a\x11\0\0\x39\x15\0\0\x07\
\x44\x01\0\xc0\x02\0\0\x6a\x11\0\0\x4e\x15\0\0\x03\x50\x01\0\x58\x04\0\0\x6a\
\x11\0\0\x7c\x15\0\0\x15\x54\x01\0\x60\x04\0\0\x6a\x11\0\0\x7c\x15\0\0\x13\x54\
\x01\0\x68\x04\0\0\x6a\x11\0\0\xa9\x15\0\0\x12\x58\x01\0\x70\x04\0\0\x6a\x11\0\
\0\xa9\x15\0\0\x0c\x58\x01\0\x78\x04\0\0\x6a\x11\0\0\xbf\x15\0\0\x12\x5c\x01\0\
\x80\x04\0\0\x6a\x11\0\0\xbf\x15\0\0\x0c\x5c\x01\0\x88\x04\0\0\x6a\x11\0\0\xd5\
\x15\0\0\x0b\x60\x01\0\x90\x04\0\0\x6a\x11\0\0\xf1\x13\0\0\x03\x68\x01\0\xb0\
\x04\0\0\x6a\x11\0\0\x4e\x15\0\0\x03\x50\x01\0\xb8\x04\0\0\x6a\x11\0\0\xfc\x13\
\0\0\x08\x6c\x01\0\xd0\x04\0\0\x6a\x11\0\0\xba\x12\0\0\x07\x70\x01\0\xd8\x04\0\
\0\x6a\x11\0\0\xce\x12\0\0\x09\x78\x01\0\xf8\x04\0\0\x6a\x11\0\0\xe4\x15\0\0\
\x16\x7c\x01\0\x10\x05\0\0\x6a\x11\0\0\x17\x16\0\0\x1f\x80\x01\0\x20\x05\0\0\
\x6a\x11\0\0\x17\x16\0\0\x05\x80\x01\0\x38\x05\0\0\x6a\x11\0\0\x6d\x16\0\0\x05\
\x84\x01\0\x60\x05\0\0\x6a\x11\0\0\xae\x13\0\0\x05\x8c\x01\0\x80\x05\0\0\x6a\
\x11\0\0\0\0\0\0\0\0\0\0\x88\x05\0\0\x6a\x11\0\0\xf1\x13\0\0\x03\x9c\x01\0\xb0\
\x05\0\0\x6a\x11\0\0\xfc\x13\0\0\x08\xa0\x01\0\xd0\x05\0\0\x6a\x11\0\0\xb2\x16\
\0\0\x07\xa4\x01\0\xd8\x05\0\0\x6a\x11\0\0\xba\x12\0\0\x07\xa8\x01\0\xe0\x05\0\
\0\x6a\x11\0\0\xce\x12\0\0\x09\xb0\x01\0\0\x06\0\0\x6a\x11\0\0\xc6\x16\0\0\x16\
\xb4\x01\0\x20\x06\0\0\x6a\x11\0\0\0\0\0\0\0\0\0\0\x28\x06\0\0\x6a\x11\0\0\xf9\
\x16\0\0\x05\xb8\x01\0\x40\x06\0\0\x6a\x11\0\0\x41\x17\0\0\x05\xbc\x01\0\x68\
\x06\0\0\x6a\x11\0\0\xae\x13\0\0\x05\xc4\x01\0\x88\x06\0\0\x6a\x11\0\0\0\0\0\0\
\0\0\0\0\x90\x06\0\0\x6a\x11\0\0\xf1\x13\0\0\x03\xd4\x01\0\xb8\x06\0\0\x6a\x11\
\0\0\xfc\x13\0\0\x08\xd8\x01\0\xd8\x06\0\0\x6a\x11\0\0\x82\x17\0\0\x09\xdc\x01\
\0\xe0\x06\0\0\x6a\x11\0\0\xba\x12\0\0\x07\xe0\x01\0\xe8\x06\0\0\x6a\x11\0\0\
\xce\x12\0\0\x09\xe8\x01\0\x08\x07\0\0\x6a\x11\0\0\x99\x17\0\0\x1c\xec\x01\0\
\x28\x07\0\0\x6a\x11\0\0\0\0\0\0\0\0\0\0\x30\x07\0\0\x6a\x11\0\0\xd2\x17\0\0\
\x05\xf0\x01\0\x48\x07\0\0\x6a\x11\0\0\x22\x18\0\0\x05\xf4\x01\0\x68\x07\0\0\
\x6a\x11\0\0\xae\x13\0\0\x05\xfc\x01\0\x80\x07\0\0\x6a\x11\0\0\0\0\0\0\0\0\0\0\
\x90\x07\0\0\x6a\x11\0\0\x69\x18\0\0\x0c\x08\x02\0\xa8\x07\0\0\x6a\x11\0\0\x7c\
\x18\0\0\x3b\x0c\x02\0\xb0\x07\0\0\x6a\x11\0\0\x7c\x18\0\0\x1c\x0c\x02\0\xc0\
\x07\0\0\x6a\x11\0\0\x7c\x18\0\0\x03\x0c\x02\0\xc8\x07\0\0\x6a\x11\0\0\xf1\x13\
\0\0\x03\x14\x02\0\xe8\x07\0\0\x6a\x11\0\0\x69\x18\0\0\x0c\x08\x02\0\xf0\x07\0\
\0\x6a\x11\0\0\xfc\x13\0\0\x08\x18\x02\0\x08\x08\0\0\x6a\x11\0\0\xba\x12\0\0\
\x07\x1c\x02\0\x10\x08\0\0\x6a\x11\0\0\0\0\0\0\0\0\0\0\x20\x08\0\0\x6a\x11\0\0\
\xce\x12\0\0\x09\x24\x02\0\x40\x08\0\0\x6a\x11\0\0\xc2\x18\0\0\x18\x28\x02\0\
\x58\x08\0\0\x6a\x11\0\0\xf7\x18\0\0\x05\x2c\x02\0\x78\x08\0\0\x6a\x11\0\0\x3f\
\x19\0\0\x05\x30\x02\0\xa0\x08\0\0\x6a\x11\0\0\xae\x13\0\0\x05\x38\x02\0\xc0\
\x08\0\0\x6a\x11\0\0\0\0\0\0\0\0\0\0\xc8\x08\0\0\x6a\x11\0\0\xf1\x13\0\0\x03\
\x48\x02\0\xf0\x08\0\0\x6a\x11\0\0\xfc\x13\0\0\x08\x4c\x02\0\x08\x09\0\0\x6a\
\x11\0\0\xba\x12\0\0\x07\x50\x02\0\x10\x09\0\0\x6a\x11\0\0\xce\x12\0\0\x09\x58\
\x02\0\x30\x09\0\0\x6a\x11\0\0\x79\x19\0\0\x19\x5c\x02\0\x48\x09\0\0\x6a\x11\0\
\0\xaf\x19\0\0\x1f\x60\x02\0\x58\x09\0\0\x6a\x11\0\0\xaf\x19\0\0\x05\x60\x02\0\
\x70\x09\0\0\x6a\x11\0\0\0\x1a\0\0\x05\x64\x02\0\x98\x09\0\0\x6a\x11\0\0\xae\
\x13\0\0\x05\x6c\x02\0\xb8\x09\0\0\x6a\x11\0\0\0\0\0\0\0\0\0\0\xc0\x09\0\0\x6a\
\x11\0\0\xf1\x13\0\0\x03\x7c\x02\0\xe8\x09\0\0\x6a\x11\0\0\xfc\x13\0\0\x08\x80\
\x02\0\0\x0a\0\0\x6a\x11\0\0\xba\x12\0\0\x07\x84\x02\0\x08\x0a\0\0\x6a\x11\0\0\
\xce\x12\0\0\x09\x8c\x02\0\x28\x0a\0\0\x6a\x11\0\0\x3f\x1a\0\0\x19\x90\x02\0\
\x40\x0a\0\0\x6a\x11\0\0\x75\x1a\0\0\x1f\x94\x02\0\x50\x0a\0\0\x6a\x11\0\0\x75\
\x1a\0\0\x05\x94\x02\0\x68\x0a\0\0\x6a\x11\0\0\xc6\x1a\0\0\x05\x98\x02\0\x90\
\x0a\0\0\x6a\x11\0\0\xae\x13\0\0\x05\xa0\x02\0\xb0\x0a\0\0\x6a\x11\0\0\0\0\0\0\
\0\0\0\0\xb8\x0a\0\0\x6a\x11\0\0\xf1\x13\0\0\x03\xb0\x02\0\xe0\x0a\0\0\x6a\x11\
\0\0\xfc\x13\0\0\x08\xb8\x02\0\xf8\x0a\0\0\x6a\x11\0\0\xba\x12\0\0\x07\xbc\x02\
\0\0\x0b\0\0\x6a\x11\0\0\xce\x12\0\0\x09\xc4\x02\0\x20\x0b\0\0\x6a\x11\0\0\x05\
\x1b\0\0\x1a\xc8\x02\0\x40\x0b\0\0\x6a\x11\0\0\0\0\0\0\0\0\0\0\x48\x0b\0\0\x6a\
\x11\0\0\x3c\x1b\0\0\x05\xcc\x02\0\x60\x0b\0\0\x6a\x11\0\0\x86\x1b\0\0\x05\xd0\
\x02\0\x88\x0b\0\0\x6a\x11\0\0\xf1\x13\0\0\x03\xec\x02\0\xa8\x0b\0\0\x6a\x11\0\
\0\0\0\0\0\0\0\0\0\xb0\x0b\0\0\x6a\x11\0\0\xfc\x13\0\0\x08\xf4\x02\0\xc8\x0b\0\
\0\x6a\x11\0\0\xba\x12\0\0\x07\xf8\x02\0\xd0\x0b\0\0\x6a\x11\0\0\xce\x12\0\0\
\x09\0\x03\0\xf8\x0b\0\0\x6a\x11\0\0\xc2\x1b\0\0\x1b\x04\x03\0\x18\x0c\0\0\x6a\
\x11\0\0\0\0\0\0\0\0\0\0\x20\x0c\0\0\x6a\x11\0\0\xfa\x1b\0\0\x05\x08\x03\0\x38\
\x0c\0\0\x6a\x11\0\0\x47\x1c\0\0\x05\x0c\x03\0\x68\x0c\0\0\x6a\x11\0\0\x85\x1c\
\0\0\x03\x24\x03\0\x78\x0c\0\0\x6a\x11\0\0\xaf\x1c\0\0\x09\x2c\x03\0\x90\x0c\0\
\0\x6a\x11\0\0\xcd\x1c\0\0\x14\x28\x03\0\xa8\x0c\0\0\x6a\x11\0\0\xaf\x1c\0\0\
\x13\x2c\x03\0\xb0\x0c\0\0\x6a\x11\0\0\xaf\x1c\0\0\x09\x2c\x03\0\xb8\x0c\0\0\
\x6a\x11\0\0\xe6\x1c\0\0\x02\x30\x03\0\xc8\x0c\0\0\x6a\x11\0\0\x2d\x1d\0\0\x0a\
\x34\x03\0\xe0\x0c\0\0\x6a\x11\0\0\x85\x1c\0\0\x16\x24\x03\0\xe8\x0c\0\0\x6a\
\x11\0\0\x85\x1c\0\0\x03\x24\x03\0\xf0\x0c\0\0\x6a\x11\0\0\xf1\x13\0\0\x03\x50\
\x03\0\x18\x0d\0\0\x6a\x11\0\0\xfc\x13\0\0\x08\x58\x03\0\x30\x0d\0\0\x6a\x11\0\
\0\xba\x12\0\0\x07\x5c\x03\0\x38\x0d\0\0\x6a\x11\0\0\xce\x12\0\0\x09\x64\x03\0\
\x60\x0d\0\0\x6a\x11\0\0\x46\x1d\0\0\x1a\x68\x03\0\x80\x0d\0\0\x6a\x11\0\0\0\0\
\0\0\0\0\0\0\x88\x0d\0\0\x6a\x11\0\0\x7d\x1d\0\0\x05\x6c\x03\0\xa0\x0d\0\0\x6a\
\x11\0\0\xc7\x1d\0\0\x05\x70\x03\0\xc8\x0d\0\0\x6a\x11\0\0\xf1\x13\0\0\x03\x8c\
\x03\0\xe8\x0d\0\0\x6a\x11\0\0\0\0\0\0\0\0\0\0\xf0\x0d\0\0\x6a\x11\0\0\xfc\x13\
\0\0\x08\x90\x03\0\x08\x0e\0\0\x6a\x11\0\0\xba\x12\0\0\x07\x94\x03\0\x10\x0e\0\
\0\x6a\x11\0\0\xce\x12\0\0\x09\x9c\x03\0\x30\x0e\0\0\x6a\x11\0\0\x05\x1e\0\0\
\x19\xa0\x03\0\x48\x0e\0\0\x6a\x11\0\0\x3b\x1e\0\0\x1f\xa4\x03\0\x60\x0e\0\0\
\x6a\x11\0\0\x3b\x1e\0\0\x05\xa4\x03\0\x78\x0e\0\0\x6a\x11\0\0\x90\x1e\0\0\x05\
\xa8\x03\0\xa0\x0e\0\0\x6a\x11\0\0\xd2\x1e\0\0\x11\xc0\x03\0\xc0\x0e\0\0\x6a\
\x11\0\0\xe8\x1e\0\0\x0f\xc8\x03\0\xd0\x0e\0\0\x6a\x11\0\0\xfb\x1e\0\0\x03\xcc\
\x03\0\xf0\x0e\0\0\x6a\x11\0\0\xe8\x1e\0\0\x08\xc8\x03\0\x08\x0f\0\0\x6a\x11\0\
\0\x1e\x1f\0\0\x08\xc4\x03\0\x18\x0f\0\0\x6a\x11\0\0\x31\x1f\0\0\x12\xd0\x03\0\
\x28\x0f\0\0\x6a\x11\0\0\x31\x1f\0\0\x09\xd0\x03\0\x30\x0f\0\0\x6a\x11\0\0\x4e\
\x1f\0\0\x48\xd4\x03\0\x38\x0f\0\0\x6a\x11\0\0\x4e\x1f\0\0\x07\xd4\x03\0\x50\
\x0f\0\0\x6a\x11\0\0\xa0\x1f\0\0\x1e\xd8\x03\0\x58\x0f\0\0\xcc\x1f\0\0\xf7\x1f\
\0\0\x23\x14\x06\0\xc8\x0f\0\0\x6a\x11\0\0\x1c\x20\0\0\x43\xf8\x03\0\xe0\x0f\0\
\0\x6a\x11\0\0\x1c\x20\0\0\x39\xf8\x03\0\xe8\x0f\0\0\x6a\x11\0\0\x1c\x20\0\0\
\x41\xf8\x03\0\xf8\x0f\0\0\x6a\x11\0\0\x7d\x20\0\0\x07\xf0\x03\0\0\x10\0\0\x6a\
\x11\0\0\x90\x20\0\0\x07\xf4\x03\0\x10\x10\0\0\x6a\x11\0\0\x1c\x20\0\0\x43\xf8\
\x03\0\x18\x10\0\0\x6a\x11\0\0\x1c\x20\0\0\x02\xf8\x03\0\x28\x10\0\0\x6a\x11\0\
\0\xa6\x20\0\0\x49\xfc\x03\0\x40\x10\0\0\x6a\x11\0\0\xa6\x20\0\0\x3f\xfc\x03\0\
\x48\x10\0\0\x6a\x11\0\0\xa6\x20\0\0\x47\xfc\x03\0\x58\x10\0\0\x6a\x11\0\0\x1c\
\x20\0\0\x43\xf8\x03\0\x60\x10\0\0\x6a\x11\0\0\xa6\x20\0\0\x02\xfc\x03\0\x70\
\x10\0\0\x6a\x11\0\0\x0e\x21\0\0\x45\x0c\x04\0\x88\x10\0\0\x6a\x11\0\0\x0e\x21\
\0\0\x3b\x0c\x04\0\x90\x10\0\0\x6a\x11\0\0\x0e\x21\0\0\x43\x0c\x04\0\x98\x10\0\
\0\x6a\x11\0\0\x77\x21\0\0\x08\x08\x04\0\xb0\x10\0\0\x6a\x11\0\0\x1c\x20\0\0\
\x43\xf8\x03\0\xb8\x10\0\0\x6a\x11\0\0\x0e\x21\0\0\x02\x0c\x04\0\xc8\x10\0\0\
\x6a\x11\0\0\x8c\x21\0\0\x3c\x18\x04\0\xe0\x10\0\0\x6a\x11\0\0\x8c\x21\0\0\x31\
\x18\x04\0\xe8\x10\0\0\x6a\x11\0\0\x8c\x21\0\0\x3a\x18\x04\0\xf0\x10\0\0\x6a\
\x11\0\0\xe7\x21\0\0\x08\x14\x04\0\x08\x11\0\0\x6a\x11\0\0\x1c\x20\0\0\x43\xf8\
\x03\0\x10\x11\0\0\x6a\x11\0\0\x8c\x21\0\0\x02\x18\x04\0\x20\x11\0\0\x6a\x11\0\
\0\xf7\x21\0\0\x08\x20\x04\0\x30\x11\0\0\x6a\x11\0\0\x08\x22\0\0\x39\x24\x04\0\
\x48\x11\0\0\x6a\x11\0\0\x08\x22\0\0\x33\x24\x04\0\x50\x11\0\0\x6a\x11\0\0\x08\
\x22\0\0\x37\x24\x04\0\x60\x11\0\0\x6a\x11\0\0\x1c\x20\0\0\x43\xf8\x03\0\x68\
\x11\0\0\x6a\x11\0\0\x08\x22\0\0\x02\x24\x04\0\x78\x11\0\0\x6a\x11\0\0\x61\x22\
\0\0\x0a\x2c\x04\0\x80\x11\0\0\x6a\x11\0\0\x70\x22\0\0\x02\x30\x04\0\x88\x11\0\
\0\x6a\x11\0\0\x61\x22\0\0\x0a\x2c\x04\0\x90\x11\0\0\x6a\x11\0\0\x70\x22\0\0\
\x41\x30\x04\0\x98\x11\0\0\x6a\x11\0\0\x70\x22\0\0\x02\x30\x04\0\xa8\x11\0\0\
\x6a\x11\0\0\xb7\x22\0\0\x4e\x3c\x04\0\xb0\x11\0\0\x6a\x11\0\0\xb7\x22\0\0\x47\
\x3c\x04\0\xb8\x11\0\0\x6a\x11\0\0\xb7\x22\0\0\x4c\x3c\x04\0\xc0\x11\0\0\x6a\
\x11\0\0\xb7\x22\0\0\x33\x3c\x04\0\xd0\x11\0\0\x6a\x11\0\0\x0e\x23\0\0\x0d\x38\
\x04\0\xd8\x11\0\0\x6a\x11\0\0\xb7\x22\0\0\x02\x3c\x04\0\xe0\x11\0\0\x6a\x11\0\
\0\x0e\x23\0\0\x0d\x38\x04\0\x18\x12\0\0\x6a\x11\0\0\x21\x23\0\0\x53\xe0\x03\0\
\x30\x12\0\0\x6a\x11\0\0\x21\x23\0\0\x49\xe0\x03\0\x38\x12\0\0\x6a\x11\0\0\x21\
\x23\0\0\x51\xe0\x03\0\x40\x12\0\0\x6a\x11\0\0\x21\x23\0\0\x09\xe0\x03\0\x58\
\x12\0\0\x6a\x11\0\0\x98\x23\0\0\x53\xe4\x03\0\x70\x12\0\0\x6a\x11\0\0\x98\x23\
\0\0\x49\xe4\x03\0\x78\x12\0\0\x6a\x11\0\0\x98\x23\0\0\x51\xe4\x03\0\x80\x12\0\
\0\x6a\x11\0\0\x98\x23\0\0\x09\xe4\x03\0\x90\x12\0\0\x6a\x11\0\0\0\0\0\0\0\0\0\
\0\x98\x12\0\0\x6a\x11\0\0\x0f\x24\0\0\x12\x44\x04\0\xb0\x12\0\0\x6a\x11\0\0\
\x0f\x24\0\0\x0f\x44\x04\0\xc8\x12\0\0\x6a\x11\0\0\xfb\x1e\0\0\x18\xcc\x03\0\
\xd8\x12\0\0\x6a\x11\0\0\xfb\x1e\0\0\x1d\xcc\x03\0\xe0\x12\0\0\x6a\x11\0\0\xfb\
\x1e\0\0\x03\xcc\x03\0\xe8\x12\0\0\x6a\x11\0\0\x04\x0f\0\0\x01\x64\x04\0\xf8\
\x12\0\0\x6a\x11\0\0\xae\x13\0\0\x05\xd8\x02\0\x18\x13\0\0\x6a\x11\0\0\xae\x13\
\0\0\x05\x14\x03\0\x38\x13\0\0\x6a\x11\0\0\xae\x13\0\0\x05\x78\x03\0\x58\x13\0\
\0\x6a\x11\0\0\xae\x13\0\0\x05\xb0\x03\0\x70\x13\0\0\x6a\x11\0\0\0\0\0\0\0\0\0\
\0\x88\x13\0\0\x6a\x11\0\0\x32\x24\0\0\0\x70\x04\0\x90\x13\0\0\x6a\x11\0\0\x5e\
\x24\0\0\x03\x74\x04\0\xb8\x13\0\0\x6a\x11\0\0\x8a\x24\0\0\x07\x78\x04\0\xc8\
\x13\0\0\x6a\x11\0\0\x5b\x12\0\0\x03\x80\x04\0\xe0\x13\0\0\x6a\x11\0\0\0\0\0\0\
\0\0\0\0\xe8\x13\0\0\x6a\x11\0\0\x7b\x12\0\0\x19\x88\x04\0\0\x14\0\0\x6a\x11\0\
\0\xba\x12\0\0\x07\x8c\x04\0\x08\x14\0\0\x6a\x11\0\0\xce\x12\0\0\x09\x94\x04\0\
\x28\x14\0\0\x6a\x11\0\0\xfb\x12\0\0\x16\x98\x04\0\x40\x14\0\0\x6a\x11\0\0\x2e\
\x13\0\0\x1e\x9c\x04\0\x50\x14\0\0\x6a\x11\0\0\x2e\x13\0\0\x05\x9c\x04\0\x68\
\x14\0\0\x6a\x11\0\0\x9c\x24\0\0\x05\xa0\x04\0\x90\x14\0\0\x6a\x11\0\0\xd8\x24\
\0\0\x05\xa8\x04\0\xb0\x14\0\0\x6a\x11\0\0\0\0\0\0\0\0\0\0\xb8\x14\0\0\x6a\x11\
\0\0\xf1\x13\0\0\x03\xb8\x04\0\xe0\x14\0\0\x6a\x11\0\0\xfc\x13\0\0\x08\xbc\x04\
\0\xf8\x14\0\0\x6a\x11\0\0\xba\x12\0\0\x07\xc0\x04\0\0\x15\0\0\x6a\x11\0\0\xce\
\x12\0\0\x09\xc8\x04\0\x20\x15\0\0\x6a\x11\0\0\x2a\x14\0\0\x16\xcc\x04\0\x40\
\x15\0\0\x6a\x11\0\0\0\0\0\0\0\0\0\0\x48\x15\0\0\x6a\x11\0\0\x5d\x14\0\0\x05\
\xd0\x04\0\x60\x15\0\0\x6a\x11\0\0\x1d\x25\0\0\x05\xd4\x04\0\x88\x15\0\0\x6a\
\x11\0\0\xd8\x24\0\0\x05\xdc\x04\0\xa8\x15\0\0\x6a\x11\0\0\0\0\0\0\0\0\0\0\xb8\
\x15\0\0\x6a\x11\0\0\x5f\x25\0\0\x1d\xe8\x04\0\xe0\x15\0\0\x6a\x11\0\0\x9c\x25\
\0\0\x07\xf0\x04\0\xe8\x15\0\0\x6a\x11\0\0\xb1\x25\0\0\x05\xf4\x04\0\x20\x16\0\
\0\x6a\x11\0\0\x1d\x26\0\0\x17\0\x05\0\x28\x16\0\0\x6a\x11\0\0\x1d\x26\0\0\x15\
\0\x05\0\x30\x16\0\0\x19\x07\0\0\x3f\x07\0\0\x14\x4c\0\0\x38\x16\0\0\x19\x07\0\
\0\x6e\x07\0\0\x18\x50\0\0\x40\x16\0\0\x6a\x11\0\0\x4c\x26\0\0\x0c\x04\x05\0\
\x48\x16\0\0\x6a\x11\0\0\x64\x26\0\0\x1b\x0c\x05\0\x70\x16\0\0\x6a\x11\0\0\xb7\
\x26\0\0\x07\x10\x05\0\x78\x16\0\0\x6a\x11\0\0\xca\x26\0\0\x08\x1c\x05\0\xa8\
\x19\0\0\x6a\x11\0\0\xd7\x26\0\0\x03\x20\x05\0\xc8\x19\0\0\x6a\x11\0\0\xca\x26\
\0\0\x08\x1c\x05\0\xd0\x19\0\0\x6a\x11\0\0\xf3\x26\0\0\x03\x28\x05\0\xe8\x19\0\
\0\x6a\x11\0\0\x04\x0f\0\0\x01\x34\x05\0\0\0\0\0\0\0\0\0\0\0\0\0\0\0\0\0\0\0\0\
\0\0\0\0\0\0\0\0\0\0\0\0\0\0\0\0\0\0\0\0\0\0\0\0\0\0\0\0\0\0\0\0\0\0\0\0\0\0\0\
\0\0\0\0\0\0\x01\0\0\0\x03\0\0\0\x20\0\0\0\0\0\0\0\0\0\0\0\0\0\0\0\x40\0\0\0\0\
\0\0\0\x01\x08\0\0\0\0\0\0\0\0\0\0\0\0\0\0\x01\0\0\0\0\0\0\0\0\0\0\0\0\0\0\0\
\x09\0\0\0\x02\0\0\0\0\0\0\0\0\0\0\0\0\0\0\0\0\0\0\0\x48\x08\0\0\0\0\0\0\x80\
\x0d\0\0\0\0\0\0\x01\0\0\0\0\0\0\0\x08\0\0\0\0\0\0\0\x18\0\0\0\0\0\0\0\x11\0\0\
\0\x01\0\0\0\x06\0\0\0\0\0\0\0\0\0\0\0\0\0\0\0\xc8\x15\0\0\0\0\0\0\x60\x0a\0\0\
\0\0\0\0\0\0\0\0\0\0\0\0\x08\0\0\0\0\0\0\0\0\0\0\0\0\0\0\0\x17\0\0\0\x01\0\0\0\
\x06\0\0\0\0\0\0\0\0\0\0\0\0\0\0\0\x28\x20\0\0\0\0\0\0\xf8\x19\0\0\0\0\0\0\0\0\
\0\0\0\0\0\0\x08\0\0\0\0\0\0\0\0\0\0\0\0\0\0\0\x1e\0\0\0\x01\0\0\0\x02\0\0\0\0\
\0\0\0\0\0\0\0\0\0\0\0\x20\x3a\0\0\0\0\0\0\x77\x05\0\0\0\0\0\0\0\0\0\0\0\0\0\0\
\x04\0\0\0\0\0\0\0\0\0\0\0\0\0\0\0\x26\0\0\0\x01\0\0\0\x03\0\0\0\0\0\0\0\0\0\0\
\0\0\0\0\0\x97\x3f\0\0\0\0\0\0\x0d\0\0\0\0\0\0\0\0\0\0\0\0\0\0\0\x01\0\0\0\0\0\
\0\0\0\0\0\0\0\0\0\0\x2e\0\0\0\x01\0\0\0\x03\0\0\0\0\0\0\0\0\0\0\0\0\0\0\0\xa8\
\x3f\0\0\0\0\0\0\x50\0\0\0\0\0\0\0\0\0\0\0\0\0\0\0\x08\0\0\0\0\0\0\0\0\0\0\0\0\
\0\0\0\x34\0\0\0\x08\0\0\0\x03\0\0\0\0\0\0\0\0\0\0\0\0\0\0\0\xf8\x3f\0\0\0\0\0\
\0\x98\x01\0\0\0\0\0\0\0\0\0\0\0\0\0\0\x08\0\0\0\0\0\0\0\0\0\0\0\0\0\0\0\xde\
\x07\0\0\x09\0\0\0\x40\0\0\0\0\0\0\0\0\0\0\0\0\0\0\0\xf8\x3f\0\0\0\0\0\0\x90\0\
\0\0\0\0\0\0\x02\0\0\0\x03\0\0\0\x08\0\0\0\0\0\0\0\x10\0\0\0\0\0\0\0\xe8\x07\0\
\0\x09\0\0\0\x40\0\0\0\0\0\0\0\0\0\0\0\0\0\0\0\x88\x40\0\0\0\0\0\0\x70\x05\0\0\
\0\0\0\0\x02\0\0\0\x04\0\0\0\x08\0\0\0\0\0\0\0\x10\0\0\0\0\0\0\0\xf3\x07\0\0\
\x01\0\0\0\0\0\0\0\0\0\0\0\0\0\0\0\0\0\0\0\xf8\x45\0\0\0\0\0\0\xfe\x34\0\0\0\0\
\0\0\0\0\0\0\0\0\0\0\x08\0\0\0\0\0\0\0\0\0\0\0\0\0\0\0\xf8\x07\0\0\x01\0\0\0\0\
\0\0\0\0\0\0\0\0\0\0\0\0\0\0\0\xf8\x7a\0\0\0\0\0\0\x98\x19\0\0\0\0\0\0\0\0\0\0\
\0\0\0\0\x08\0\0\0\0\0\0\0\0\0\0\0\0\0\0\0";

	*sz = sizeof(data) - 1;
	return (const void *)data;
}

#ifdef __cplusplus
struct radostrace_bpf *radostrace_bpf::open(const struct bpf_object_open_opts *opts) { return radostrace_bpf__open_opts(opts); }
struct radostrace_bpf *radostrace_bpf::open_and_load() { return radostrace_bpf__open_and_load(); }
int radostrace_bpf::load(struct radostrace_bpf *skel) { return radostrace_bpf__load(skel); }
int radostrace_bpf::attach(struct radostrace_bpf *skel) { return radostrace_bpf__attach(skel); }
void radostrace_bpf::detach(struct radostrace_bpf *skel) { radostrace_bpf__detach(skel); }
void radostrace_bpf::destroy(struct radostrace_bpf *skel) { radostrace_bpf__destroy(skel); }
const void *radostrace_bpf::elf_bytes(size_t *sz) { return radostrace_bpf__elf_bytes(sz); }
#endif /* __cplusplus */

__attribute__((unused)) static void
radostrace_bpf__assert(struct radostrace_bpf *s __attribute__((unused)))
{
#ifdef __cplusplus
#define _Static_assert static_assert
#endif
	_Static_assert(sizeof(s->rodata->CEPH_OSD_OP_SIZE) == 4, "unexpected size of 'CEPH_OSD_OP_SIZE'");
	_Static_assert(sizeof(s->rodata->CEPH_OSD_OP_EXTENT_OFFSET_OFFSET) == 4, "unexpected size of 'CEPH_OSD_OP_EXTENT_OFFSET_OFFSET'");
	_Static_assert(sizeof(s->rodata->CEPH_OSD_OP_EXTENT_LENGTH_OFFSET) == 4, "unexpected size of 'CEPH_OSD_OP_EXTENT_LENGTH_OFFSET'");
	_Static_assert(sizeof(s->rodata->CEPH_OSD_OP_CLS_CLASS_OFFSET) == 4, "unexpected size of 'CEPH_OSD_OP_CLS_CLASS_OFFSET'");
	_Static_assert(sizeof(s->rodata->CEPH_OSD_OP_CLS_METHOD_OFFSET) == 4, "unexpected size of 'CEPH_OSD_OP_CLS_METHOD_OFFSET'");
	_Static_assert(sizeof(s->rodata->CEPH_OSD_OP_BUFFER_CARRIAGE_OFFSET) == 4, "unexpected size of 'CEPH_OSD_OP_BUFFER_CARRIAGE_OFFSET'");
	_Static_assert(sizeof(s->rodata->CEPH_OSD_OP_BUFFER_RAW_OFFSET) == 4, "unexpected size of 'CEPH_OSD_OP_BUFFER_RAW_OFFSET'");
	_Static_assert(sizeof(s->rodata->CEPH_OSD_OP_BUFFER_DATA_OFFSET) == 4, "unexpected size of 'CEPH_OSD_OP_BUFFER_DATA_OFFSET'");
#ifdef __cplusplus
#undef _Static_assert
#endif
}

#endif /* __RADOSTRACE_BPF_SKEL_H__ */
